# Stanford Bunny - lower-resolution manifold (watertight) version.
# Source: odedstein/meshes (github.com/odedstein/meshes), derived from the
# Stanford 3D Scanning Repository (graphics.stanford.edu/data/3Dscanrep).
# Rescaled/recentered onto the previously-bundled bunny's bounds. Non-commercial;
# please credit the Stanford Computer Graphics Laboratory.
v 0.041269 0.054493 0.032042
v 0.039951 0.057112 0.031887
v 0.036600 0.055757 0.032734
v 0.044085 0.057556 0.031800
v 0.038632 0.059731 0.031732
v 0.038223 0.051634 0.031802
v 0.045870 0.053580 0.032186
v 0.041751 0.060432 0.030174
v 0.036375 0.059588 0.035835
v 0.042797 0.050229 0.032429
v 0.034205 0.052482 0.033539
v 0.048661 0.057200 0.031421
v 0.046303 0.061178 0.030613
v 0.040340 0.063637 0.030882
v 0.033870 0.056018 0.036560
v 0.038317 0.063302 0.034560
v 0.039493 0.047079 0.031819
v 0.035106 0.048814 0.031200
v 0.049766 0.052765 0.029605
v 0.046792 0.049467 0.029827
v 0.043176 0.063855 0.028060
v 0.033054 0.059729 0.039168
v 0.035509 0.063172 0.038203
v 0.043615 0.046381 0.029637
v 0.031058 0.052542 0.036774
v 0.031542 0.049038 0.034003
v 0.052646 0.056339 0.028994
v 0.051106 0.061013 0.030074
v 0.048217 0.064831 0.028704
v 0.041973 0.067090 0.028970
v 0.039619 0.066892 0.032618
v 0.030423 0.056178 0.039622
v 0.037297 0.066674 0.036462
v 0.040008 0.043587 0.028605
v 0.035981 0.044462 0.030219
v 0.031726 0.045825 0.031050
v 0.052919 0.052200 0.026234
v 0.050000 0.048971 0.026511
v 0.047073 0.046117 0.026436
v 0.044810 0.066956 0.025780
v 0.031545 0.063452 0.040867
v 0.029256 0.060041 0.042033
v 0.034099 0.066257 0.039441
v 0.043621 0.043587 0.025731
v 0.027491 0.052802 0.039542
v 0.028456 0.048956 0.037144
v 0.028878 0.045442 0.034570
v 0.055687 0.055628 0.025536
v 0.055075 0.060139 0.027586
v 0.053256 0.064790 0.027875
v 0.050011 0.068231 0.026069
v 0.043413 0.070462 0.026827
v 0.041078 0.070455 0.030711
v 0.038809 0.070231 0.034579
v 0.026603 0.056419 0.042313
v 0.035755 0.069883 0.037811
v 0.035812 0.041275 0.027022
v 0.039855 0.041189 0.024734
v 0.031896 0.042079 0.028787
v 0.028590 0.042255 0.031697
v 0.052677 0.048542 0.022888
v 0.055836 0.051794 0.022521
v 0.049820 0.045947 0.022903
v 0.047017 0.043733 0.022481
v 0.046352 0.069750 0.023163
v 0.027320 0.064182 0.043755
v 0.030106 0.066059 0.041691
v 0.025259 0.060132 0.044643
v 0.032329 0.069332 0.040358
v 0.043177 0.041450 0.021660
v 0.024637 0.049341 0.039446
v 0.023833 0.052971 0.042296
v 0.026039 0.045288 0.037760
v 0.026078 0.041938 0.035210
v 0.057700 0.059145 0.023982
v 0.058181 0.055518 0.021495
v 0.057103 0.063850 0.025191
v 0.054937 0.068353 0.024721
v 0.051323 0.070792 0.022571
v 0.044336 0.074007 0.024561
v 0.042365 0.074182 0.028772
v 0.040158 0.073992 0.032761
v 0.037505 0.073662 0.036404
v 0.023033 0.056295 0.045338
v 0.034339 0.073229 0.039579
v 0.036465 0.039285 0.023742
v 0.030583 0.038549 0.025692
v 0.039275 0.039409 0.020669
v 0.027767 0.039023 0.028671
v 0.025296 0.038917 0.032048
v 0.050899 0.045229 0.018977
v 0.054932 0.048814 0.018955
v 0.057756 0.052541 0.018307
v 0.046267 0.042157 0.018287
v 0.047758 0.071656 0.020361
v 0.047127 0.073555 0.020718
v 0.028668 0.068666 0.042515
v 0.023374 0.064044 0.046156
v 0.021656 0.059987 0.047612
v 0.030524 0.072863 0.041800
v 0.032963 0.037883 0.022778
v 0.042208 0.039975 0.017425
v 0.022766 0.045647 0.040884
v 0.020842 0.049726 0.041909
v 0.020549 0.052553 0.045638
v 0.023847 0.041616 0.038862
v 0.023234 0.038495 0.035730
v 0.059341 0.060131 0.020262
v 0.059142 0.062060 0.021630
v 0.059554 0.056749 0.017676
v 0.058479 0.067162 0.021824
v 0.055749 0.071221 0.020761
v 0.051627 0.072529 0.018519
v 0.043475 0.078015 0.026867
v 0.045224 0.077837 0.022578
v 0.041295 0.077891 0.030949
v 0.038852 0.077566 0.034790
v 0.035950 0.077161 0.038259
v 0.025096 0.068242 0.045135
v 0.019242 0.056149 0.047998
v 0.032839 0.076662 0.041491
v 0.035521 0.037659 0.019715
v 0.026164 0.036794 0.025068
v 0.028875 0.036455 0.021989
v 0.038269 0.037997 0.016515
v 0.023697 0.036642 0.028403
v 0.021590 0.036135 0.031957
v 0.053273 0.046487 0.015097
v 0.056582 0.050000 0.014783
v 0.058841 0.054007 0.014237
v 0.049140 0.043309 0.014776
v 0.044964 0.040903 0.014027
v 0.047330 0.073344 0.016511
v 0.046147 0.077561 0.018490
v 0.026873 0.072429 0.044336
v 0.021572 0.067866 0.047886
v 0.019495 0.063881 0.048606
v 0.017304 0.059997 0.049343
v 0.029387 0.076207 0.044341
v 0.031525 0.036189 0.018892
v 0.040939 0.038869 0.013183
v 0.018678 0.046026 0.042708
v 0.020740 0.042006 0.042114
v 0.017269 0.049693 0.044722
v 0.016218 0.052909 0.047318
v 0.021217 0.038153 0.039543
v 0.019688 0.035653 0.035703
v 0.060250 0.061061 0.017504
v 0.060273 0.065058 0.018199
v 0.060355 0.058258 0.013923
v 0.059027 0.069443 0.017548
v 0.055602 0.072319 0.016094
v 0.051390 0.073536 0.014392
v 0.044409 0.081946 0.025011
v 0.042424 0.081830 0.029164
v 0.045672 0.081833 0.020638
v 0.040152 0.081534 0.033206
v 0.037385 0.081139 0.036843
v 0.034481 0.080660 0.040387
v 0.023611 0.071888 0.047347
v 0.014939 0.056240 0.049689
v 0.031057 0.080189 0.043299
v 0.034241 0.036342 0.015657
v 0.024526 0.035282 0.021399
v 0.021844 0.035137 0.024639
v 0.027307 0.035070 0.018173
v 0.036972 0.036900 0.012353
v 0.019427 0.034978 0.028072
v 0.017232 0.034731 0.031676
v 0.051338 0.044829 0.011105
v 0.054868 0.048066 0.011104
v 0.057545 0.051695 0.010623
v 0.059383 0.055809 0.010144
v 0.047403 0.042187 0.010564
v 0.043437 0.040044 0.009775
v 0.047129 0.074250 0.012561
v 0.046510 0.077799 0.014561
v 0.046009 0.081767 0.016414
v 0.025704 0.075840 0.046892
v 0.017918 0.067544 0.050609
v 0.020158 0.071426 0.050194
v 0.015653 0.063674 0.051151
v 0.013079 0.059944 0.051178
v 0.027450 0.079745 0.045988
v 0.030050 0.034996 0.014906
v 0.039498 0.038021 0.008958
v 0.014712 0.046267 0.044421
v 0.016665 0.042476 0.043781
v 0.018267 0.038584 0.042923
v 0.013529 0.049493 0.047056
v 0.012462 0.052516 0.050029
v 0.017740 0.035339 0.039583
v 0.015070 0.034545 0.035235
v 0.060946 0.062564 0.014020
v 0.060554 0.066681 0.013882
v 0.060647 0.059973 0.009945
v 0.058542 0.070404 0.013020
v 0.055168 0.072942 0.011527
v 0.050576 0.072993 0.010354
v 0.044799 0.085897 0.022942
v 0.043273 0.085794 0.027272
v 0.041102 0.085525 0.031389
v 0.045466 0.085844 0.018523
v 0.038606 0.085148 0.035296
v 0.035578 0.084689 0.038773
v 0.032599 0.084196 0.042241
v 0.022315 0.075315 0.049775
v 0.011080 0.055975 0.052310
v 0.028775 0.083705 0.044657
v 0.032797 0.035403 0.011546
v 0.020067 0.034815 0.020847
v 0.022934 0.034762 0.017590
v 0.017396 0.034697 0.024202
v 0.025611 0.034436 0.014181
v 0.035387 0.036401 0.008166
v 0.014910 0.034652 0.027718
v 0.012517 0.034747 0.031195
v 0.049414 0.043879 0.007070
v 0.052798 0.046734 0.007455
v 0.055605 0.050034 0.007100
v 0.057902 0.053759 0.006515
v 0.059202 0.057984 0.005981
v 0.045598 0.041700 0.006393
v 0.041779 0.039571 0.005537
v 0.046522 0.078188 0.010350
v 0.046777 0.074569 0.008667
v 0.046244 0.081899 0.012216
v 0.045789 0.085851 0.014192
v 0.024060 0.079299 0.048939
v 0.016112 0.071172 0.052357
v 0.013911 0.067369 0.052981
v 0.018444 0.074932 0.052127
v 0.011416 0.063595 0.053115
v 0.008979 0.059814 0.053289
v 0.025408 0.083277 0.047668
v 0.028416 0.034543 0.010804
v 0.037709 0.037962 0.004792
v 0.010745 0.046442 0.045974
v 0.012486 0.042830 0.045086
v 0.014197 0.039142 0.044434
v 0.015198 0.035777 0.042952
v 0.009681 0.049092 0.049418
v 0.008260 0.052264 0.052044
v 0.012765 0.034506 0.038800
v 0.010225 0.034827 0.034784
v 0.060656 0.063842 0.010025
v 0.060133 0.067571 0.010020
v 0.059391 0.062233 0.005889
v 0.057902 0.070654 0.008305
v 0.053669 0.072063 0.007190
v 0.048852 0.071921 0.006797
v 0.043450 0.089749 0.025150
v 0.044862 0.089859 0.020788
v 0.041573 0.089486 0.029372
v 0.039352 0.089135 0.033448
v 0.045279 0.089848 0.016291
v 0.036889 0.088726 0.037404
v 0.033944 0.088208 0.040963
v 0.030270 0.087665 0.043721
v 0.020279 0.078884 0.051379
v 0.006409 0.056165 0.053222
v 0.026575 0.087207 0.046285
v 0.031104 0.035268 0.007409
v 0.015563 0.035077 0.020278
v 0.018407 0.035750 0.016972
v 0.021239 0.035798 0.013523
v 0.012889 0.034512 0.023695
v 0.023960 0.035074 0.010145
v 0.033529 0.036675 0.004069
v 0.010244 0.034978 0.027604
v 0.008830 0.037978 0.030791
v 0.047404 0.043784 0.003037
v 0.050918 0.045963 0.003670
v 0.053648 0.048857 0.003831
v 0.055728 0.052231 0.003237
v 0.056923 0.056318 0.002637
v 0.057568 0.060673 0.002272
v 0.043562 0.041918 0.002399
v 0.039745 0.039998 0.001538
v 0.046221 0.078064 0.006217
v 0.046281 0.081980 0.007935
v 0.046669 0.074162 0.004689
v 0.046057 0.085888 0.009828
v 0.045570 0.089823 0.011845
v 0.021591 0.082788 0.049943
v 0.014218 0.074650 0.053882
v 0.011875 0.071105 0.054407
v 0.009637 0.067339 0.054851
v 0.016249 0.078427 0.053343
v 0.007329 0.063446 0.055417
v 0.004672 0.059853 0.055090
v 0.022898 0.086785 0.048810
v 0.026690 0.034487 0.006728
v 0.035674 0.038557 0.000712
v 0.006933 0.045878 0.048401
v 0.008152 0.043276 0.045188
v 0.010136 0.039486 0.045188
v 0.012138 0.035870 0.044651
v 0.010158 0.034870 0.042096
v 0.005444 0.048909 0.051257
v 0.003782 0.052286 0.053680
v 0.008905 0.034692 0.036940
v 0.007014 0.038192 0.034574
v 0.058964 0.066680 0.006370
v 0.057378 0.065109 0.002694
v 0.056249 0.069279 0.004251
v 0.051617 0.070202 0.003761
v 0.046882 0.070101 0.004068
v 0.043653 0.093730 0.023036
v 0.041979 0.093489 0.027360
v 0.044430 0.093755 0.018490
v 0.039813 0.093107 0.031487
v 0.037640 0.092732 0.035620
v 0.044903 0.093767 0.013953
v 0.034802 0.092201 0.039326
v 0.031379 0.091569 0.042437
v 0.027688 0.091043 0.045093
v 0.017673 0.082323 0.052064
v 0.001874 0.056541 0.054195
v 0.024021 0.090791 0.047469
v 0.029255 0.035671 0.003366
v 0.013782 0.034974 0.016212
v 0.011098 0.034510 0.019564
v 0.016637 0.035491 0.012841
v 0.019462 0.035405 0.009448
v 0.008136 0.034759 0.023776
v 0.022289 0.034970 0.006048
v 0.031539 0.037542 0.000123
v 0.006060 0.038114 0.027533
v 0.007585 0.034556 0.039095
v 0.004173 0.039068 0.031306
v 0.048711 0.046597 0.000131
v 0.045142 0.044627 -0.000623
v 0.051802 0.048620 0.001154
v 0.053127 0.050993 0.000254
v 0.054447 0.054757 -0.000480
v 0.055284 0.058970 -0.001029
v 0.054636 0.063162 -0.000297
v 0.041231 0.043000 -0.001223
v 0.037448 0.041290 -0.002102
v 0.045806 0.081732 0.003733
v 0.045532 0.077361 0.002232
v 0.045853 0.085775 0.005504
v 0.044891 0.072576 0.001157
v 0.045874 0.089802 0.007385
v 0.045183 0.093732 0.009420
v 0.018797 0.086122 0.050443
v 0.009884 0.074514 0.055583
v 0.012206 0.077714 0.054672
v 0.007378 0.071319 0.056038
v 0.005073 0.067479 0.055812
v 0.013649 0.081798 0.053775
v 0.002740 0.063583 0.056653
v 0.000034 0.060354 0.055525
v 0.019945 0.090067 0.049136
v 0.024910 0.034950 0.002720
v 0.033468 0.040533 -0.002459
v 0.002542 0.046515 0.048959
v 0.004065 0.043755 0.045826
v 0.006001 0.039605 0.045726
v 0.008191 0.035752 0.045454
v 0.005673 0.034644 0.042789
v 0.000881 0.049471 0.051872
v -0.000953 0.052729 0.054732
v 0.004599 0.035547 0.036705
v 0.002339 0.039096 0.035196
v 0.053590 0.067067 0.001221
v 0.049220 0.067832 0.001100
v 0.044920 0.067994 0.001349
v 0.043065 0.097536 0.020674
v 0.041789 0.097363 0.025120
v 0.039984 0.097042 0.029404
v 0.043682 0.097562 0.016093
v 0.037697 0.096597 0.033444
v 0.035032 0.096039 0.037231
v 0.044096 0.097597 0.011517
v 0.031931 0.095369 0.040658
v 0.028324 0.094508 0.043512
v 0.024988 0.095216 0.045752
v 0.014824 0.085566 0.052335
v -0.002742 0.057296 0.054123
v 0.020847 0.094121 0.047316
v 0.027351 0.036949 -0.000367
v 0.012055 0.034882 0.012145
v 0.009346 0.034417 0.015589
v 0.006952 0.034272 0.018925
v 0.014892 0.035449 0.008756
v 0.017794 0.035276 0.005338
v 0.003360 0.037661 0.024619
v 0.020671 0.034528 0.001911
v 0.029585 0.039821 -0.003120
v 0.001421 0.038889 0.028236
v 0.002855 0.034748 0.040064
v -0.000482 0.038982 0.032013
v 0.049989 0.049493 -0.001871
v 0.046693 0.047615 -0.003318
v 0.042789 0.046010 -0.004023
v 0.051440 0.053159 -0.002869
v 0.052314 0.057354 -0.003278
v 0.051999 0.061356 -0.003087
v 0.050498 0.064570 -0.001263
v 0.038796 0.044601 -0.004525
v 0.034948 0.043740 -0.004757
v 0.044870 0.081253 -0.000317
v 0.044969 0.085403 0.001254
v 0.044076 0.075155 -0.001925
v 0.045302 0.089510 0.002941
v 0.043143 0.070460 -0.002188
v 0.044973 0.093559 0.004887
v 0.044212 0.097515 0.006938
v 0.015913 0.089258 0.050982
v 0.008589 0.076464 0.055898
v 0.009648 0.081182 0.054995
v 0.002519 0.071764 0.056375
v 0.000464 0.067856 0.056508
v 0.011066 0.085210 0.054430
v -0.001956 0.064158 0.056728
v -0.004586 0.061057 0.055472
v 0.016797 0.093003 0.049196
v 0.023319 0.035951 -0.001247
v 0.004973 0.034933 0.021901
v 0.032141 0.043433 -0.004853
v -0.000176 0.044247 0.046510
v -0.001866 0.047153 0.049313
v 0.001790 0.039903 0.046503
v 0.003941 0.035748 0.046180
v 0.001240 0.034634 0.043542
v -0.003681 0.050097 0.052017
v -0.005500 0.053842 0.053663
v 0.000182 0.036328 0.037800
v -0.002249 0.039286 0.035968
v 0.046174 0.065244 -0.000841
v 0.044459 0.077316 -0.001445
v 0.042885 0.066021 -0.002062
v 0.041966 0.101204 0.018170
v 0.041170 0.101131 0.022709
v 0.039682 0.100863 0.027080
v 0.037546 0.100408 0.031162
v 0.042512 0.101268 0.013615
v 0.035032 0.099809 0.035027
v 0.032097 0.099080 0.038601
v 0.042767 0.101273 0.009038
v 0.028699 0.097992 0.041697
v 0.025202 0.097746 0.044271
v 0.021808 0.098721 0.045940
v 0.012216 0.088921 0.053422
v 0.004319 0.075970 0.056497
v -0.007297 0.057716 0.054877
v 0.017700 0.097131 0.047665
v 0.025555 0.039025 -0.004052
v 0.007609 0.034189 0.011586
v 0.010273 0.035405 0.008135
v 0.005021 0.034034 0.015161
v 0.002761 0.034659 0.018483
v 0.013188 0.035090 0.004721
v 0.016198 0.034059 0.001340
v -0.001136 0.038600 0.025055
v 0.000851 0.036977 0.021617
v 0.019087 0.035529 -0.001909
v 0.027835 0.043080 -0.005830
v -0.003138 0.038702 0.028782
v -0.001566 0.034958 0.040974
v -0.005027 0.038876 0.032552
v 0.047952 0.051483 -0.004687
v 0.043988 0.049873 -0.005881
v 0.039855 0.048516 -0.006137
v 0.048993 0.055698 -0.005062
v 0.049787 0.060137 -0.004052
v 0.046454 0.062146 -0.003093
v 0.035641 0.047469 -0.006265
v 0.030727 0.047143 -0.006710
v 0.043831 0.084828 -0.002832
v 0.043300 0.080683 -0.004048
v 0.044523 0.089058 -0.001423
v 0.042504 0.073104 -0.005673
v 0.042700 0.076900 -0.004939
v 0.044124 0.093112 0.000488
v 0.041685 0.068734 -0.005865
v 0.043552 0.097153 0.002453
v 0.042515 0.101072 0.004519
v 0.013157 0.092278 0.052124
v 0.005812 0.080615 0.056703
v 0.007276 0.085017 0.056256
v -0.001857 0.071731 0.058014
v 0.000059 0.075775 0.058029
v -0.004044 0.068251 0.056758
v 0.008808 0.090270 0.054469
v -0.006496 0.064818 0.056220
v -0.009084 0.061643 0.055544
v 0.013666 0.095700 0.049402
v 0.021582 0.037624 -0.004850
v -0.004515 0.044775 0.047220
v -0.002477 0.040207 0.047533
v -0.006331 0.047777 0.049500
v -0.000276 0.035893 0.047093
v -0.003112 0.034584 0.044545
v -0.008146 0.051028 0.051636
v -0.009765 0.054988 0.052648
v -0.004221 0.036793 0.038739
v -0.006724 0.039355 0.036582
v 0.042384 0.063401 -0.002699
v 0.040592 0.064334 -0.005906
v 0.040164 0.104791 0.020240
v 0.040798 0.104878 0.015711
v 0.039221 0.104667 0.024745
v 0.037344 0.104255 0.028919
v 0.034746 0.103547 0.032694
v 0.041102 0.104898 0.011166
v 0.031981 0.102760 0.036313
v 0.028800 0.101679 0.039570
v 0.041133 0.104858 0.006625
v 0.025415 0.100276 0.042789
v 0.018235 0.101260 0.045797
v 0.001552 0.080096 0.057333
v -0.011527 0.058888 0.053882
v 0.014340 0.099780 0.047740
v 0.024192 0.042003 -0.007585
v 0.003240 0.034121 0.011217
v 0.005807 0.034873 0.007504
v 0.008456 0.034925 0.003994
v 0.000769 0.034773 0.014752
v -0.001159 0.037031 0.018077
v 0.011512 0.033898 0.000624
v 0.014722 0.034164 -0.002878
v -0.005594 0.038447 0.025208
v -0.003421 0.038370 0.021551
v 0.018302 0.035074 -0.006156
v 0.027444 0.045679 -0.009496
v -0.007616 0.038575 0.028984
v -0.005893 0.035248 0.041889
v -0.009519 0.038795 0.032935
v 0.044999 0.054068 -0.005956
v 0.041030 0.052588 -0.006131
v 0.037004 0.051406 -0.006447
v 0.045795 0.058231 -0.005106
v 0.033090 0.050746 -0.007550
v 0.042451 0.084068 -0.006816
v 0.043019 0.088332 -0.005511
v 0.041530 0.079881 -0.007692
v 0.042915 0.092497 -0.003769
v 0.040440 0.071696 -0.009166
v 0.040616 0.075875 -0.008356
v 0.042307 0.096541 -0.001832
v 0.039835 0.067364 -0.009676
v 0.041754 0.100625 0.000081
v 0.040758 0.104590 0.002122
v 0.021996 0.102722 0.043427
v 0.009673 0.094579 0.051451
v 0.003083 0.084622 0.057071
v 0.004501 0.089289 0.055848
v -0.006331 0.072020 0.057514
v -0.004417 0.075579 0.058446
v -0.002776 0.079621 0.058023
v -0.008468 0.068696 0.056276
v -0.010886 0.065476 0.055253
v -0.013136 0.062954 0.054397
v 0.010372 0.098188 0.049235
v 0.020534 0.038054 -0.008816
v 0.030123 0.049208 -0.010599
v -0.008902 0.045170 0.047972
v -0.006719 0.040496 0.048879
v -0.004519 0.035918 0.048404
v -0.010811 0.048422 0.049621
v -0.007436 0.034581 0.045470
v -0.012466 0.052012 0.050735
v -0.014081 0.056147 0.051589
v -0.008511 0.037149 0.039494
v -0.011083 0.039357 0.037103
v 0.041883 0.060782 -0.003335
v 0.038499 0.063112 -0.009718
v 0.038763 0.108311 0.017721
v 0.038171 0.108266 0.022221
v 0.039149 0.108370 0.013252
v 0.036916 0.108074 0.026617
v 0.034487 0.107378 0.030462
v 0.031929 0.106631 0.034257
v 0.039193 0.108329 0.008800
v 0.028684 0.105417 0.037282
v 0.025267 0.103888 0.040105
v 0.038865 0.108097 0.004346
v 0.018280 0.105091 0.043176
v 0.014617 0.103767 0.045515
v 0.005618 0.093617 0.053526
v -0.001245 0.084012 0.057674
v -0.015611 0.060226 0.052674
v 0.010714 0.101835 0.046746
v 0.024485 0.044485 -0.012304
v 0.022304 0.041210 -0.010675
v -0.000905 0.035535 0.010907
v 0.001552 0.034366 0.007164
v 0.004055 0.033946 0.003438
v 0.006753 0.033878 -0.000227
v -0.002836 0.037638 0.014340
v -0.005483 0.038116 0.017784
v 0.009880 0.034047 -0.003844
v 0.013466 0.034221 -0.007059
v -0.010007 0.038354 0.025113
v -0.007825 0.038282 0.021402
v 0.017523 0.034868 -0.010324
v 0.027635 0.047320 -0.013680
v -0.012116 0.038479 0.029005
v -0.010158 0.035438 0.042670
v -0.014150 0.038695 0.033108
v 0.041729 0.056775 -0.005452
v 0.038457 0.055557 -0.006320
v 0.035175 0.054661 -0.008683
v 0.032235 0.053104 -0.011322
v 0.039618 0.059959 -0.006455
v 0.040580 0.083139 -0.010580
v 0.041339 0.087462 -0.009481
v 0.041393 0.091730 -0.007843
v 0.039058 0.079024 -0.010924
v 0.040614 0.095774 -0.005872
v 0.038003 0.070510 -0.012588
v 0.038448 0.074798 -0.011791
v 0.040326 0.099933 -0.004157
v 0.037091 0.066208 -0.013063
v 0.039104 0.103677 -0.002016
v 0.037801 0.107485 0.000070
v 0.021628 0.106168 0.040274
v 0.006367 0.097081 0.050807
v 0.000152 0.088476 0.056689
v 0.001510 0.092930 0.055415
v -0.008811 0.075660 0.057982
v -0.010635 0.072512 0.056609
v -0.007238 0.079162 0.058277
v -0.005701 0.083241 0.057454
v -0.013008 0.069118 0.055060
v -0.016518 0.064853 0.052680
v 0.006870 0.099720 0.047592
v 0.019971 0.038769 -0.012862
v 0.030106 0.051031 -0.014446
v -0.010949 0.040676 0.050228
v -0.013230 0.044932 0.049172
v -0.008861 0.035985 0.049529
v -0.014980 0.048666 0.048975
v -0.011729 0.034623 0.046389
v -0.016829 0.053008 0.049151
v -0.018234 0.057458 0.049981
v -0.012670 0.037387 0.040209
v -0.015427 0.039255 0.037448
v 0.036909 0.058869 -0.009441
v 0.035775 0.061926 -0.013161
v 0.036858 0.111598 0.015231
v 0.036514 0.111588 0.019605
v 0.035660 0.111486 0.023983
v 0.036950 0.111571 0.010904
v 0.034023 0.111156 0.028136
v 0.031589 0.110441 0.031952
v 0.028730 0.109486 0.035421
v 0.036865 0.111515 0.006533
v 0.025347 0.108019 0.038227
v 0.036340 0.111252 0.002155
v 0.014357 0.106832 0.042044
v 0.018022 0.108677 0.040394
v 0.010650 0.105186 0.043862
v 0.002438 0.096443 0.052819
v -0.004269 0.087579 0.056862
v -0.018931 0.061983 0.050128
v 0.006927 0.102976 0.044990
v 0.024723 0.045804 -0.016701
v 0.021880 0.042622 -0.015267
v -0.002111 0.037313 0.007016
v -0.004504 0.038235 0.010519
v 0.000316 0.036824 0.003353
v 0.003048 0.036693 -0.000286
v 0.006252 0.036524 -0.004317
v -0.007321 0.038188 0.013908
v -0.009862 0.038101 0.017445
v 0.009523 0.035818 -0.007966
v 0.012270 0.034087 -0.010931
v -0.014413 0.038234 0.024901
v -0.012190 0.038145 0.021104
v 0.017642 0.036237 -0.015114
v 0.027379 0.049298 -0.017528
v -0.016694 0.038369 0.028840
v -0.014309 0.035583 0.043448
v -0.018565 0.039059 0.037447
v 0.034365 0.057207 -0.012364
v 0.031539 0.055239 -0.014497
v 0.038319 0.082149 -0.014163
v 0.039122 0.086494 -0.013176
v 0.038983 0.090669 -0.011399
v 0.038568 0.094818 -0.009574
v 0.036423 0.078012 -0.014103
v 0.038309 0.099045 -0.008023
v 0.035332 0.073698 -0.014549
v 0.035038 0.069402 -0.015673
v 0.037884 0.103159 -0.006338
v 0.034054 0.065150 -0.016253
v 0.036467 0.106837 -0.004154
v 0.035215 0.110713 -0.002143
v 0.021559 0.110277 0.038137
v 0.002919 0.098667 0.049599
v -0.002882 0.091838 0.055973
v -0.001656 0.095798 0.054066
v -0.011826 0.078301 0.057472
v -0.012749 0.076561 0.057166
v -0.015064 0.072990 0.055790
v -0.010228 0.082451 0.057898
v -0.008837 0.086787 0.057276
v -0.017952 0.069396 0.053783
v -0.020193 0.066376 0.050668
v 0.003181 0.100743 0.046180
v 0.019671 0.039771 -0.015874
v 0.015556 0.034439 -0.013461
v 0.029015 0.053395 -0.017493
v -0.019316 0.038569 0.032935
v -0.015184 0.040728 0.051719
v -0.013186 0.035998 0.050742
v -0.017236 0.044738 0.050979
v -0.018661 0.048588 0.050009
v -0.016001 0.034606 0.047341
v -0.020791 0.054740 0.046494
v -0.021080 0.059394 0.046572
v -0.016633 0.037616 0.040814
v 0.032654 0.061014 -0.016678
v 0.034618 0.114731 0.012805
v 0.034539 0.114763 0.017032
v 0.034113 0.114747 0.021282
v 0.032987 0.114583 0.025495
v 0.034639 0.114782 0.008614
v 0.030960 0.114101 0.029447
v 0.028374 0.113341 0.033097
v 0.025133 0.112017 0.035982
v 0.034271 0.114644 0.004362
v 0.033474 0.114306 0.000074
v 0.014047 0.110684 0.039848
v 0.010320 0.108570 0.041053
v 0.017706 0.112568 0.038123
v 0.006598 0.106422 0.042239
v -0.000957 0.098539 0.051539
v -0.007258 0.090860 0.056950
v -0.021823 0.063873 0.046933
v 0.003056 0.103822 0.043276
v 0.021122 0.044890 -0.019302
v 0.023763 0.048351 -0.020061
v 0.019370 0.040773 -0.018886
v -0.006504 0.038413 0.006485
v -0.003861 0.038556 0.002985
v -0.009133 0.038268 0.009924
v -0.001140 0.038661 -0.000569
v 0.002253 0.038751 -0.004824
v 0.006115 0.038394 -0.009323
v -0.011746 0.038142 0.013420
v -0.014200 0.038054 0.017004
v 0.008550 0.035926 -0.012191
v 0.011284 0.034224 -0.014812
v -0.016505 0.038087 0.020712
v -0.018805 0.038101 0.024562
v 0.017031 0.037505 -0.018607
v 0.014675 0.034488 -0.017619
v 0.026338 0.051815 -0.020871
v -0.021229 0.038232 0.028448
v -0.021019 0.049921 0.046594
v -0.018387 0.035646 0.044070
v -0.020582 0.037496 0.040836
v -0.022281 0.038794 0.036959
v 0.030620 0.057365 -0.017068
v 0.036329 0.085480 -0.016447
v 0.035092 0.081180 -0.016988
v 0.036798 0.089786 -0.015154
v 0.036069 0.093711 -0.012907
v 0.036042 0.098000 -0.011543
v 0.033880 0.076911 -0.017505
v 0.035887 0.102296 -0.010261
v 0.032904 0.072648 -0.018080
v 0.031885 0.068413 -0.018569
v 0.034891 0.106135 -0.008281
v 0.030511 0.064251 -0.018950
v 0.033752 0.110064 -0.006352
v 0.032143 0.113733 -0.004141
v 0.021211 0.114237 0.035934
v -0.000639 0.099662 0.048803
v -0.005905 0.094868 0.055151
v -0.004842 0.098386 0.051670
v -0.014668 0.081510 0.057198
v -0.016982 0.077043 0.056250
v -0.019448 0.073748 0.054139
v -0.013922 0.086312 0.057247
v -0.011991 0.089913 0.057029
v -0.021516 0.070796 0.051211
v -0.023004 0.068249 0.047541
v -0.000541 0.102126 0.045494
v 0.027539 0.056111 -0.020175
v -0.023874 0.038437 0.032434
v -0.017525 0.036003 0.052166
v -0.019589 0.040695 0.053179
v -0.021676 0.044812 0.052426
v -0.023782 0.047880 0.049851
v -0.020320 0.034628 0.048254
v -0.023324 0.056774 0.043055
v -0.023139 0.051896 0.043094
v -0.023591 0.061470 0.043084
v 0.029414 0.060100 -0.019898
v 0.032157 0.117729 0.014497
v 0.032120 0.117773 0.010436
v 0.031941 0.117679 0.018656
v 0.031398 0.117678 0.022727
v 0.029888 0.117387 0.026695
v 0.031886 0.117764 0.006484
v 0.027521 0.116758 0.030313
v 0.024484 0.115642 0.033314
v 0.031330 0.117631 0.002380
v 0.030074 0.116999 -0.001738
v 0.013719 0.114658 0.037842
v 0.010019 0.112624 0.039427
v 0.006358 0.110492 0.040967
v 0.017404 0.116662 0.036238
v 0.002754 0.108197 0.042456
v -0.010099 0.093338 0.055649
v -0.024459 0.065937 0.043617
v -0.000877 0.105920 0.043840
v 0.018249 0.043465 -0.022672
v 0.019797 0.047736 -0.022069
v 0.022695 0.050919 -0.023517
v 0.015727 0.039917 -0.022042
v -0.008304 0.038457 0.002355
v -0.010959 0.038308 0.005835
v -0.005589 0.038688 -0.001124
v -0.013568 0.038189 0.009321
v -0.002847 0.038878 -0.004537
v 0.002204 0.038750 -0.010672
v 0.004763 0.036855 -0.013632
v -0.016095 0.038076 0.012870
v -0.018512 0.038009 0.016514
v 0.007211 0.033928 -0.015886
v 0.010466 0.034096 -0.019238
v -0.020836 0.037929 0.020248
v -0.023202 0.037973 0.024054
v 0.013187 0.036773 -0.020998
v 0.024625 0.054936 -0.023520
v -0.025656 0.038082 0.027934
v -0.025591 0.049780 0.046073
v -0.022591 0.035239 0.044069
v -0.024760 0.037406 0.040549
v -0.026780 0.038392 0.036584
v 0.033645 0.088724 -0.018100
v 0.032966 0.084423 -0.019222
v 0.031609 0.080152 -0.019566
v 0.033441 0.092700 -0.016168
v 0.033264 0.096823 -0.014501
v 0.033071 0.101002 -0.013283
v 0.030818 0.075904 -0.020475
v 0.032500 0.105071 -0.011972
v 0.030048 0.071663 -0.021078
v 0.028661 0.067500 -0.021285
v 0.031360 0.108838 -0.009994
v 0.027324 0.063348 -0.021939
v 0.030070 0.112630 -0.007943
v 0.028400 0.116088 -0.005693
v 0.020939 0.118443 0.034125
v -0.004149 0.100101 0.047026
v -0.009056 0.097007 0.052794
v -0.018431 0.084936 0.056958
v -0.018827 0.080794 0.057561
v -0.021409 0.077917 0.055291
v -0.023094 0.075152 0.051976
v -0.013930 0.091457 0.056324
v -0.024265 0.072615 0.048186
v -0.025649 0.070287 0.044258
v -0.004423 0.103320 0.044594
v -0.000287 0.039047 -0.007674
v 0.026224 0.059116 -0.022978
v -0.028353 0.038166 0.031994
v -0.022127 0.036077 0.053323
v -0.024207 0.040755 0.053925
v -0.026398 0.044516 0.051864
v -0.028194 0.047155 0.048656
v -0.024886 0.034603 0.048346
v -0.025331 0.054178 0.039583
v -0.025785 0.059072 0.039625
v -0.027062 0.051171 0.041964
v -0.026303 0.063685 0.039985
v 0.029366 0.120409 0.016065
v 0.029389 0.120536 0.011966
v 0.029178 0.120526 0.008184
v 0.029058 0.120303 0.020072
v 0.028262 0.120255 0.023961
v 0.026441 0.119903 0.027546
v 0.028664 0.120397 0.004687
v 0.023863 0.119310 0.030899
v 0.027735 0.120000 0.000679
v 0.026373 0.119235 -0.003364
v 0.013303 0.118640 0.035845
v 0.009716 0.116762 0.037775
v 0.006164 0.114785 0.039840
v 0.002570 0.112651 0.041704
v 0.016812 0.120364 0.033860
v -0.001164 0.110158 0.042736
v -0.008235 0.099489 0.048931
v -0.013217 0.095452 0.053576
v -0.018014 0.089496 0.055846
v -0.027257 0.068231 0.040121
v -0.004781 0.107568 0.043724
v 0.015910 0.047130 -0.024201
v 0.013832 0.043168 -0.024255
v 0.018455 0.050549 -0.025241
v 0.020867 0.054172 -0.026098
v 0.011263 0.039951 -0.022972
v -0.012706 0.038356 0.001683
v -0.009983 0.038557 -0.001787
v -0.015354 0.038213 0.005168
v -0.007212 0.038722 -0.005204
v -0.017941 0.038111 0.008695
v -0.004473 0.038911 -0.008511
v -0.001810 0.038832 -0.011740
v 0.000765 0.037137 -0.014696
v 0.003151 0.033955 -0.016851
v -0.020419 0.037986 0.012294
v -0.022809 0.037841 0.015975
v 0.006172 0.033886 -0.020468
v 0.008964 0.036450 -0.022755
v -0.025109 0.037636 0.019677
v -0.027469 0.037456 0.023542
v 0.022557 0.058330 -0.025635
v -0.029930 0.037195 0.027461
v -0.029546 0.049022 0.044615
v -0.026710 0.034618 0.043565
v -0.028847 0.035923 0.039871
v -0.030931 0.036879 0.035867
v 0.029945 0.087565 -0.020390
v 0.030564 0.091765 -0.019288
v 0.029013 0.083339 -0.021294
v 0.028235 0.079120 -0.022504
v 0.030455 0.095760 -0.017416
v 0.030288 0.099799 -0.015768
v 0.028639 0.103309 -0.015472
v 0.027570 0.074932 -0.023362
v 0.028351 0.107409 -0.013443
v 0.026983 0.070838 -0.023535
v 0.025150 0.066722 -0.023733
v 0.027384 0.111192 -0.011340
v 0.023933 0.062488 -0.024735
v 0.026163 0.114790 -0.009268
v 0.024564 0.118029 -0.007149
v 0.020006 0.121549 0.031069
v -0.007875 0.100721 0.045441
v -0.012337 0.098385 0.049703
v -0.021952 0.087109 0.054925
v -0.022277 0.082586 0.055724
v -0.024692 0.079595 0.052895
v -0.025801 0.076926 0.049067
v -0.017392 0.093791 0.053836
v -0.026759 0.074634 0.044954
v -0.028288 0.072604 0.040970
v -0.008202 0.104513 0.043965
v -0.032389 0.036524 0.031279
v -0.028010 0.036108 0.052462
v -0.028736 0.040631 0.052696
v -0.030690 0.043695 0.050120
v -0.032215 0.045839 0.046604
v -0.029424 0.034524 0.046898
v -0.028860 0.056820 0.036900
v -0.028768 0.052960 0.038155
v -0.029042 0.061364 0.037614
v -0.030887 0.050820 0.040574
v -0.030155 0.065559 0.039305
v 0.026386 0.122803 0.017654
v 0.026425 0.122982 0.013561
v 0.026109 0.123077 0.008453
v 0.025968 0.122541 0.021370
v 0.024936 0.122535 0.024670
v 0.022876 0.122370 0.028014
v 0.025148 0.122706 0.003238
v 0.024045 0.122124 -0.000932
v 0.022508 0.121055 -0.004843
v 0.009297 0.120953 0.036045
v 0.012758 0.122504 0.033644
v 0.005658 0.118650 0.037607
v 0.002118 0.116752 0.039830
v -0.001548 0.114441 0.041495
v 0.015968 0.123557 0.030831
v -0.005185 0.111735 0.042356
v -0.011560 0.100923 0.045100
v -0.016393 0.096758 0.050225
v -0.021249 0.091393 0.053071
v -0.031375 0.069813 0.040102
v -0.008700 0.108977 0.043195
v 0.012079 0.046562 -0.026218
v 0.014348 0.050182 -0.026970
v 0.009411 0.043391 -0.024545
v 0.016557 0.053791 -0.027647
v 0.018606 0.057744 -0.027848
v 0.006880 0.040030 -0.023651
v -0.014363 0.038430 -0.002492
v -0.017074 0.038240 0.000997
v -0.011589 0.038605 -0.005945
v -0.019727 0.038098 0.004517
v -0.008813 0.038785 -0.009285
v -0.022272 0.037981 0.008091
v -0.006076 0.038592 -0.012465
v -0.003433 0.037248 -0.015466
v -0.001007 0.033983 -0.017565
v 0.001857 0.033776 -0.021460
v -0.024713 0.037803 0.011698
v -0.027020 0.037299 0.015414
v 0.004574 0.036466 -0.023937
v -0.029129 0.036571 0.019298
v -0.031074 0.035531 0.023243
v 0.020168 0.061884 -0.026990
v -0.033539 0.034687 0.026977
v -0.033444 0.048036 0.042685
v -0.030554 0.034682 0.042100
v -0.033461 0.034593 0.039378
v -0.034556 0.034691 0.034882
v 0.026233 0.086470 -0.022854
v 0.027135 0.090689 -0.021905
v 0.027315 0.094673 -0.020009
v 0.025444 0.082319 -0.024226
v 0.023807 0.077985 -0.025570
v 0.027490 0.098729 -0.018253
v 0.024589 0.105530 -0.016256
v 0.025182 0.074365 -0.024878
v 0.024109 0.109336 -0.014024
v 0.023721 0.070119 -0.026034
v 0.022199 0.065947 -0.026966
v 0.023473 0.113345 -0.012426
v 0.022304 0.116509 -0.010521
v 0.020719 0.119537 -0.008543
v 0.018852 0.124203 0.027744
v -0.015366 0.098977 0.045690
v -0.025129 0.084277 0.052830
v -0.024697 0.088770 0.051746
v -0.026965 0.081383 0.049587
v -0.028176 0.078828 0.045943
v -0.020296 0.094800 0.050225
v -0.029446 0.076830 0.041897
v -0.032423 0.073930 0.041583
v -0.011967 0.105958 0.043388
v -0.036220 0.034202 0.030429
v -0.032703 0.040256 0.050726
v -0.034912 0.041273 0.047257
v -0.035924 0.044239 0.043989
v -0.033678 0.036145 0.049299
v -0.033129 0.034791 0.044516
v -0.032114 0.053470 0.037043
v -0.032844 0.058273 0.038325
v -0.033536 0.062603 0.039515
v -0.034987 0.050794 0.038813
v -0.034447 0.066833 0.040609
v 0.024481 0.101530 -0.018674
v 0.023354 0.125108 0.015408
v 0.023465 0.124941 0.019322
v 0.023117 0.125326 0.011050
v 0.022465 0.125233 0.006168
v 0.023172 0.124561 0.021933
v 0.021407 0.124561 0.024698
v 0.021505 0.124868 0.001599
v 0.020097 0.123824 -0.002404
v 0.018493 0.122437 -0.006178
v 0.008585 0.124384 0.033069
v 0.005028 0.122278 0.034985
v 0.011957 0.125689 0.030476
v 0.001482 0.120341 0.037150
v -0.002104 0.118232 0.039068
v -0.005699 0.115675 0.040362
v 0.015100 0.126523 0.027542
v -0.009219 0.113006 0.041363
v -0.019454 0.097793 0.046844
v -0.015353 0.103270 0.043701
v -0.023722 0.092515 0.049422
v -0.035378 0.071044 0.041670
v -0.012627 0.110295 0.042034
v 0.007672 0.046792 -0.026472
v 0.010258 0.049992 -0.028208
v 0.012272 0.053579 -0.029170
v 0.005038 0.043411 -0.025121
v 0.014063 0.057447 -0.029018
v 0.016033 0.061395 -0.028764
v 0.002490 0.040120 -0.024432
v -0.018733 0.038298 -0.003172
v -0.015978 0.038524 -0.006681
v -0.021451 0.038121 0.000362
v -0.013197 0.038731 -0.010133
v -0.024101 0.038068 0.003958
v -0.010447 0.038439 -0.013292
v -0.026561 0.037815 0.007645
v -0.007779 0.037187 -0.016146
v -0.005301 0.033963 -0.018269
v -0.002491 0.033725 -0.022325
v 0.000122 0.036662 -0.024602
v -0.028789 0.036082 0.011232
v -0.030455 0.033831 0.015120
v -0.032411 0.033752 0.019178
v -0.034600 0.033958 0.022942
v 0.018053 0.065414 -0.028652
v -0.037531 0.034071 0.026157
v -0.037025 0.047027 0.040014
v -0.037469 0.034294 0.038286
v -0.039160 0.034212 0.033406
v 0.022399 0.085435 -0.025411
v 0.023204 0.089471 -0.023779
v 0.023798 0.093497 -0.022204
v 0.024150 0.097515 -0.020514
v 0.021142 0.081288 -0.026754
v 0.021585 0.073657 -0.027140
v 0.020558 0.107513 -0.016538
v 0.020805 0.103824 -0.018745
v 0.020255 0.111559 -0.014910
v 0.019917 0.069506 -0.028173
v 0.019021 0.116558 -0.012579
v 0.016801 0.120670 -0.009813
v 0.017716 0.126351 0.024143
v -0.018944 0.101043 0.044083
v -0.027060 0.085900 0.049241
v -0.026593 0.090179 0.047984
v -0.028763 0.083308 0.046150
v -0.030208 0.080989 0.042963
v -0.022728 0.095324 0.046416
v -0.033528 0.078305 0.041918
v -0.036519 0.075331 0.042321
v -0.016020 0.107681 0.042322
v -0.040644 0.034274 0.028905
v -0.037868 0.039940 0.043626
v -0.039246 0.042845 0.041303
v -0.036497 0.036730 0.045920
v -0.036724 0.035445 0.042176
v -0.036073 0.055229 0.038886
v -0.036797 0.059529 0.040134
v -0.037536 0.063735 0.041643
v -0.039348 0.052483 0.039337
v -0.038470 0.068112 0.041810
v 0.019177 0.077108 -0.027773
v 0.021114 0.100473 -0.021451
v 0.020162 0.126822 0.017523
v 0.019846 0.127144 0.013346
v 0.020521 0.125951 0.021311
v 0.019365 0.127248 0.008894
v 0.018591 0.127087 0.004350
v 0.017475 0.126408 0.000097
v 0.015984 0.125132 -0.003778
v 0.014427 0.123630 -0.007501
v 0.004316 0.125635 0.031990
v 0.007779 0.127160 0.029458
v 0.000779 0.123695 0.034144
v 0.011049 0.128098 0.026614
v -0.002756 0.121889 0.036466
v -0.006316 0.119362 0.037901
v -0.009825 0.116805 0.039213
v 0.014078 0.128356 0.023433
v -0.013234 0.114053 0.040040
v -0.022597 0.098926 0.044319
v -0.019521 0.105305 0.042693
v -0.026153 0.093517 0.046091
v -0.039570 0.072402 0.042250
v -0.016698 0.111584 0.040527
v 0.003417 0.046488 -0.027743
v 0.006099 0.049998 -0.028922
v 0.008262 0.053591 -0.029897
v 0.009101 0.057355 -0.030033
v 0.000560 0.043475 -0.025458
v 0.011492 0.061157 -0.030062
v 0.013730 0.065009 -0.030160
v -0.001959 0.040133 -0.025060
v -0.023145 0.038177 -0.003762
v -0.020373 0.038380 -0.007345
v -0.017584 0.038630 -0.010946
v -0.025897 0.038114 -0.000132
v -0.014822 0.038398 -0.014386
v -0.028597 0.038157 0.003710
v -0.012192 0.036980 -0.016978
v -0.030476 0.035850 0.007070
v -0.009699 0.033935 -0.019097
v -0.006876 0.033701 -0.023173
v -0.004373 0.036860 -0.024945
v -0.032801 0.034244 0.010804
v -0.035030 0.034740 0.014530
v -0.037886 0.035289 0.017946
v -0.038253 0.034879 0.021996
v 0.015781 0.068993 -0.029955
v -0.041681 0.034226 0.024677
v -0.040863 0.046457 0.040676
v -0.042228 0.049779 0.039731
v -0.040709 0.034833 0.041364
v -0.040889 0.034342 0.036897
v -0.044389 0.034227 0.031168
v 0.018255 0.084562 -0.027773
v 0.019377 0.088483 -0.026181
v 0.020053 0.092308 -0.024149
v 0.020537 0.096223 -0.022384
v 0.016744 0.080568 -0.028942
v 0.017537 0.073045 -0.029174
v 0.016632 0.105669 -0.018838
v 0.016621 0.109609 -0.017074
v 0.016628 0.102205 -0.021202
v 0.016393 0.113936 -0.015582
v 0.014969 0.118433 -0.013375
v 0.012753 0.121721 -0.011018
v 0.017019 0.127766 0.020176
v -0.023066 0.103034 0.043531
v -0.029122 0.087737 0.045952
v -0.029118 0.091805 0.044684
v -0.030973 0.085340 0.043208
v -0.034287 0.082612 0.042242
v -0.026210 0.096377 0.044795
v -0.037608 0.079654 0.042950
v -0.040687 0.076718 0.042968
v -0.020213 0.109423 0.041008
v -0.045291 0.033543 0.027142
v -0.041891 0.039724 0.043064
v -0.040102 0.036471 0.044568
v -0.043619 0.043571 0.042400
v -0.040181 0.056695 0.040062
v -0.040890 0.061012 0.040657
v -0.041743 0.065285 0.041319
v -0.043525 0.053771 0.039284
v -0.042681 0.069517 0.041806
v -0.044115 0.034382 0.035115
v 0.015120 0.076578 -0.030058
v 0.017324 0.098868 -0.022689
v 0.016591 0.128631 0.016013
v 0.016116 0.128937 0.011598
v 0.015493 0.129013 0.007130
v 0.014614 0.128709 0.002683
v 0.013306 0.127503 -0.001398
v 0.011750 0.126008 -0.005117
v 0.010094 0.124271 -0.008636
v 0.003536 0.128108 0.028137
v 0.000041 0.126598 0.030681
v 0.006972 0.129514 0.025451
v -0.003482 0.124792 0.032997
v 0.010206 0.129901 0.022336
v -0.007019 0.122667 0.034978
v -0.010521 0.120203 0.036563
v -0.013884 0.117404 0.037644
v 0.013428 0.129612 0.019055
v -0.017273 0.114783 0.038382
v -0.026515 0.100246 0.043506
v -0.023677 0.106876 0.041566
v -0.029979 0.097141 0.044403
v -0.043703 0.073755 0.042188
v -0.020953 0.113337 0.038345
v -0.000954 0.046399 -0.028756
v 0.001907 0.049862 -0.030239
v 0.004539 0.053645 -0.030488
v 0.006609 0.061069 -0.031522
v -0.003863 0.043604 -0.026152
v 0.009272 0.064774 -0.031706
v 0.011375 0.068673 -0.031223
v -0.006345 0.040357 -0.025843
v -0.027597 0.038171 -0.004235
v -0.024814 0.038264 -0.007934
v -0.022014 0.038504 -0.011687
v -0.019219 0.038393 -0.015614
v -0.030311 0.038094 -0.000429
v -0.016641 0.036386 -0.018009
v -0.032545 0.036674 0.003252
v -0.014123 0.033837 -0.020040
v -0.034532 0.034235 0.006613
v -0.011252 0.033704 -0.024112
v -0.008826 0.037041 -0.025341
v -0.037083 0.034008 0.010267
v -0.040078 0.035835 0.013459
v -0.042299 0.034646 0.020368
v 0.013397 0.072614 -0.030994
v -0.045948 0.033879 0.022825
v -0.045103 0.046926 0.040513
v -0.046262 0.050257 0.038424
v -0.044094 0.034392 0.039796
v -0.044519 0.036141 0.044526
v -0.047594 0.034375 0.032796
v -0.049566 0.034090 0.029416
v 0.015847 0.087950 -0.029055
v 0.014274 0.084062 -0.029965
v 0.016341 0.091418 -0.026408
v 0.016912 0.094978 -0.024176
v 0.012689 0.080118 -0.031006
v 0.012133 0.103628 -0.020404
v 0.012750 0.107730 -0.019172
v 0.012968 0.111738 -0.017756
v 0.013909 0.097567 -0.023980
v 0.012471 0.115797 -0.015992
v 0.011029 0.119356 -0.014146
v 0.008501 0.122050 -0.012008
v -0.027127 0.104177 0.042134
v -0.032210 0.089520 0.044188
v -0.033433 0.094125 0.044756
v -0.035210 0.086933 0.042855
v -0.038455 0.083950 0.044002
v -0.041801 0.081158 0.042768
v -0.044879 0.078105 0.042383
v -0.024338 0.110589 0.039073
v 0.003244 0.057424 -0.031515
v -0.042856 0.035259 0.015696
v -0.049962 0.033782 0.025225
v -0.046313 0.040593 0.044522
v -0.048017 0.044257 0.042659
v -0.044305 0.058223 0.039587
v -0.044771 0.062676 0.039687
v -0.045602 0.066967 0.040028
v -0.047014 0.054964 0.036950
v -0.046749 0.070957 0.041249
v -0.047470 0.034396 0.037203
v 0.011048 0.076216 -0.032074
v 0.010918 0.099462 -0.022422
v 0.012817 0.130183 0.014576
v 0.012197 0.130402 0.010038
v 0.011446 0.130296 0.005491
v 0.010417 0.129408 0.001135
v 0.009007 0.128104 -0.002784
v 0.007006 0.126561 -0.005983
v 0.005484 0.124350 -0.009359
v 0.002755 0.130192 0.024036
v -0.000715 0.128966 0.026775
v -0.004221 0.127399 0.029295
v 0.006149 0.130770 0.021006
v -0.007740 0.125365 0.031448
v 0.009509 0.130903 0.017763
v -0.011233 0.123128 0.033366
v -0.014682 0.120624 0.035108
v -0.017894 0.117436 0.036166
v -0.030588 0.101400 0.042853
v -0.027684 0.107763 0.039750
v -0.034210 0.098582 0.043548
v -0.047787 0.074919 0.042535
v -0.025074 0.113998 0.036121
v -0.002593 0.050126 -0.030772
v -0.005407 0.046561 -0.029549
v 0.000243 0.053757 -0.031302
v 0.004674 0.064718 -0.033296
v 0.001785 0.061101 -0.033076
v -0.008247 0.043943 -0.026780
v 0.006998 0.068510 -0.032727
v 0.009166 0.072308 -0.032603
v -0.010764 0.040665 -0.026353
v -0.032025 0.038225 -0.004537
v -0.029247 0.038290 -0.008373
v -0.026459 0.038450 -0.012212
v -0.023699 0.038352 -0.016360
v -0.021104 0.036215 -0.018750
v -0.034538 0.037630 -0.000664
v -0.018552 0.033769 -0.020953
v -0.036359 0.034482 0.002665
v -0.015667 0.033731 -0.025111
v -0.039171 0.033328 0.006500
v -0.013229 0.037140 -0.026132
v -0.042449 0.035435 0.009831
v -0.046434 0.034575 0.018371
v -0.050162 0.033795 0.020762
v -0.049315 0.047335 0.039910
v -0.050371 0.050521 0.036969
v -0.047996 0.034472 0.041942
v -0.050671 0.034324 0.034330
v -0.053847 0.033903 0.027151
v 0.012977 0.091239 -0.029141
v 0.011875 0.087651 -0.031051
v 0.010151 0.083706 -0.031571
v 0.013398 0.094197 -0.026158
v 0.008792 0.079859 -0.033247
v 0.008411 0.105799 -0.020452
v 0.007649 0.101735 -0.021751
v 0.008945 0.109801 -0.019447
v 0.009298 0.113505 -0.018462
v 0.010195 0.096594 -0.025445
v 0.009678 0.116493 -0.016588
v 0.007043 0.119295 -0.014983
v 0.004176 0.121679 -0.012674
v -0.021884 0.117214 0.034968
v -0.031105 0.105089 0.040680
v -0.036511 0.091145 0.043902
v -0.037623 0.095587 0.043118
v -0.039564 0.088288 0.042896
v -0.042776 0.085478 0.042562
v -0.046058 0.082402 0.043408
v -0.049015 0.079133 0.043760
v -0.028408 0.111284 0.037260
v -0.001283 0.057539 -0.032734
v -0.046896 0.035263 0.013665
v -0.054419 0.033510 0.023133
v -0.049023 0.036507 0.046087
v -0.050824 0.041644 0.045622
v -0.052279 0.045449 0.042839
v -0.047489 0.060074 0.037108
v -0.048025 0.064610 0.037311
v -0.049595 0.068395 0.039008
v -0.050005 0.053138 0.033720
v -0.050770 0.072359 0.040726
v -0.051344 0.034334 0.038957
v -0.053697 0.034172 0.031348
v 0.006973 0.075938 -0.033988
v 0.006725 0.098128 -0.023967
v 0.008848 0.131243 0.013089
v 0.008114 0.131205 0.008476
v 0.007273 0.130702 0.003932
v 0.006245 0.129604 -0.000377
v 0.004717 0.127954 -0.004060
v 0.001727 0.126356 -0.006172
v 0.000884 0.123457 -0.009758
v 0.002008 0.131098 0.019462
v -0.001471 0.130328 0.022409
v -0.004973 0.129333 0.025165
v -0.008474 0.127720 0.027657
v 0.005440 0.131533 0.016289
v -0.011920 0.125438 0.029687
v -0.015324 0.123002 0.031586
v -0.018729 0.120441 0.033480
v -0.034576 0.102323 0.041363
v -0.031715 0.108624 0.038284
v -0.038948 0.099785 0.041855
v -0.051989 0.075899 0.043337
v -0.025855 0.117057 0.032933
v -0.029159 0.114391 0.034274
v -0.007042 0.050358 -0.031704
v -0.004223 0.054000 -0.032208
v -0.009863 0.047058 -0.030024
v -0.000017 0.064897 -0.034244
v 0.002540 0.068560 -0.033953
v -0.002763 0.061250 -0.034362
v -0.012646 0.044477 -0.027207
v 0.004890 0.072149 -0.034115
v -0.015168 0.040869 -0.027244
v -0.033663 0.038258 -0.008683
v -0.036466 0.038051 -0.004715
v -0.030874 0.038344 -0.012605
v -0.028170 0.038147 -0.016699
v -0.025491 0.036039 -0.019312
v -0.022954 0.033744 -0.021800
v -0.038235 0.034974 -0.001236
v -0.020096 0.033820 -0.026151
v -0.040891 0.033480 0.002415
v -0.017642 0.037282 -0.027101
v -0.043938 0.034216 0.005798
v -0.047446 0.034504 0.009105
v -0.050356 0.034055 0.016161
v -0.054105 0.033669 0.018517
v -0.053223 0.048087 0.038984
v -0.049774 0.057816 0.034022
v -0.053644 0.048946 0.034087
v -0.052240 0.034718 0.043387
v -0.054544 0.034232 0.035856
v -0.056451 0.034008 0.028219
v 0.009085 0.091118 -0.031048
v 0.009830 0.094167 -0.028509
v 0.007802 0.087397 -0.032536
v 0.006201 0.083486 -0.033461
v 0.004534 0.079613 -0.034415
v 0.004162 0.104135 -0.021313
v 0.004723 0.108225 -0.020144
v 0.003360 0.100282 -0.023212
v 0.005264 0.112556 -0.019898
v 0.005975 0.116237 -0.017611
v 0.006497 0.096506 -0.027342
v 0.002987 0.118575 -0.015618
v -0.000108 0.120465 -0.013003
v -0.022641 0.119952 0.031535
v -0.034865 0.105953 0.039394
v -0.040859 0.092646 0.042685
v -0.042249 0.096964 0.042614
v -0.044201 0.089730 0.043006
v -0.046925 0.086649 0.045014
v -0.050248 0.083426 0.044934
v -0.053389 0.080167 0.044618
v -0.032483 0.112038 0.035777
v -0.005778 0.057824 -0.033714
v -0.050848 0.034014 0.011746
v -0.058556 0.033718 0.020780
v -0.053708 0.037543 0.046971
v -0.055430 0.042876 0.045616
v -0.056435 0.046100 0.042095
v -0.050273 0.062297 0.034393
v -0.052062 0.065935 0.036253
v -0.053557 0.069557 0.038537
v -0.051295 0.056225 0.030328
v -0.051886 0.051670 0.030105
v -0.054885 0.073144 0.041045
v -0.055446 0.034232 0.040309
v -0.057422 0.034184 0.032643
v -0.059165 0.033880 0.025124
v 0.002706 0.075830 -0.035203
v 0.002818 0.097254 -0.027691
v 0.004720 0.131647 0.011584
v 0.003941 0.131370 0.006958
v 0.003110 0.130572 0.002389
v 0.002251 0.129022 -0.001965
v -0.002607 0.125940 -0.007611
v -0.003451 0.122649 -0.010797
v 0.001293 0.131595 0.014755
v -0.002166 0.130969 0.017823
v -0.005661 0.130285 0.020716
v -0.009178 0.129196 0.023398
v -0.012608 0.127313 0.025740
v -0.015949 0.124978 0.027778
v -0.019337 0.122630 0.029766
v -0.037103 0.102913 0.040544
v -0.035632 0.109549 0.037178
v -0.043617 0.101209 0.041656
v -0.056257 0.077045 0.043187
v -0.026649 0.119565 0.029569
v -0.030051 0.117487 0.031407
v -0.033370 0.115292 0.033101
v -0.011494 0.050971 -0.032140
v -0.008647 0.054294 -0.033267
v -0.014306 0.047874 -0.030182
v -0.004594 0.065232 -0.034903
v -0.001947 0.068740 -0.034803
v 0.000463 0.072281 -0.034917
v -0.007264 0.061615 -0.035536
v -0.017061 0.044894 -0.027867
v -0.019559 0.041136 -0.028467
v -0.037878 0.037473 -0.008991
v -0.035279 0.037999 -0.012972
v -0.040017 0.035151 -0.005233
v -0.032567 0.037453 -0.016827
v -0.029802 0.035469 -0.019579
v -0.027248 0.033680 -0.022365
v -0.024543 0.033938 -0.027017
v -0.042494 0.033987 -0.001772
v -0.022096 0.037458 -0.028205
v -0.045295 0.033354 0.001613
v -0.048297 0.033509 0.004866
v -0.051784 0.033669 0.007677
v -0.054016 0.033456 0.013864
v -0.057802 0.033442 0.015990
v -0.057498 0.047804 0.037677
v -0.052031 0.060690 0.030843
v -0.054802 0.048078 0.029940
v -0.056524 0.035174 0.044742
v -0.058455 0.034214 0.036971
v -0.060061 0.034051 0.029343
v 0.005146 0.091004 -0.032673
v 0.006191 0.094450 -0.030548
v 0.003670 0.087077 -0.033803
v 0.002069 0.083198 -0.034898
v 0.000333 0.079454 -0.035632
v 0.000109 0.102742 -0.022437
v 0.000743 0.106896 -0.021221
v 0.001300 0.111067 -0.019853
v -0.000610 0.099329 -0.025422
v 0.002078 0.115246 -0.018442
v -0.001016 0.117291 -0.016061
v -0.001814 0.128160 -0.003525
v -0.004256 0.119268 -0.013797
v -0.023343 0.122048 0.027837
v -0.038442 0.106651 0.038248
v -0.045460 0.094067 0.043264
v -0.040894 0.103907 0.040076
v -0.046641 0.098291 0.042947
v -0.048625 0.090929 0.044132
v -0.051633 0.087736 0.045171
v -0.054783 0.084526 0.045145
v -0.057682 0.081387 0.043947
v -0.036595 0.113116 0.034905
v -0.010279 0.058342 -0.034434
v -0.054515 0.033527 0.009384
v -0.062537 0.034146 0.018279
v -0.063673 0.035340 0.022534
v -0.058416 0.039382 0.046080
v -0.059776 0.042969 0.043745
v -0.060302 0.045942 0.040714
v -0.058441 0.047285 0.033250
v -0.054002 0.063919 0.032779
v -0.056150 0.066807 0.036076
v -0.057661 0.070224 0.038886
v -0.053405 0.059707 0.026204
v -0.051966 0.054757 0.026398
v -0.052459 0.050183 0.026347
v -0.059052 0.074012 0.041282
v -0.059729 0.034425 0.041344
v -0.061289 0.034256 0.033399
v -0.062347 0.034379 0.026049
v -0.001557 0.075876 -0.036206
v -0.001134 0.096850 -0.029879
v 0.002109 0.093927 -0.031320
v 0.000542 0.131486 0.010087
v -0.000238 0.131024 0.005426
v -0.001043 0.129950 0.000837
v -0.006884 0.124811 -0.008730
v -0.006089 0.127319 -0.004911
v -0.007589 0.121495 -0.011939
v -0.002873 0.131207 0.013172
v -0.006325 0.130640 0.016139
v -0.009819 0.129858 0.018932
v -0.013274 0.128517 0.021495
v -0.016628 0.126527 0.023722
v -0.019912 0.124210 0.025781
v -0.039559 0.110750 0.036962
v -0.044963 0.105603 0.041127
v -0.047882 0.102345 0.041582
v -0.060484 0.078275 0.042786
v -0.027408 0.121467 0.025898
v -0.030893 0.120288 0.028311
v -0.034326 0.118642 0.030528
v -0.037625 0.116623 0.032515
v -0.015986 0.051943 -0.032048
v -0.013201 0.055018 -0.033558
v -0.018843 0.049006 -0.029941
v -0.006374 0.069152 -0.035837
v -0.009073 0.065709 -0.035817
v -0.003818 0.072492 -0.036048
v -0.011747 0.062167 -0.036378
v -0.021609 0.045746 -0.027814
v -0.024264 0.041739 -0.029055
v -0.041175 0.034071 -0.009428
v -0.038664 0.034804 -0.012985
v -0.036321 0.034929 -0.016459
v -0.043999 0.033615 -0.005958
v -0.033975 0.034545 -0.019972
v -0.031463 0.033440 -0.023047
v -0.028909 0.033596 -0.027260
v -0.025723 0.035972 -0.028113
v -0.047300 0.033416 -0.002978
v -0.048953 0.033356 0.000572
v -0.052312 0.033383 0.003447
v -0.056573 0.033312 0.006119
v -0.057246 0.033385 0.011090
v -0.061354 0.033657 0.013182
v -0.061656 0.045949 0.036521
v -0.055961 0.062147 0.029467
v -0.055010 0.046495 0.025930
v -0.058798 0.045880 0.029001
v -0.060666 0.036099 0.045258
v -0.062475 0.034420 0.037642
v -0.063599 0.034650 0.029901
v 0.001079 0.090685 -0.033986
v -0.000338 0.086774 -0.035484
v -0.001972 0.082915 -0.036497
v -0.003707 0.079477 -0.037078
v -0.003949 0.101419 -0.023286
v -0.003144 0.105713 -0.022436
v -0.002513 0.109899 -0.020936
v -0.001826 0.113922 -0.018870
v -0.004623 0.098675 -0.027227
v -0.005047 0.115951 -0.016809
v -0.005238 0.129047 -0.000624
v -0.008362 0.118030 -0.014826
v -0.023970 0.123473 0.023859
v -0.042307 0.108130 0.038903
v -0.049719 0.095391 0.044818
v -0.050978 0.099367 0.042858
v -0.052998 0.092085 0.044609
v -0.056235 0.088929 0.044967
v -0.059205 0.085731 0.044412
v -0.062139 0.082435 0.043981
v -0.040829 0.114193 0.034451
v -0.014768 0.058867 -0.035506
v -0.026902 0.038006 -0.029208
v -0.060522 0.037792 0.020395
v -0.065866 0.034423 0.014853
v -0.065401 0.036328 0.026164
v -0.062324 0.039463 0.043082
v -0.062781 0.042884 0.039859
v -0.062355 0.044953 0.032148
v -0.058421 0.064798 0.032787
v -0.060260 0.067861 0.035937
v -0.061714 0.071354 0.038690
v -0.058762 0.061503 0.025967
v -0.052880 0.057620 0.022324
v -0.051734 0.053017 0.022683
v -0.052527 0.048241 0.022568
v -0.063185 0.075299 0.040950
v -0.064098 0.035715 0.041796
v -0.065397 0.034563 0.033714
v -0.005625 0.076221 -0.037380
v -0.001954 0.093905 -0.033091
v -0.005297 0.096423 -0.031239
v -0.003630 0.130975 0.008549
v -0.004423 0.130306 0.003882
v -0.010945 0.123054 -0.009481
v -0.010260 0.125867 -0.005911
v -0.009464 0.127913 -0.001914
v -0.011671 0.119943 -0.012872
v -0.007027 0.130618 0.011535
v -0.010454 0.130017 0.014400
v -0.013913 0.129143 0.017102
v -0.017323 0.127644 0.019544
v -0.020638 0.125665 0.021802
v -0.043744 0.111600 0.036546
v -0.049163 0.106244 0.039825
v -0.046492 0.109142 0.038809
v -0.052131 0.103353 0.040946
v -0.064820 0.079402 0.042394
v -0.028160 0.123117 0.022136
v -0.031743 0.122138 0.024686
v -0.035201 0.121561 0.027467
v -0.038576 0.119945 0.029805
v -0.042113 0.117533 0.031764
v -0.020260 0.053350 -0.031222
v -0.017554 0.056005 -0.033613
v -0.023081 0.050923 -0.028525
v -0.010597 0.069672 -0.037193
v -0.007961 0.072982 -0.037307
v -0.013319 0.066289 -0.037395
v -0.016229 0.063052 -0.036567
v -0.025588 0.045236 -0.027447
v -0.028949 0.042765 -0.028794
v -0.045544 0.033371 -0.010335
v -0.043074 0.033559 -0.013820
v -0.040544 0.033733 -0.016889
v -0.038018 0.033783 -0.020010
v -0.048488 0.033342 -0.007362
v -0.035671 0.033414 -0.023600
v -0.033303 0.033443 -0.027541
v -0.030498 0.035831 -0.030386
v -0.052441 0.033348 -0.000837
v -0.056366 0.033298 0.001429
v -0.060739 0.033402 0.008405
v -0.061594 0.040823 0.023895
v -0.063708 0.038254 0.016491
v -0.064920 0.033943 0.010212
v -0.064269 0.039752 0.026973
v -0.064363 0.042638 0.035619
v -0.060827 0.063514 0.029380
v -0.057096 0.059506 0.022440
v -0.054801 0.044296 0.021948
v -0.058581 0.043848 0.024979
v -0.062297 0.043244 0.027903
v -0.066387 0.035650 0.037831
v -0.066440 0.037637 0.030092
v -0.003024 0.090423 -0.035518
v -0.004453 0.086415 -0.036955
v -0.006571 0.081951 -0.037618
v -0.008050 0.079535 -0.037768
v -0.007890 0.100447 -0.024500
v -0.007097 0.104391 -0.023200
v -0.006419 0.108633 -0.022018
v -0.005825 0.112764 -0.020056
v -0.008714 0.097967 -0.028469
v -0.009111 0.114533 -0.017594
v -0.008625 0.129312 0.002416
v -0.012464 0.116550 -0.015660
v -0.024718 0.124863 0.019971
v -0.054192 0.096290 0.043716
v -0.055304 0.100538 0.042408
v -0.057478 0.093351 0.044858
v -0.060737 0.090069 0.045379
v -0.063755 0.086656 0.045020
v -0.066556 0.083461 0.043462
v -0.045475 0.114799 0.033841
v -0.026463 0.048573 -0.025923
v -0.019016 0.060121 -0.034954
v -0.032210 0.039623 -0.029351
v -0.052386 0.033249 -0.005019
v -0.060323 0.033308 0.003572
v -0.058057 0.041391 0.021181
v -0.060204 0.041136 0.017009
v -0.069316 0.034924 0.011770
v -0.067019 0.038980 0.013036
v -0.064887 0.039402 0.038986
v -0.064813 0.041554 0.031109
v -0.062761 0.065961 0.032676
v -0.064299 0.069194 0.035624
v -0.065600 0.072747 0.038307
v -0.061739 0.060637 0.022374
v -0.063516 0.062662 0.025834
v -0.055531 0.057504 0.018859
v -0.051866 0.055260 0.018857
v -0.050859 0.050625 0.019619
v -0.052677 0.045742 0.018120
v -0.067136 0.076852 0.040122
v -0.066072 0.038994 0.034660
v -0.009528 0.077119 -0.037918
v -0.006202 0.093358 -0.034206
v -0.009537 0.095823 -0.032375
v -0.007778 0.130202 0.006969
v -0.014301 0.123968 -0.006664
v -0.014970 0.120908 -0.009969
v -0.013567 0.126259 -0.002936
v -0.012798 0.128014 0.001093
v -0.015839 0.118510 -0.013769
v -0.011149 0.129790 0.009874
v -0.014570 0.129187 0.012653
v -0.017971 0.128108 0.015258
v -0.021353 0.126595 0.017674
v -0.048220 0.112241 0.036212
v -0.051031 0.109647 0.038215
v -0.052945 0.107647 0.038878
v -0.056281 0.104978 0.041046
v -0.069028 0.080702 0.041219
v -0.028816 0.125067 0.018619
v -0.032368 0.124333 0.021147
v -0.035898 0.124132 0.024058
v -0.039535 0.122814 0.026643
v -0.042066 0.120434 0.028884
v -0.047778 0.117841 0.031013
v -0.021639 0.057553 -0.032502
v -0.024234 0.055213 -0.029660
v -0.026681 0.053266 -0.026411
v -0.012085 0.073704 -0.038184
v -0.014854 0.070433 -0.038391
v -0.017782 0.067224 -0.037731
v -0.020435 0.064385 -0.035910
v -0.029880 0.046362 -0.026802
v -0.033443 0.043990 -0.028149
v -0.047829 0.033605 -0.014990
v -0.050822 0.033550 -0.012128
v -0.046198 0.033615 -0.018699
v -0.042085 0.033463 -0.019649
v -0.039987 0.033482 -0.023503
v -0.052062 0.033336 -0.008918
v -0.037761 0.033526 -0.027207
v -0.035546 0.036092 -0.030746
v -0.056315 0.033229 -0.003104
v -0.060202 0.033208 -0.001260
v -0.064283 0.033352 0.005601
v -0.063592 0.042044 0.013544
v -0.068446 0.033568 0.007342
v -0.065268 0.065033 0.029102
v -0.059898 0.058884 0.018777
v -0.056227 0.043105 0.017422
v -0.007281 0.089818 -0.036356
v -0.008659 0.085888 -0.037733
v -0.010881 0.081597 -0.038579
v -0.011850 0.099145 -0.025230
v -0.011039 0.102921 -0.023524
v -0.010359 0.107024 -0.022357
v -0.009798 0.110999 -0.020329
v -0.012857 0.097073 -0.029488
v -0.013164 0.113058 -0.018345
v -0.011954 0.129193 0.005418
v -0.016564 0.115209 -0.016637
v -0.025430 0.125792 0.015979
v -0.058580 0.097532 0.043445
v -0.059649 0.101952 0.042230
v -0.061895 0.094455 0.044434
v -0.065096 0.091096 0.044330
v -0.068172 0.087776 0.043667
v -0.070753 0.084741 0.041619
v -0.045413 0.120149 0.028076
v -0.050273 0.115255 0.033450
v -0.028644 0.051837 -0.022781
v -0.022929 0.061767 -0.033602
v -0.030473 0.048403 -0.023206
v -0.036951 0.040968 -0.028862
v -0.056132 0.033338 -0.007392
v -0.063970 0.033234 0.000688
v -0.059502 0.044045 0.013750
v -0.070235 0.039489 0.009527
v -0.072331 0.035241 0.008437
v -0.066939 0.042926 0.009898
v -0.066927 0.067654 0.032336
v -0.068203 0.070807 0.035191
v -0.069138 0.074326 0.037586
v -0.064381 0.060137 0.018529
v -0.066301 0.061945 0.022096
v -0.067863 0.064354 0.025423
v -0.057788 0.057711 0.015177
v -0.053542 0.056083 0.015250
v -0.050726 0.052532 0.015913
v -0.050285 0.048147 0.017331
v -0.055534 0.046048 0.014002
v -0.071116 0.078310 0.038952
v -0.013547 0.077862 -0.038375
v -0.010439 0.092673 -0.035189
v -0.013811 0.094964 -0.033296
v -0.018451 0.122442 -0.007729
v -0.017662 0.124597 -0.004027
v -0.019182 0.119589 -0.011061
v -0.016862 0.126406 -0.000130
v -0.016074 0.127843 0.003963
v -0.019978 0.116866 -0.014474
v -0.015290 0.128732 0.008259
v -0.018668 0.128013 0.010956
v -0.022042 0.126927 0.013495
v -0.053033 0.112527 0.035875
v -0.056770 0.109354 0.038206
v -0.060431 0.106325 0.040090
v -0.073018 0.081789 0.039301
v -0.032935 0.126058 0.017327
v -0.029491 0.125707 0.014559
v -0.036502 0.125885 0.020068
v -0.040826 0.124614 0.022140
v -0.043911 0.122683 0.024886
v -0.050938 0.119530 0.033556
v -0.048918 0.122028 0.030725
v -0.025321 0.059483 -0.030698
v -0.027415 0.057544 -0.027289
v -0.028618 0.056067 -0.023384
v -0.016330 0.074590 -0.038968
v -0.019304 0.071456 -0.038686
v -0.022011 0.068606 -0.037015
v -0.024294 0.066064 -0.034499
v -0.033768 0.046507 -0.024529
v -0.037271 0.044199 -0.025495
v -0.046770 0.037314 -0.016632
v -0.048164 0.036932 -0.012500
v -0.055424 0.033789 -0.011384
v -0.044572 0.033718 -0.023143
v -0.042477 0.033890 -0.026920
v -0.040066 0.037542 -0.028311
v -0.060203 0.033253 -0.005817
v -0.064339 0.033393 -0.004323
v -0.067751 0.033480 0.002820
v -0.062795 0.044959 0.010058
v -0.071900 0.034149 0.004331
v -0.069437 0.066936 0.028637
v -0.062263 0.058667 0.014980
v -0.052316 0.048704 0.014383
v -0.011489 0.089075 -0.037162
v -0.012709 0.085480 -0.038584
v -0.014870 0.081958 -0.039153
v -0.014866 0.100919 -0.023609
v -0.015815 0.097909 -0.026579
v -0.014334 0.105425 -0.022729
v -0.013770 0.109344 -0.020685
v -0.016944 0.095959 -0.030400
v -0.017223 0.111656 -0.019121
v -0.020700 0.113724 -0.017427
v -0.026129 0.126060 0.011922
v -0.062869 0.098623 0.042599
v -0.063852 0.103149 0.041254
v -0.066106 0.095379 0.042917
v -0.069237 0.092116 0.042439
v -0.072169 0.088909 0.041219
v -0.074747 0.085738 0.039385
v -0.047035 0.124299 0.027626
v -0.053771 0.116894 0.035691
v -0.030561 0.050409 -0.019228
v -0.029917 0.054627 -0.019500
v -0.026460 0.063760 -0.031583
v -0.033684 0.048075 -0.020296
v -0.040217 0.040982 -0.025390
v -0.045168 0.037542 -0.020795
v -0.052732 0.037643 -0.011559
v -0.059776 0.033963 -0.010066
v -0.068232 0.033300 -0.002516
v -0.058560 0.046653 0.010395
v -0.071802 0.038733 0.005532
v -0.069173 0.042329 0.005667
v -0.065637 0.045180 0.005867
v -0.070876 0.069677 0.031782
v -0.071968 0.072675 0.034732
v -0.072191 0.076089 0.036780
v -0.068766 0.061726 0.018015
v -0.066535 0.060197 0.014450
v -0.070354 0.064125 0.021412
v -0.071770 0.066790 0.024641
v -0.059638 0.058102 0.011470
v -0.056125 0.055797 0.012082
v -0.052632 0.053290 0.012342
v -0.054952 0.049018 0.010986
v -0.074441 0.078860 0.036679
v -0.017746 0.078769 -0.038705
v -0.014685 0.091814 -0.036105
v -0.018067 0.093785 -0.033995
v -0.022623 0.121113 -0.008915
v -0.021824 0.123297 -0.005294
v -0.021004 0.125032 -0.001437
v -0.023406 0.118611 -0.012437
v -0.020210 0.126466 0.002546
v -0.019436 0.127525 0.006701
v -0.024135 0.115328 -0.015201
v -0.022767 0.126813 0.009330
v -0.057413 0.114137 0.036814
v -0.061178 0.110935 0.037119
v -0.064677 0.108030 0.038941
v -0.076660 0.082547 0.036952
v -0.033480 0.127021 0.013145
v -0.036970 0.127137 0.015806
v -0.030245 0.125797 0.010419
v -0.040966 0.126889 0.018034
v -0.045450 0.126393 0.024317
v -0.053879 0.121140 0.036425
v -0.051219 0.123873 0.034127
v -0.049147 0.126401 0.031091
v -0.028342 0.061787 -0.028181
v -0.029227 0.060282 -0.024193
v -0.030319 0.058826 -0.020240
v -0.020762 0.075757 -0.039163
v -0.023478 0.072918 -0.037710
v -0.025801 0.070334 -0.035467
v -0.027617 0.068058 -0.032408
v -0.037188 0.046558 -0.021662
v -0.040297 0.044028 -0.022073
v -0.046243 0.040539 -0.013769
v -0.044915 0.040825 -0.017868
v -0.049600 0.040909 -0.011193
v -0.056952 0.038179 -0.010040
v -0.043178 0.037677 -0.024824
v -0.064086 0.034303 -0.008107
v -0.067743 0.036243 -0.005380
v -0.070687 0.033697 0.000353
v -0.061305 0.046745 0.006316
v -0.071643 0.037330 0.002137
v -0.073424 0.069180 0.027969
v -0.063985 0.059236 0.010905
v -0.015514 0.088339 -0.038044
v -0.015847 0.085317 -0.038944
v -0.018917 0.082834 -0.039175
v -0.018777 0.099073 -0.024181
v -0.018304 0.103753 -0.023063
v -0.019828 0.096660 -0.027366
v -0.017786 0.107840 -0.021270
v -0.021038 0.094677 -0.031009
v -0.021338 0.110296 -0.020091
v -0.024813 0.112047 -0.017981
v -0.026866 0.125847 0.007797
v -0.067110 0.099765 0.041769
v -0.067747 0.103909 0.039584
v -0.070306 0.096420 0.041521
v -0.073518 0.093155 0.040851
v -0.076052 0.089831 0.038895
v -0.078547 0.086507 0.036950
v -0.044472 0.128090 0.020608
v -0.047879 0.128441 0.027471
v -0.057007 0.118318 0.038125
v -0.032917 0.049590 -0.015814
v -0.031213 0.053236 -0.015626
v -0.031333 0.057423 -0.016153
v -0.029391 0.066017 -0.029037
v -0.036570 0.047840 -0.017178
v -0.043013 0.041019 -0.021807
v -0.053628 0.041535 -0.009607
v -0.061155 0.038816 -0.008341
v -0.070183 0.037200 -0.001636
v -0.057472 0.049166 0.007349
v -0.070096 0.040317 0.001554
v -0.067185 0.043457 0.001398
v -0.063419 0.045836 0.001730
v -0.074639 0.072065 0.031207
v -0.074985 0.075575 0.034011
v -0.070705 0.062045 0.013783
v -0.072754 0.064033 0.017298
v -0.068164 0.060797 0.010244
v -0.073926 0.066926 0.020519
v -0.075693 0.069223 0.023872
v -0.057031 0.056652 0.008032
v -0.061030 0.058879 0.007624
v -0.055182 0.052992 0.009054
v -0.077750 0.079120 0.034059
v -0.021980 0.080064 -0.038997
v -0.018841 0.090432 -0.036607
v -0.022240 0.092209 -0.034399
v -0.026818 0.119994 -0.010212
v -0.026009 0.122152 -0.006603
v -0.025164 0.123879 -0.002799
v -0.024340 0.125185 0.001165
v -0.027607 0.117338 -0.013527
v -0.023529 0.126231 0.005198
v -0.028295 0.114098 -0.016314
v -0.061001 0.115193 0.038752
v -0.064255 0.112044 0.039462
v -0.068388 0.106957 0.038388
v -0.079885 0.083185 0.034137
v -0.037440 0.127970 0.011541
v -0.034168 0.127209 0.008793
v -0.040857 0.128304 0.014120
v -0.031041 0.125737 0.006205
v -0.044202 0.129108 0.016618
v -0.046908 0.130252 0.023712
v -0.054130 0.125589 0.037163
v -0.056730 0.122736 0.039375
v -0.052154 0.128276 0.034001
v -0.050367 0.130644 0.030613
v -0.030125 0.064475 -0.025071
v -0.030996 0.063000 -0.021103
v -0.032166 0.061484 -0.017145
v -0.024761 0.077271 -0.037668
v -0.027187 0.074651 -0.035748
v -0.029105 0.072290 -0.033216
v -0.030305 0.070337 -0.029725
v -0.040218 0.046470 -0.018388
v -0.042661 0.043875 -0.018406
v -0.046663 0.044058 -0.011288
v -0.043816 0.043535 -0.014406
v -0.050375 0.044753 -0.009530
v -0.057616 0.042165 -0.007800
v -0.065189 0.039863 -0.006049
v -0.067990 0.040472 -0.002522
v -0.059445 0.047986 0.002224
v -0.076916 0.072023 0.027162
v -0.065266 0.060227 0.006849
v -0.019159 0.086654 -0.038205
v -0.022731 0.084306 -0.038137
v -0.022344 0.102302 -0.023853
v -0.022625 0.097605 -0.024500
v -0.021882 0.106572 -0.022373
v -0.023639 0.095196 -0.027688
v -0.024919 0.093033 -0.031159
v -0.025457 0.108649 -0.020604
v -0.028925 0.110570 -0.018704
v -0.027666 0.125345 0.003698
v -0.071039 0.100616 0.040015
v -0.068332 0.110276 0.038678
v -0.071327 0.104568 0.037989
v -0.074141 0.097294 0.039304
v -0.076896 0.093992 0.037814
v -0.079262 0.090676 0.035767
v -0.081302 0.087318 0.033458
v -0.046291 0.131705 0.019728
v -0.049199 0.132593 0.026780
v -0.059677 0.119870 0.040965
v -0.032480 0.052168 -0.011859
v -0.035886 0.049058 -0.012448
v -0.032595 0.056063 -0.011994
v -0.033260 0.060126 -0.012965
v -0.031207 0.068611 -0.025957
v -0.039995 0.047214 -0.014249
v -0.054019 0.045312 -0.007488
v -0.061469 0.043080 -0.005585
v -0.057111 0.052942 0.005036
v -0.064537 0.043327 -0.002351
v -0.060668 0.045865 -0.001836
v -0.077660 0.075256 0.030437
v -0.073909 0.065287 0.012920
v -0.071990 0.063082 0.009482
v -0.075836 0.067474 0.016297
v -0.069259 0.061858 0.005982
v -0.077656 0.069682 0.019694
v -0.078835 0.072387 0.022954
v -0.058559 0.057810 0.004522
v -0.062171 0.059926 0.003668
v -0.080728 0.079985 0.031383
v -0.026005 0.081635 -0.037476
v -0.022669 0.088341 -0.036457
v -0.025912 0.089905 -0.034100
v -0.030227 0.121344 -0.008041
v -0.031048 0.118880 -0.011445
v -0.029380 0.123190 -0.004299
v -0.028510 0.124400 -0.000329
v -0.031809 0.116097 -0.014669
v -0.032501 0.112875 -0.017508
v -0.064134 0.115224 0.042361
v -0.067487 0.112364 0.042918
v -0.072499 0.108916 0.038527
v -0.082701 0.084018 0.030913
v -0.038185 0.128109 0.007176
v -0.041227 0.129054 0.009978
v -0.035000 0.127090 0.004474
v -0.044363 0.129875 0.012628
v -0.031906 0.125373 0.002035
v -0.046235 0.132670 0.015599
v -0.048493 0.134149 0.022685
v -0.057775 0.127215 0.039370
v -0.055639 0.129939 0.036485
v -0.060059 0.124548 0.041722
v -0.053602 0.132524 0.033152
v -0.052037 0.134689 0.029381
v -0.031961 0.067110 -0.022081
v -0.032958 0.065599 -0.018173
v -0.034545 0.064046 -0.014450
v -0.028509 0.078862 -0.035487
v -0.030428 0.076394 -0.033026
v -0.031612 0.074727 -0.030722
v -0.032507 0.072768 -0.026834
v -0.047140 0.047988 -0.009875
v -0.043392 0.047183 -0.011302
v -0.050852 0.048755 -0.008130
v -0.057580 0.045738 -0.005032
v -0.057172 0.051084 0.001581
v -0.056676 0.048971 -0.002117
v -0.079889 0.075180 0.026234
v -0.080518 0.078312 0.029594
v -0.066001 0.061599 0.002459
v -0.026346 0.085975 -0.036193
v -0.026307 0.100607 -0.023750
v -0.026032 0.105007 -0.022852
v -0.026428 0.096183 -0.024456
v -0.027231 0.093485 -0.027481
v -0.028249 0.090641 -0.030373
v -0.029583 0.106942 -0.020890
v -0.033123 0.108841 -0.019051
v -0.061444 0.118609 0.041084
v -0.074546 0.101335 0.037667
v -0.071473 0.110351 0.042591
v -0.075068 0.105362 0.036660
v -0.077480 0.098065 0.036395
v -0.080154 0.094783 0.034665
v -0.082223 0.091486 0.032352
v -0.083898 0.088211 0.029870
v -0.048140 0.135313 0.018501
v -0.051106 0.136370 0.025303
v -0.062182 0.121701 0.043738
v -0.036345 0.053227 -0.011093
v -0.040083 0.050551 -0.011604
v -0.036984 0.057394 -0.011315
v -0.038042 0.061417 -0.012497
v -0.033064 0.071182 -0.022973
v -0.054224 0.049464 -0.005739
v -0.056950 0.055184 0.001494
v -0.077310 0.068303 0.012017
v -0.075176 0.066238 0.008646
v -0.072665 0.064491 0.005290
v -0.079519 0.070274 0.015462
v -0.069463 0.064031 0.001021
v -0.080645 0.072996 0.018746
v -0.081544 0.075831 0.021967
v -0.059039 0.059469 0.000897
v -0.062699 0.061038 -0.000733
v -0.083146 0.081073 0.028224
v -0.029112 0.083156 -0.034489
v -0.028940 0.087222 -0.032815
v -0.034500 0.120683 -0.009481
v -0.033633 0.123082 -0.006031
v -0.035266 0.117888 -0.012687
v -0.032778 0.124567 -0.002076
v -0.036043 0.114789 -0.015692
v -0.036778 0.111348 -0.018356
v -0.066726 0.114330 0.046855
v -0.063751 0.117892 0.045686
v -0.070738 0.111999 0.046621
v -0.075673 0.109478 0.041401
v -0.076765 0.108171 0.036940
v -0.084850 0.085046 0.027192
v -0.039144 0.127885 0.002801
v -0.042100 0.128962 0.005693
v -0.044792 0.130375 0.008636
v -0.035939 0.126655 0.000151
v -0.046565 0.133259 0.011468
v -0.048032 0.136185 0.014265
v -0.050500 0.137747 0.021171
v -0.059590 0.131230 0.038447
v -0.061840 0.128391 0.041207
v -0.057279 0.134156 0.035231
v -0.063124 0.126143 0.044725
v -0.055159 0.136742 0.031485
v -0.053355 0.138840 0.027909
v -0.034061 0.069626 -0.019355
v -0.035820 0.067954 -0.015951
v -0.039353 0.065243 -0.014288
v -0.031424 0.080278 -0.031941
v -0.033089 0.077323 -0.027785
v -0.033986 0.075368 -0.023620
v -0.044006 0.051279 -0.010697
v -0.047841 0.052176 -0.009553
v -0.051495 0.053262 -0.007773
v -0.056262 0.052980 -0.001952
v -0.082547 0.078469 0.025216
v -0.066258 0.062956 -0.002375
v -0.030284 0.098784 -0.023371
v -0.030091 0.103089 -0.022602
v -0.030359 0.094547 -0.024205
v -0.031034 0.090393 -0.025781
v -0.030209 0.088284 -0.028777
v -0.033718 0.105134 -0.021186
v -0.037393 0.107326 -0.020028
v -0.077789 0.102011 0.034775
v -0.075040 0.110648 0.045539
v -0.078569 0.106478 0.033072
v -0.080712 0.098836 0.033265
v -0.083294 0.095613 0.031334
v -0.085134 0.092379 0.028885
v -0.086407 0.089146 0.026254
v -0.049678 0.138962 0.017076
v -0.052527 0.140372 0.023929
v -0.064290 0.122706 0.047910
v -0.040620 0.054382 -0.011275
v -0.041508 0.058353 -0.011976
v -0.042759 0.062259 -0.013296
v -0.035214 0.073680 -0.020198
v -0.054676 0.055032 -0.005301
v -0.056362 0.057287 -0.001958
v -0.080464 0.071518 0.011100
v -0.078182 0.069495 0.007739
v -0.075610 0.067657 0.004621
v -0.072684 0.066054 0.001767
v -0.081966 0.073978 0.014444
v -0.069056 0.066172 -0.003759
v -0.083025 0.076664 0.017743
v -0.084511 0.079120 0.021139
v -0.059093 0.060783 -0.003319
v -0.061850 0.063566 -0.005381
v -0.084826 0.082111 0.024210
v -0.031037 0.084567 -0.030723
v -0.038600 0.120633 -0.011443
v -0.037673 0.123780 -0.008295
v -0.036818 0.125766 -0.004194
v -0.039470 0.117171 -0.014207
v -0.040311 0.113451 -0.016688
v -0.041054 0.109626 -0.018967
v -0.066429 0.117463 0.050427
v -0.070148 0.114400 0.050322
v -0.074431 0.112837 0.049235
v -0.079401 0.109286 0.039721
v -0.079197 0.110376 0.043785
v -0.078864 0.108484 0.035968
v -0.086587 0.086131 0.023269
v -0.043505 0.128642 0.001230
v -0.040347 0.127299 -0.001641
v -0.045691 0.130266 0.004448
v -0.047323 0.133430 0.007352
v -0.048472 0.136663 0.010076
v -0.049261 0.139842 0.012826
v -0.051685 0.141658 0.019751
v -0.061486 0.135096 0.037155
v -0.063480 0.132348 0.040525
v -0.064931 0.129974 0.044146
v -0.058367 0.138933 0.032651
v -0.066077 0.127687 0.047778
v -0.055688 0.141228 0.030410
v -0.053889 0.143162 0.026874
v -0.037159 0.071776 -0.017410
v -0.040805 0.068930 -0.016280
v -0.044158 0.066057 -0.015030
v -0.033148 0.081856 -0.028034
v -0.034243 0.079600 -0.024094
v -0.036470 0.077810 -0.020696
v -0.044849 0.055311 -0.010989
v -0.048889 0.056342 -0.010105
v -0.052470 0.057786 -0.008306
v -0.072445 0.067652 -0.001686
v -0.065467 0.064906 -0.005472
v -0.034393 0.096742 -0.023034
v -0.034122 0.100994 -0.022223
v -0.034711 0.092498 -0.023891
v -0.032534 0.086162 -0.027219
v -0.037876 0.103160 -0.021186
v -0.041593 0.105426 -0.020396
v -0.080884 0.102796 0.031629
v -0.078371 0.113182 0.046797
v -0.082074 0.109877 0.033350
v -0.083545 0.099721 0.029866
v -0.085920 0.096639 0.027775
v -0.087578 0.093417 0.025371
v -0.088658 0.090151 0.022664
v -0.050762 0.142675 0.015506
v -0.053265 0.144607 0.022544
v -0.059926 0.137014 0.034903
v -0.067402 0.125011 0.050782
v -0.046060 0.059269 -0.012083
v -0.047212 0.063430 -0.012943
v -0.038812 0.075653 -0.018587
v -0.055474 0.059571 -0.005604
v -0.083059 0.075103 0.010110
v -0.081147 0.072850 0.006731
v -0.078415 0.071065 0.003666
v -0.075607 0.069261 0.000772
v -0.084441 0.077646 0.013489
v -0.071707 0.069581 -0.005284
v -0.067962 0.068312 -0.006968
v -0.085918 0.080111 0.016907
v -0.086334 0.083139 0.020153
v -0.057584 0.063452 -0.006933
v -0.064243 0.066920 -0.008457
v -0.034934 0.088118 -0.024450
v -0.042007 0.123382 -0.010071
v -0.042908 0.119874 -0.013114
v -0.041251 0.126062 -0.006205
v -0.043729 0.115972 -0.015557
v -0.044574 0.111708 -0.017168
v -0.045255 0.107655 -0.019205
v -0.068436 0.121701 0.052751
v -0.080851 0.106091 0.030315
v -0.071313 0.118442 0.052797
v -0.073477 0.115705 0.051811
v -0.077587 0.115730 0.050168
v -0.083116 0.110515 0.041361
v -0.082832 0.110093 0.037104
v -0.082747 0.112320 0.045455
v -0.082162 0.108677 0.029903
v -0.088222 0.087208 0.019400
v -0.047377 0.129795 0.000709
v -0.045355 0.127439 -0.003678
v -0.048498 0.133390 0.003431
v -0.049253 0.136958 0.005925
v -0.049156 0.140447 0.008510
v -0.050198 0.143706 0.011081
v -0.051963 0.145709 0.018260
v -0.062839 0.139139 0.037051
v -0.064721 0.136531 0.040116
v -0.066297 0.133964 0.043582
v -0.067829 0.131504 0.047106
v -0.057784 0.143545 0.032853
v -0.060162 0.141368 0.035236
v -0.069421 0.128898 0.050354
v -0.055882 0.145604 0.029563
v -0.054170 0.147360 0.025618
v -0.042239 0.072829 -0.017787
v -0.045499 0.070113 -0.016354
v -0.048530 0.067473 -0.014342
v -0.034478 0.083759 -0.024279
v -0.037408 0.081902 -0.021466
v -0.040438 0.079621 -0.019784
v -0.050056 0.060551 -0.010941
v -0.053690 0.062110 -0.008944
v -0.075285 0.070923 -0.003121
v -0.060180 0.066146 -0.009376
v -0.038498 0.094678 -0.022962
v -0.038220 0.098942 -0.022074
v -0.038676 0.090319 -0.023544
v -0.041996 0.101133 -0.021197
v -0.045739 0.103516 -0.021026
v -0.083491 0.103595 0.028392
v -0.081519 0.115870 0.048004
v -0.084712 0.111687 0.030181
v -0.085951 0.111303 0.034086
v -0.085951 0.100821 0.026307
v -0.087807 0.097796 0.024051
v -0.089171 0.094570 0.021780
v -0.089467 0.091421 0.018772
v -0.051078 0.146527 0.013736
v -0.052861 0.148950 0.021092
v -0.071302 0.125846 0.052931
v -0.051302 0.064774 -0.011851
v -0.043611 0.076872 -0.018958
v -0.085325 0.078908 0.009183
v -0.083634 0.076527 0.005760
v -0.081323 0.074471 0.002532
v -0.078285 0.072790 -0.000372
v -0.086848 0.081420 0.012636
v -0.070725 0.071360 -0.009033
v -0.074691 0.072506 -0.007228
v -0.066810 0.070066 -0.010644
v -0.087438 0.084321 0.016055
v -0.055715 0.065928 -0.010209
v -0.062778 0.068866 -0.011847
v -0.038174 0.085971 -0.022508
v -0.046350 0.122252 -0.011471
v -0.045718 0.125329 -0.007901
v -0.047173 0.118462 -0.014324
v -0.048002 0.114171 -0.016066
v -0.048784 0.110163 -0.018360
v -0.049387 0.105733 -0.019575
v -0.073675 0.122337 0.053355
v -0.083037 0.107365 0.026965
v -0.075958 0.119009 0.052432
v -0.080171 0.119254 0.050599
v -0.086736 0.111343 0.038329
v -0.086693 0.112422 0.042863
v -0.086010 0.115042 0.046692
v -0.084807 0.110383 0.026668
v -0.089186 0.088443 0.015368
v -0.050085 0.133300 -0.000281
v -0.049875 0.129746 -0.002559
v -0.050270 0.136981 0.001997
v -0.049913 0.140866 0.003886
v -0.048543 0.143923 0.007114
v -0.048148 0.147628 0.009567
v -0.052238 0.149504 0.016570
v -0.062591 0.143415 0.037997
v -0.065071 0.140850 0.040299
v -0.066679 0.138271 0.043623
v -0.068742 0.135625 0.046790
v -0.071084 0.132907 0.049808
v -0.057597 0.148039 0.032523
v -0.059912 0.145784 0.035560
v -0.073624 0.129833 0.052228
v -0.055477 0.149751 0.028797
v -0.054509 0.150071 0.024501
v -0.046764 0.074287 -0.017317
v -0.049841 0.071638 -0.015691
v -0.052683 0.068992 -0.013700
v -0.041497 0.083646 -0.021223
v -0.044782 0.081021 -0.020145
v -0.078351 0.073996 -0.004835
v -0.058596 0.067949 -0.012502
v -0.042285 0.096862 -0.022097
v -0.042426 0.092483 -0.022765
v -0.042148 0.087908 -0.022366
v -0.046097 0.099135 -0.021691
v -0.049879 0.101552 -0.021489
v -0.085179 0.104759 0.024636
v -0.084526 0.118877 0.049107
v -0.087416 0.113179 0.026912
v -0.088630 0.113159 0.030921
v -0.089702 0.113339 0.035095
v -0.087512 0.102165 0.022290
v -0.088876 0.098958 0.020497
v -0.089709 0.095775 0.018099
v -0.089807 0.092816 0.014792
v -0.049717 0.126587 -0.005382
v -0.050630 0.150168 0.012430
v -0.054008 0.152702 0.018971
v -0.075941 0.126344 0.052751
v -0.054847 0.152783 0.023385
v -0.054199 0.067460 -0.011955
v -0.048106 0.078249 -0.019095
v -0.086716 0.083250 0.008347
v -0.085034 0.080836 0.004941
v -0.083165 0.078487 0.001593
v -0.080922 0.076267 -0.001668
v -0.087886 0.085841 0.011857
v -0.069159 0.073343 -0.012641
v -0.073083 0.074684 -0.010802
v -0.076418 0.076425 -0.008254
v -0.065125 0.072082 -0.014081
v -0.060904 0.070955 -0.014968
v -0.050655 0.120593 -0.012416
v -0.049949 0.123903 -0.009105
v -0.051442 0.116606 -0.014794
v -0.052245 0.112596 -0.017134
v -0.052965 0.108227 -0.018646
v -0.053426 0.103706 -0.019601
v -0.078134 0.122857 0.052031
v -0.084803 0.108833 0.023288
v -0.082593 0.123015 0.050581
v -0.090190 0.113650 0.039526
v -0.089467 0.115398 0.043590
v -0.088637 0.118663 0.046885
v -0.087239 0.111853 0.023226
v -0.089676 0.089956 0.011229
v -0.052893 0.132898 -0.003185
v -0.052625 0.136662 -0.001340
v -0.053322 0.129066 -0.004793
v -0.052434 0.140378 0.000618
v -0.048047 0.144639 0.002913
v -0.045447 0.146643 0.005556
v -0.047602 0.151892 0.009766
v -0.052736 0.153047 0.014997
v -0.062980 0.147914 0.037922
v -0.065746 0.145097 0.040031
v -0.067639 0.142443 0.043048
v -0.069752 0.139752 0.046248
v -0.072276 0.136973 0.049084
v -0.075259 0.133993 0.051346
v -0.060658 0.150199 0.034811
v -0.058084 0.152255 0.031519
v -0.078238 0.130579 0.052835
v -0.056068 0.153334 0.027368
v -0.051282 0.075325 -0.017994
v -0.054175 0.072511 -0.016618
v -0.056608 0.070008 -0.014972
v -0.045647 0.085240 -0.021674
v -0.049089 0.082235 -0.021218
v -0.079809 0.078162 -0.005686
v -0.046273 0.094682 -0.021993
v -0.046125 0.089933 -0.021811
v -0.050159 0.097097 -0.021954
v -0.053913 0.099419 -0.021366
v -0.086361 0.106228 0.020540
v -0.086681 0.122886 0.048369
v -0.090459 0.115800 0.027790
v -0.090366 0.114481 0.023781
v -0.091702 0.116172 0.031910
v -0.092558 0.116741 0.036118
v -0.089332 0.099991 0.017642
v -0.089612 0.097225 0.014248
v -0.089291 0.094477 0.010807
v -0.053726 0.125261 -0.006535
v -0.051012 0.144092 0.000908
v -0.044588 0.150180 0.007112
v -0.051182 0.153776 0.011356
v -0.056179 0.154678 0.016343
v -0.057217 0.155109 0.020637
v -0.080681 0.126804 0.052546
v -0.058786 0.154808 0.024646
v -0.052491 0.079155 -0.020256
v -0.088740 0.087359 0.007545
v -0.087153 0.084897 0.003965
v -0.084947 0.082573 0.000621
v -0.082574 0.080288 -0.002606
v -0.070977 0.077132 -0.014147
v -0.066999 0.075752 -0.015838
v -0.074541 0.078716 -0.011886
v -0.077812 0.080451 -0.009220
v -0.062746 0.074517 -0.016817
v -0.058452 0.073410 -0.017223
v -0.054911 0.118695 -0.012811
v -0.054082 0.121960 -0.009670
v -0.055701 0.114791 -0.015261
v -0.056419 0.110531 -0.017104
v -0.057046 0.106140 -0.018453
v -0.057391 0.101572 -0.019191
v -0.086674 0.110358 0.019612
v -0.084903 0.126983 0.049992
v -0.092313 0.117157 0.040181
v -0.091480 0.118795 0.043428
v -0.090259 0.122774 0.045517
v -0.090035 0.112993 0.019833
v -0.088257 0.103946 0.017350
v -0.088536 0.091871 0.007242
v -0.056370 0.132053 -0.005320
v -0.055750 0.136016 -0.003866
v -0.055297 0.139950 -0.002195
v -0.057072 0.128079 -0.006561
v -0.054458 0.144214 -0.000973
v -0.047780 0.146252 -0.000916
v -0.044440 0.146586 0.001190
v -0.041942 0.148789 0.003832
v -0.044469 0.153919 0.007093
v -0.047816 0.155803 0.009401
v -0.054515 0.155654 0.012719
v -0.064867 0.151433 0.035996
v -0.067101 0.149165 0.039214
v -0.069085 0.146498 0.042081
v -0.071078 0.143559 0.044852
v -0.073607 0.140502 0.047465
v -0.076589 0.137798 0.049697
v -0.079774 0.134581 0.051010
v -0.062536 0.153473 0.032747
v -0.060578 0.154481 0.028795
v -0.082683 0.130931 0.051184
v -0.055685 0.076218 -0.018854
v -0.049828 0.087213 -0.021704
v -0.053316 0.083271 -0.021352
v -0.080838 0.082392 -0.006343
v -0.050167 0.092464 -0.021794
v -0.054012 0.094967 -0.021584
v -0.057754 0.097202 -0.020533
v -0.087838 0.108152 0.016568
v -0.087964 0.126701 0.046547
v -0.092210 0.119418 0.028895
v -0.092971 0.117830 0.024744
v -0.093044 0.116162 0.020546
v -0.092882 0.120239 0.033149
v -0.092822 0.119308 0.038815
v -0.089055 0.101558 0.013792
v -0.089113 0.098985 0.010319
v -0.088538 0.096350 0.006819
v -0.057789 0.124080 -0.007792
v -0.051024 0.146778 -0.001854
v -0.041017 0.152305 0.005164
v -0.052124 0.157071 0.010055
v -0.058126 0.155760 0.013125
v -0.059835 0.155765 0.017238
v -0.061474 0.155870 0.021365
v -0.063272 0.155610 0.025381
v -0.056745 0.080222 -0.020318
v -0.087357 0.089319 0.003646
v -0.086107 0.086814 -0.000033
v -0.083746 0.084508 -0.003311
v -0.068402 0.080008 -0.017064
v -0.072281 0.081428 -0.015270
v -0.064217 0.078590 -0.018201
v -0.075839 0.082755 -0.013015
v -0.078912 0.084521 -0.010109
v -0.059966 0.077305 -0.018856
v -0.059067 0.116716 -0.012795
v -0.058217 0.120201 -0.009994
v -0.059800 0.112694 -0.015056
v -0.060483 0.108411 -0.016797
v -0.061100 0.104013 -0.018043
v -0.061278 0.099354 -0.018470
v -0.089073 0.111596 0.015981
v -0.086313 0.130813 0.048040
v -0.092446 0.122437 0.041666
v -0.090833 0.126389 0.043070
v -0.092510 0.114440 0.016277
v -0.093331 0.121459 0.037449
v -0.087405 0.105787 0.013384
v -0.087389 0.093780 0.003334
v -0.060086 0.131066 -0.007153
v -0.059178 0.135144 -0.006053
v -0.058433 0.139296 -0.004882
v -0.058657 0.143314 -0.002465
v -0.061044 0.126946 -0.008000
v -0.054445 0.148492 -0.002133
v -0.044374 0.148147 -0.003015
v -0.047868 0.149259 -0.003615
v -0.040898 0.148537 -0.000646
v -0.038430 0.150853 0.002076
v -0.044886 0.157790 0.006459
v -0.040523 0.155853 0.005635
v -0.048669 0.159494 0.008225
v -0.057385 0.156802 0.009280
v -0.069478 0.151770 0.036490
v -0.067292 0.153508 0.033006
v -0.071554 0.149348 0.039559
v -0.073363 0.146913 0.042662
v -0.074818 0.143877 0.045439
v -0.077564 0.140957 0.047348
v -0.080742 0.138182 0.048422
v -0.083787 0.134682 0.048630
v -0.065203 0.154803 0.029282
v -0.053844 0.086808 -0.021647
v -0.057433 0.084302 -0.020853
v -0.081612 0.086654 -0.006872
v -0.054062 0.090613 -0.022022
v -0.057738 0.092760 -0.020998
v -0.061269 0.094801 -0.018825
v -0.088442 0.109737 0.012300
v -0.088807 0.130350 0.044119
v -0.092640 0.123485 0.030043
v -0.093793 0.122168 0.025743
v -0.094538 0.120548 0.021450
v -0.094218 0.118867 0.017061
v -0.092712 0.124592 0.034420
v -0.087969 0.103349 0.010025
v -0.087896 0.100785 0.006569
v -0.087125 0.098197 0.003102
v -0.058233 0.146596 -0.001865
v -0.061862 0.122842 -0.008941
v -0.051157 0.150736 -0.003570
v -0.037425 0.154415 0.003412
v -0.053395 0.159941 0.007460
v -0.060575 0.156274 0.009725
v -0.061934 0.155982 0.013672
v -0.063874 0.156170 0.017721
v -0.065817 0.156226 0.021733
v -0.067821 0.155876 0.025695
v -0.060947 0.081557 -0.019765
v -0.086073 0.091296 -0.000226
v -0.084511 0.088864 -0.003828
v -0.069029 0.084950 -0.017376
v -0.065125 0.083120 -0.018908
v -0.072914 0.087151 -0.015715
v -0.076280 0.086705 -0.013457
v -0.079121 0.088764 -0.010239
v -0.063075 0.114705 -0.012308
v -0.062319 0.118470 -0.009727
v -0.063564 0.110383 -0.014197
v -0.064183 0.106024 -0.015650
v -0.064978 0.101732 -0.017129
v -0.065132 0.097075 -0.017550
v -0.090701 0.113446 0.012060
v -0.087048 0.134509 0.045283
v -0.092501 0.125713 0.038892
v -0.090851 0.129755 0.040080
v -0.093268 0.117347 0.012706
v -0.086645 0.108093 0.009962
v -0.086099 0.095738 -0.000465
v -0.064106 0.129972 -0.008284
v -0.062944 0.134154 -0.007535
v -0.061829 0.138262 -0.006613
v -0.060253 0.141660 -0.005560
v -0.061683 0.148104 -0.003316
v -0.065175 0.125781 -0.008822
v -0.057810 0.149877 -0.001265
v -0.054389 0.152602 -0.002627
v -0.044769 0.151390 -0.005675
v -0.041025 0.150236 -0.004887
v -0.048267 0.153056 -0.005490
v -0.037407 0.150526 -0.002414
v -0.034898 0.152790 0.000508
v -0.041794 0.159559 0.003563
v -0.045172 0.161837 0.006331
v -0.036996 0.158145 0.003795
v -0.050084 0.162745 0.005810
v -0.057588 0.158896 0.005311
v -0.061370 0.155563 0.006398
v -0.071978 0.153463 0.033157
v -0.074098 0.151366 0.036522
v -0.069883 0.154852 0.029489
v -0.076002 0.148973 0.039704
v -0.077526 0.146324 0.042590
v -0.078363 0.143629 0.045000
v -0.081382 0.141230 0.045452
v -0.084365 0.138160 0.045653
v -0.057823 0.088484 -0.021098
v -0.061377 0.085956 -0.019692
v -0.082352 0.090982 -0.007388
v -0.061353 0.090362 -0.019310
v -0.065270 0.092502 -0.018198
v -0.088711 0.112585 0.007711
v -0.089276 0.133905 0.041216
v -0.092065 0.127625 0.031162
v -0.093326 0.126503 0.026834
v -0.094515 0.125151 0.022503
v -0.094547 0.123578 0.018126
v -0.093984 0.122034 0.013824
v -0.091674 0.128761 0.035585
v -0.086573 0.105164 0.006494
v -0.086001 0.102557 0.003081
v -0.085207 0.100112 -0.000386
v -0.062073 0.144025 -0.006237
v -0.066041 0.121485 -0.008996
v -0.051573 0.155006 -0.004533
v -0.033779 0.156829 0.002139
v -0.054315 0.161852 0.003634
v -0.063766 0.155747 0.010170
v -0.065994 0.156153 0.014066
v -0.068134 0.156360 0.018000
v -0.070302 0.156371 0.021939
v -0.072431 0.155660 0.025782
v -0.084541 0.093315 -0.003948
v -0.065364 0.087838 -0.018678
v -0.069123 0.090051 -0.017015
v -0.076372 0.090801 -0.013293
v -0.079492 0.093155 -0.010377
v -0.066516 0.116960 -0.009172
v -0.067209 0.112819 -0.011165
v -0.067151 0.107972 -0.013215
v -0.068045 0.103790 -0.014765
v -0.068659 0.099395 -0.015713
v -0.068990 0.094823 -0.016439
v -0.091416 0.116150 0.008481
v -0.087402 0.138033 0.042249
v -0.090280 0.132933 0.036735
v -0.092623 0.120673 0.009688
v -0.085831 0.109976 0.006281
v -0.083748 0.097700 -0.003733
v -0.068326 0.128829 -0.008812
v -0.066990 0.133070 -0.008407
v -0.065600 0.137399 -0.007750
v -0.063962 0.141125 -0.007361
v -0.062417 0.149160 -0.007199
v -0.061579 0.151995 -0.000018
v -0.069425 0.124535 -0.008747
v -0.057385 0.154424 -0.000548
v -0.054435 0.157107 -0.002300
v -0.045315 0.155284 -0.007569
v -0.041608 0.153589 -0.007686
v -0.037671 0.152380 -0.006665
v -0.048707 0.157337 -0.006551
v -0.033913 0.152424 -0.004150
v -0.031091 0.154551 -0.001106
v -0.041745 0.164127 0.004426
v -0.038921 0.161493 0.000994
v -0.046771 0.165557 0.004296
v -0.034145 0.159993 0.001001
v -0.051167 0.164629 0.001821
v -0.059859 0.155751 0.002528
v -0.056732 0.158758 0.000981
v -0.065787 0.155265 0.006531
v -0.074526 0.154498 0.029551
v -0.076621 0.152806 0.033180
v -0.078594 0.150417 0.036519
v -0.080303 0.147384 0.039591
v -0.081253 0.144258 0.042542
v -0.084569 0.141443 0.042546
v -0.081839 0.095356 -0.007037
v -0.072878 0.092707 -0.015226
v -0.088733 0.115380 0.004352
v -0.089549 0.137349 0.038128
v -0.091964 0.130662 0.027821
v -0.090917 0.131812 0.032218
v -0.093285 0.129538 0.023487
v -0.093989 0.128171 0.019158
v -0.093832 0.126653 0.014878
v -0.093006 0.125173 0.010731
v -0.086717 0.113282 0.003403
v -0.084853 0.106908 0.003128
v -0.084251 0.104443 -0.000372
v -0.082961 0.102051 -0.003616
v -0.064855 0.143599 -0.009593
v -0.062896 0.146690 -0.010440
v -0.063285 0.152061 -0.003983
v -0.070301 0.120228 -0.008574
v -0.051572 0.159663 -0.004193
v -0.029236 0.158569 0.000953
v -0.053841 0.161571 -0.000868
v -0.063577 0.153886 0.003043
v -0.068057 0.155845 0.010303
v -0.070324 0.156269 0.014164
v -0.072609 0.156290 0.018056
v -0.074828 0.155955 0.021950
v -0.076949 0.155093 0.025811
v -0.076270 0.095238 -0.012965
v -0.078871 0.097445 -0.009791
v -0.070939 0.115791 -0.008411
v -0.069734 0.109817 -0.011182
v -0.070828 0.105746 -0.012375
v -0.071756 0.101590 -0.013481
v -0.072532 0.097283 -0.014529
v -0.090666 0.119556 0.005621
v -0.087509 0.141474 0.039202
v -0.089800 0.136144 0.033441
v -0.091450 0.123879 0.006823
v -0.084700 0.111185 0.002454
v -0.081115 0.099673 -0.006703
v -0.071306 0.131935 -0.008396
v -0.072577 0.127608 -0.008396
v -0.069810 0.136187 -0.008056
v -0.068089 0.140469 -0.008439
v -0.062565 0.150903 -0.011170
v -0.063661 0.153284 -0.007798
v -0.065084 0.154052 -0.000706
v -0.073700 0.123265 -0.008166
v -0.045677 0.159647 -0.008639
v -0.042164 0.157498 -0.009622
v -0.038360 0.155765 -0.009662
v -0.034248 0.154454 -0.008506
v -0.048608 0.162167 -0.006215
v -0.030330 0.154248 -0.006028
v -0.027082 0.155910 -0.002991
v -0.038610 0.166498 0.002196
v -0.043369 0.168319 0.002700
v -0.036291 0.163556 -0.001489
v -0.047998 0.167421 0.000082
v -0.028982 0.160806 -0.001463
v -0.050879 0.164289 -0.002816
v -0.067560 0.155171 0.002624
v -0.069980 0.155561 0.006281
v -0.078931 0.153562 0.029544
v -0.080935 0.151395 0.033096
v -0.083249 0.148035 0.036368
v -0.084226 0.144748 0.039483
v -0.072042 0.111787 -0.008956
v -0.088397 0.118902 0.001465
v -0.085443 0.115431 0.000396
v -0.089492 0.140671 0.035002
v -0.090179 0.134773 0.028718
v -0.091385 0.133641 0.024307
v -0.092394 0.132372 0.020015
v -0.092847 0.130981 0.015779
v -0.092652 0.129567 0.011614
v -0.091549 0.128421 0.007731
v -0.082829 0.108607 -0.000137
v -0.081719 0.106247 -0.003264
v -0.080117 0.103913 -0.006326
v -0.067764 0.143066 -0.012022
v -0.064337 0.145226 -0.013510
v -0.062848 0.148737 -0.014492
v -0.066001 0.154867 -0.004547
v -0.074461 0.118915 -0.007554
v -0.025077 0.159756 -0.001227
v -0.032120 0.161677 -0.001661
v -0.072297 0.155892 0.010146
v -0.074719 0.156179 0.014038
v -0.077083 0.155845 0.017970
v -0.079270 0.155257 0.021990
v -0.081250 0.154101 0.025866
v -0.075549 0.099558 -0.012117
v -0.078001 0.101667 -0.009148
v -0.074957 0.114587 -0.006761
v -0.073404 0.107810 -0.010072
v -0.074624 0.103740 -0.011184
v -0.089251 0.122902 0.003134
v -0.087125 0.144695 0.036023
v -0.089530 0.139352 0.030102
v -0.089530 0.127011 0.004197
v -0.081918 0.112470 -0.000726
v -0.075487 0.130761 -0.007511
v -0.074051 0.135047 -0.007278
v -0.076693 0.126375 -0.007224
v -0.072414 0.139107 -0.007265
v -0.071318 0.142663 -0.009499
v -0.062364 0.152601 -0.015279
v -0.063356 0.155050 -0.011761
v -0.065799 0.156731 -0.008547
v -0.068785 0.155778 -0.001386
v -0.077815 0.121938 -0.006777
v -0.042426 0.161944 -0.010552
v -0.045491 0.164582 -0.008219
v -0.038881 0.159721 -0.011589
v -0.034978 0.157879 -0.011599
v -0.030775 0.156509 -0.010346
v -0.047794 0.166981 -0.004766
v -0.026731 0.156100 -0.008036
v -0.023180 0.157196 -0.005217
v -0.035773 0.169069 -0.000428
v -0.040050 0.170899 0.000846
v -0.044817 0.170199 -0.001748
v -0.033708 0.164941 -0.003953
v -0.025552 0.162102 -0.004143
v -0.029599 0.163210 -0.004270
v -0.071913 0.156136 0.002023
v -0.074078 0.155258 0.006025
v -0.082883 0.152225 0.029562
v -0.083881 0.149860 0.033023
v -0.075521 0.110048 -0.007107
v -0.087474 0.122803 -0.000916
v -0.085275 0.119379 -0.002084
v -0.089198 0.143868 0.032036
v -0.089635 0.137711 0.025016
v -0.090635 0.136302 0.020697
v -0.091157 0.135039 0.016340
v -0.091303 0.133388 0.012302
v -0.091440 0.130850 0.008092
v -0.089402 0.132363 0.004856
v -0.081924 0.116501 -0.002693
v -0.080179 0.110037 -0.003377
v -0.078653 0.107986 -0.005614
v -0.076915 0.105873 -0.008416
v -0.071604 0.143878 -0.014025
v -0.067702 0.144296 -0.016225
v -0.064384 0.146773 -0.017692
v -0.062874 0.150237 -0.018677
v -0.068646 0.157629 -0.005525
v -0.078327 0.117666 -0.005453
v -0.021482 0.160623 -0.004546
v -0.033445 0.167762 -0.003624
v -0.076523 0.155473 0.009883
v -0.079082 0.155375 0.013735
v -0.081472 0.154905 0.017916
v -0.083556 0.154019 0.022113
v -0.086785 0.147559 0.032812
v -0.085267 0.152424 0.025971
v -0.078247 0.113280 -0.004094
v -0.088081 0.126010 0.000557
v -0.090149 0.142975 0.028581
v -0.087656 0.129852 0.001458
v -0.077970 0.133947 -0.005680
v -0.079319 0.129574 -0.005728
v -0.076648 0.138226 -0.005953
v -0.080630 0.125142 -0.005570
v -0.075066 0.142327 -0.006641
v -0.074285 0.145461 -0.010932
v -0.062810 0.156809 -0.015751
v -0.062104 0.154132 -0.019411
v -0.065370 0.158627 -0.012489
v -0.068323 0.159668 -0.009516
v -0.071616 0.157911 -0.002734
v -0.081470 0.120724 -0.004469
v -0.042308 0.166895 -0.010236
v -0.039196 0.164165 -0.012569
v -0.044608 0.169434 -0.006753
v -0.035578 0.161915 -0.013555
v -0.031541 0.160041 -0.013360
v -0.027283 0.158666 -0.012133
v -0.023148 0.158142 -0.010175
v -0.018419 0.159575 -0.007792
v -0.033210 0.171755 -0.003231
v -0.036533 0.173412 -0.000958
v -0.041579 0.172683 -0.003750
v -0.030857 0.166403 -0.006339
v -0.021873 0.163172 -0.006600
v -0.026503 0.164446 -0.006824
v -0.076434 0.154725 0.002069
v -0.077873 0.154508 0.005777
v -0.086379 0.150144 0.029535
v -0.084310 0.123834 -0.003538
v -0.086373 0.127201 -0.001869
v -0.089057 0.146983 0.029181
v -0.091180 0.141975 0.025532
v -0.091216 0.140420 0.021799
v -0.090681 0.138296 0.018164
v -0.089780 0.137728 0.012537
v -0.089592 0.135346 0.008774
v -0.086794 0.134535 0.001746
v -0.074601 0.147239 -0.015279
v -0.071944 0.145169 -0.018317
v -0.067785 0.145317 -0.020565
v -0.064346 0.147987 -0.021992
v -0.062692 0.151588 -0.022901
v -0.071549 0.159989 -0.006867
v -0.030650 0.170098 -0.006163
v -0.075366 0.155656 -0.001805
v -0.080536 0.154276 0.009364
v -0.083557 0.153979 0.012863
v -0.085616 0.153545 0.018336
v -0.087589 0.152099 0.022374
v -0.088644 0.149795 0.025977
v -0.090613 0.146139 0.025743
v -0.090726 0.140289 0.015631
v -0.087862 0.137407 0.005239
v -0.084973 0.131593 -0.001298
v -0.081585 0.132858 -0.003609
v -0.080394 0.137172 -0.003740
v -0.083161 0.128487 -0.004101
v -0.078964 0.141338 -0.004024
v -0.076400 0.147219 -0.007947
v -0.075629 0.149468 -0.011936
v -0.062345 0.158518 -0.019823
v -0.064906 0.160605 -0.016426
v -0.061878 0.155637 -0.023548
v -0.068039 0.161679 -0.013471
v -0.071466 0.162102 -0.010836
v -0.075332 0.157547 -0.005772
v -0.038910 0.168971 -0.012104
v -0.041264 0.171593 -0.008745
v -0.035795 0.166427 -0.014258
v -0.032208 0.164264 -0.015217
v -0.028084 0.162308 -0.014916
v -0.023786 0.160945 -0.013962
v -0.019193 0.160151 -0.012513
v -0.018641 0.164230 -0.009405
v -0.030464 0.174090 -0.005775
v -0.033366 0.175841 -0.003007
v -0.038277 0.174988 -0.005796
v -0.027845 0.168041 -0.008771
v -0.023468 0.165805 -0.009492
v -0.077910 0.153314 0.002012
v -0.081414 0.152898 0.005312
v -0.091833 0.144868 0.022211
v -0.091606 0.142887 0.018620
v -0.088931 0.142693 0.012331
v -0.087905 0.139861 0.009072
v -0.085360 0.139054 0.001914
v -0.083577 0.135957 -0.000900
v -0.077949 0.145267 -0.004522
v -0.075108 0.148808 -0.019496
v -0.075126 0.151519 -0.015988
v -0.072072 0.146557 -0.022584
v -0.067775 0.146473 -0.024893
v -0.064307 0.149218 -0.026280
v -0.062636 0.152939 -0.027132
v -0.075477 0.159608 -0.009667
v -0.014588 0.161510 -0.010884
v -0.027903 0.172119 -0.008738
v -0.076826 0.153735 -0.005413
v -0.078009 0.151903 -0.001715
v -0.084445 0.152268 0.008508
v -0.086959 0.152930 0.015307
v -0.089585 0.151427 0.018688
v -0.090449 0.148926 0.022385
v -0.091212 0.145313 0.015041
v -0.085834 0.141540 0.005688
v -0.082028 0.140157 -0.000846
v -0.080897 0.144144 -0.001215
v -0.076693 0.151527 -0.008771
v -0.077608 0.149592 -0.004941
v -0.076677 0.153351 -0.012750
v -0.062219 0.160137 -0.023951
v -0.064598 0.162414 -0.020490
v -0.067771 0.163687 -0.017447
v -0.061821 0.157098 -0.027729
v -0.071418 0.164084 -0.014835
v -0.075734 0.161697 -0.013556
v -0.076929 0.155478 -0.009338
v -0.035445 0.171034 -0.013873
v -0.037775 0.173580 -0.010640
v -0.032362 0.168701 -0.015907
v -0.028791 0.166506 -0.016836
v -0.024644 0.164594 -0.016580
v -0.020326 0.163127 -0.016043
v -0.016226 0.162811 -0.015241
v -0.020638 0.167548 -0.012140
v -0.015837 0.165906 -0.012402
v -0.027704 0.176271 -0.008231
v -0.030334 0.178193 -0.005196
v -0.034997 0.177074 -0.007911
v -0.024901 0.169814 -0.011156
v -0.081078 0.150543 0.001642
v -0.084154 0.149701 0.004837
v -0.087623 0.151474 0.011639
v -0.091723 0.147589 0.018704
v -0.087145 0.144526 0.008869
v -0.090036 0.147500 0.011244
v -0.083277 0.142877 0.002418
v -0.079835 0.148050 -0.001597
v -0.074845 0.153452 -0.020018
v -0.075269 0.150184 -0.023945
v -0.076594 0.155111 -0.016793
v -0.072182 0.147540 -0.026941
v -0.067780 0.147568 -0.029286
v -0.064398 0.150477 -0.030621
v -0.062701 0.154326 -0.031418
v -0.077347 0.157208 -0.013348
v -0.012585 0.163169 -0.014922
v -0.025200 0.174077 -0.011230
v -0.086667 0.148724 0.008355
v -0.090539 0.149870 0.014935
v -0.084981 0.145744 0.005375
v -0.082705 0.146870 0.001750
v -0.062251 0.161631 -0.028156
v -0.064531 0.164075 -0.024606
v -0.067608 0.165469 -0.021519
v -0.071324 0.165917 -0.018871
v -0.061888 0.158512 -0.031997
v -0.075913 0.163655 -0.017519
v -0.077807 0.158838 -0.017410
v -0.034295 0.175482 -0.012531
v -0.031959 0.173060 -0.015612
v -0.028871 0.170835 -0.017531
v -0.025328 0.168698 -0.018523
v -0.021204 0.166803 -0.018517
v -0.016402 0.165205 -0.018559
v -0.017979 0.169626 -0.014797
v -0.022057 0.171816 -0.013510
v -0.013408 0.167982 -0.015475
v -0.027374 0.180540 -0.007582
v -0.025016 0.178370 -0.010777
v -0.031739 0.179095 -0.010066
v -0.076419 0.156946 -0.020744
v -0.074352 0.155141 -0.023934
v -0.074648 0.151059 -0.028641
v -0.072322 0.148182 -0.031557
v -0.067861 0.148677 -0.033781
v -0.064757 0.151916 -0.034970
v -0.063008 0.155822 -0.035684
v -0.010623 0.165213 -0.018356
v -0.022428 0.176133 -0.013681
v -0.074500 0.153100 -0.026287
v -0.062390 0.163067 -0.032373
v -0.064553 0.165599 -0.028795
v -0.067562 0.167110 -0.025660
v -0.071174 0.167620 -0.022973
v -0.075747 0.165670 -0.021399
v -0.062190 0.160029 -0.036144
v -0.077846 0.160579 -0.021440
v -0.030842 0.177356 -0.014414
v -0.028460 0.175080 -0.017335
v -0.025444 0.172922 -0.019288
v -0.021914 0.170805 -0.020456
v -0.017803 0.168928 -0.020882
v -0.013513 0.167418 -0.021473
v -0.019275 0.173933 -0.015927
v -0.015425 0.171903 -0.017498
v -0.011207 0.170105 -0.018765
v -0.024447 0.182750 -0.010166
v -0.028497 0.181056 -0.012315
v -0.022269 0.180429 -0.013385
v -0.076690 0.158831 -0.024567
v -0.074123 0.157278 -0.027076
v -0.073544 0.152271 -0.033141
v -0.073844 0.154944 -0.029950
v -0.072594 0.149135 -0.036409
v -0.067941 0.149991 -0.038340
v -0.065039 0.153479 -0.039300
v -0.063303 0.157476 -0.039816
v -0.009591 0.167342 -0.022160
v -0.019627 0.178217 -0.016143
v -0.062668 0.164551 -0.036506
v -0.064703 0.167069 -0.032973
v -0.067584 0.168681 -0.029798
v -0.071150 0.169283 -0.027073
v -0.075636 0.167721 -0.025259
v -0.078371 0.163114 -0.024910
v -0.062534 0.161724 -0.040209
v -0.027390 0.179267 -0.016364
v -0.025037 0.177189 -0.019210
v -0.022098 0.175129 -0.021314
v -0.018664 0.172989 -0.022723
v -0.015062 0.171039 -0.023628
v -0.009629 0.170241 -0.025610
v -0.016604 0.176182 -0.018509
v -0.013143 0.174316 -0.020368
v -0.010019 0.172662 -0.022438
v -0.021563 0.184934 -0.013057
v -0.025365 0.182958 -0.014735
v -0.019530 0.182439 -0.016143
v -0.076938 0.160845 -0.028274
v -0.074049 0.158943 -0.030951
v -0.073183 0.156442 -0.034125
v -0.072490 0.153687 -0.037499
v -0.072291 0.150601 -0.041195
v -0.067456 0.151273 -0.042908
v -0.064965 0.155190 -0.043490
v -0.063361 0.159348 -0.043875
v -0.016991 0.180461 -0.018883
v -0.065007 0.168462 -0.037142
v -0.062964 0.166111 -0.040632
v -0.067821 0.170049 -0.033994
v -0.071223 0.170762 -0.031205
v -0.075644 0.169499 -0.029252
v -0.078720 0.165208 -0.028574
v -0.062695 0.163655 -0.044224
v -0.024032 0.181243 -0.018482
v -0.021646 0.179452 -0.021404
v -0.018837 0.177417 -0.023822
v -0.015749 0.174979 -0.025465
v -0.012382 0.172781 -0.026009
v -0.009502 0.174429 -0.027833
v -0.014185 0.178637 -0.021416
v -0.010989 0.176935 -0.023856
v -0.018989 0.186738 -0.017082
v -0.022455 0.184799 -0.017449
v -0.017220 0.184560 -0.019149
v -0.076750 0.162861 -0.031910
v -0.073832 0.160816 -0.034872
v -0.072577 0.158264 -0.038177
v -0.071746 0.155584 -0.041732
v -0.071353 0.152853 -0.045702
v -0.066778 0.153147 -0.047382
v -0.064544 0.157196 -0.047576
v -0.063018 0.161390 -0.047814
v -0.014762 0.182975 -0.021989
v -0.065191 0.169968 -0.041301
v -0.068168 0.171423 -0.038148
v -0.063122 0.167832 -0.044738
v -0.071484 0.172083 -0.035387
v -0.075681 0.171141 -0.033283
v -0.079042 0.166941 -0.032504
v -0.062596 0.165644 -0.048230
v -0.020811 0.183634 -0.020914
v -0.018440 0.182257 -0.024213
v -0.015864 0.179768 -0.026721
v -0.012716 0.176897 -0.027687
v -0.010280 0.178726 -0.028961
v -0.012165 0.181005 -0.024845
v -0.016640 0.187098 -0.022349
v -0.076507 0.164887 -0.035663
v -0.073511 0.162815 -0.038685
v -0.071921 0.160383 -0.042050
v -0.070851 0.157886 -0.045674
v -0.070198 0.155483 -0.049753
v -0.065950 0.155460 -0.051530
v -0.063839 0.159292 -0.051449
v -0.062575 0.163482 -0.051736
v -0.014228 0.185003 -0.026299
v -0.065184 0.171697 -0.045393
v -0.068250 0.172918 -0.042311
v -0.071652 0.173442 -0.039528
v -0.063101 0.169736 -0.048820
v -0.075561 0.172740 -0.037311
v -0.079290 0.168757 -0.036561
v -0.062215 0.167726 -0.052342
v -0.012037 0.182216 -0.028829
v -0.076156 0.167073 -0.039442
v -0.073084 0.165042 -0.042400
v -0.071188 0.162741 -0.045730
v -0.069881 0.160345 -0.049364
v -0.068912 0.158137 -0.053470
v -0.064768 0.158577 -0.054529
v -0.062984 0.161457 -0.055575
v -0.061920 0.165533 -0.056080
v -0.064909 0.173675 -0.049415
v -0.068057 0.174731 -0.046381
v -0.071486 0.175113 -0.043610
v -0.075259 0.174768 -0.041197
v -0.062762 0.171871 -0.052872
v -0.079291 0.170976 -0.040526
v -0.061616 0.169743 -0.056675
v -0.075639 0.169411 -0.043095
v -0.072601 0.167427 -0.046027
v -0.070427 0.165272 -0.049273
v -0.068802 0.162974 -0.052895
v -0.067206 0.160888 -0.056881
v -0.064557 0.163632 -0.059457
v -0.061679 0.166881 -0.060621
v -0.067557 0.177031 -0.050253
v -0.064314 0.175832 -0.053336
v -0.070996 0.177256 -0.047530
v -0.074650 0.176836 -0.045100
v -0.078926 0.173354 -0.044354
v -0.062168 0.173865 -0.056976
v -0.061494 0.171295 -0.061411
v -0.074957 0.171779 -0.046697
v -0.071835 0.169892 -0.049571
v -0.069374 0.167884 -0.052758
v -0.067423 0.165732 -0.056254
v -0.065622 0.168566 -0.059743
v -0.067114 0.179780 -0.054104
v -0.070812 0.179038 -0.051772
v -0.063704 0.178049 -0.057036
v -0.074119 0.178739 -0.049092
v -0.078187 0.175717 -0.048043
v -0.062294 0.175465 -0.060817
v -0.066040 0.173238 -0.060000
v -0.073961 0.174006 -0.050213
v -0.070659 0.172185 -0.053084
v -0.067950 0.170467 -0.056291
v -0.071623 0.181079 -0.055974
v -0.067772 0.180651 -0.058775
v -0.074087 0.179825 -0.053234
v -0.066269 0.177731 -0.059840
v -0.077063 0.177750 -0.051454
v -0.069073 0.174490 -0.056618
v -0.072504 0.175915 -0.053654
v -0.070424 0.178034 -0.056791
f 1//1 2//1 3//1 
f 1//2 4//2 2//2 
f 2//3 5//3 3//3 
f 6//4 1//4 3//4 
f 7//5 4//5 1//5 
f 4//6 8//6 2//6 
f 8//7 5//7 2//7 
f 9//8 3//8 5//8 
f 10//9 1//9 6//9 
f 6//10 3//10 11//10 
f 7//11 12//11 4//11 
f 7//12 1//12 10//12 
f 13//13 8//13 4//13 
f 8//14 14//14 5//14 
f 15//15 3//15 9//15 
f 9//16 5//16 16//16 
f 17//17 10//17 6//17 
f 15//18 11//18 3//18 
f 18//19 6//19 11//19 
f 19//20 12//20 7//20 
f 13//21 4//21 12//21 
f 7//22 10//22 20//22 
f 13//23 21//23 8//23 
f 21//24 14//24 8//24 
f 16//25 5//25 14//25 
f 15//26 9//26 22//26 
f 9//27 16//27 23//27 
f 17//28 24//28 10//28 
f 18//29 17//29 6//29 
f 15//30 25//30 11//30 
f 18//31 11//31 26//31 
f 19//32 27//32 12//32 
f 19//33 7//33 20//33 
f 13//34 12//34 28//34 
f 10//35 24//35 20//35 
f 13//36 29//36 21//36 
f 21//37 30//37 14//37 
f 16//38 14//38 31//38 
f 9//39 23//39 22//39 
f 15//40 22//40 32//40 
f 16//41 33//41 23//41 
f 17//42 34//42 24//42 
f 18//43 35//43 17//43 
f 15//44 32//44 25//44 
f 25//45 26//45 11//45 
f 36//46 18//46 26//46 
f 19//47 37//47 27//47 
f 27//48 28//48 12//48 
f 19//49 20//49 38//49 
f 13//50 28//50 29//50 
f 39//51 20//51 24//51 
f 40//52 21//52 29//52 
f 40//53 30//53 21//53 
f 30//54 31//54 14//54 
f 16//55 31//55 33//55 
f 41//56 22//56 23//56 
f 42//57 32//57 22//57 
f 33//58 43//58 23//58 
f 17//59 35//59 34//59 
f 44//60 24//60 34//60 
f 36//61 35//61 18//61 
f 45//62 25//62 32//62 
f 25//63 46//63 26//63 
f 36//64 26//64 47//64 
f 19//65 38//65 37//65 
f 48//66 27//66 37//66 
f 27//67 49//67 28//67 
f 38//68 20//68 39//68 
f 29//69 28//69 50//69 
f 44//70 39//70 24//70 
f 51//71 40//71 29//71 
f 40//72 52//72 30//72 
f 30//73 53//73 31//73 
f 33//74 31//74 54//74 
f 41//75 42//75 22//75 
f 41//76 23//76 43//76 
f 42//77 55//77 32//77 
f 56//78 43//78 33//78 
f 57//79 34//79 35//79 
f 44//80 34//80 58//80 
f 36//81 59//81 35//81 
f 45//82 46//82 25//82 
f 45//83 32//83 55//83 
f 47//84 26//84 46//84 
f 60//85 36//85 47//85 
f 38//86 61//86 37//86 
f 48//87 49//87 27//87 
f 48//88 37//88 62//88 
f 49//89 50//89 28//89 
f 38//90 39//90 63//90 
f 51//91 29//91 50//91 
f 44//92 64//92 39//92 
f 51//93 65//93 40//93 
f 40//94 65//94 52//94 
f 30//95 52//95 53//95 
f 54//96 31//96 53//96 
f 56//97 33//97 54//97 
f 41//98 66//98 42//98 
f 41//99 43//99 67//99 
f 42//100 68//100 55//100 
f 56//101 69//101 43//101 
f 57//102 58//102 34//102 
f 57//103 35//103 59//103 
f 44//104 58//104 70//104 
f 60//105 59//105 36//105 
f 71//106 46//106 45//106 
f 72//107 45//107 55//107 
f 47//108 46//108 73//108 
f 60//109 47//109 74//109 
f 38//110 63//110 61//110 
f 37//111 61//111 62//111 
f 48//112 75//112 49//112 
f 48//113 62//113 76//113 
f 77//114 50//114 49//114 
f 64//115 63//115 39//115 
f 51//116 50//116 78//116 
f 44//117 70//117 64//117 
f 51//118 79//118 65//118 
f 80//119 52//119 65//119 
f 52//120 81//120 53//120 
f 54//121 53//121 82//121 
f 56//122 54//122 83//122 
f 66//123 41//123 67//123 
f 42//124 66//124 68//124 
f 69//125 67//125 43//125 
f 84//126 55//126 68//126 
f 85//127 69//127 56//127 
f 86//128 58//128 57//128 
f 57//129 59//129 87//129 
f 70//130 58//130 88//130 
f 60//131 89//131 59//131 
f 71//132 73//132 46//132 
f 72//133 71//133 45//133 
f 72//134 55//134 84//134 
f 74//135 47//135 73//135 
f 60//136 74//136 90//136 
f 91//137 61//137 63//137 
f 61//138 92//138 62//138 
f 48//139 76//139 75//139 
f 75//140 77//140 49//140 
f 76//141 62//141 93//141 
f 77//142 78//142 50//142 
f 64//143 91//143 63//143 
f 51//144 78//144 79//144 
f 64//145 70//145 94//145 
f 65//146 79//146 95//146 
f 80//147 81//147 52//147 
f 80//148 65//148 96//148 
f 82//149 53//149 81//149 
f 54//150 82//150 83//150 
f 85//151 56//151 83//151 
f 67//152 97//152 66//152 
f 66//153 98//153 68//153 
f 97//154 67//154 69//154 
f 84//155 68//155 99//155 
f 85//156 100//156 69//156 
f 86//157 88//157 58//157 
f 86//158 57//158 101//158 
f 87//159 59//159 89//159 
f 57//160 87//160 101//160 
f 70//161 88//161 102//161 
f 60//162 90//162 89//162 
f 71//163 103//163 73//163 
f 104//164 71//164 72//164 
f 72//165 84//165 105//165 
f 74//166 73//166 106//166 
f 74//167 107//167 90//167 
f 91//168 92//168 61//168 
f 93//169 62//169 92//169 
f 76//170 108//170 75//170 
f 75//171 109//171 77//171 
f 76//172 93//172 110//172 
f 77//173 111//173 78//173 
f 64//174 94//174 91//174 
f 112//175 79//175 78//175 
f 70//176 102//176 94//176 
f 113//177 95//177 79//177 
f 96//178 65//178 95//178 
f 80//179 114//179 81//179 
f 80//180 96//180 115//180 
f 82//181 81//181 116//181 
f 83//182 82//182 117//182 
f 85//183 83//183 118//183 
f 97//184 119//184 66//184 
f 119//185 98//185 66//185 
f 99//186 68//186 98//186 
f 97//187 69//187 100//187 
f 84//188 99//188 120//188 
f 85//189 121//189 100//189 
f 86//190 122//190 88//190 
f 86//191 101//191 122//191 
f 123//192 87//192 89//192 
f 124//193 101//193 87//193 
f 102//194 88//194 125//194 
f 90//195 126//195 89//195 
f 104//196 103//196 71//196 
f 103//197 106//197 73//197 
f 104//198 72//198 105//198 
f 84//199 120//199 105//199 
f 74//200 106//200 107//200 
f 107//201 127//201 90//201 
f 91//202 128//202 92//202 
f 129//203 93//203 92//203 
f 76//204 110//204 108//204 
f 75//205 108//205 109//205 
f 77//206 109//206 111//206 
f 130//207 110//207 93//207 
f 112//208 78//208 111//208 
f 91//209 94//209 131//209 
f 112//210 113//210 79//210 
f 94//211 102//211 132//211 
f 113//212 133//212 95//212 
f 96//213 95//213 133//213 
f 80//214 115//214 114//214 
f 114//215 116//215 81//215 
f 96//216 134//216 115//216 
f 117//217 82//217 116//217 
f 83//218 117//218 118//218 
f 85//219 118//219 121//219 
f 135//220 119//220 97//220 
f 136//221 98//221 119//221 
f 137//222 99//222 98//222 
f 135//223 97//223 100//223 
f 120//224 99//224 138//224 
f 100//225 121//225 139//225 
f 122//226 125//226 88//226 
f 122//227 101//227 140//227 
f 124//228 87//228 123//228 
f 123//229 89//229 126//229 
f 124//230 140//230 101//230 
f 141//231 102//231 125//231 
f 90//232 127//232 126//232 
f 104//233 142//233 103//233 
f 103//234 143//234 106//234 
f 104//235 105//235 144//235 
f 120//236 145//236 105//236 
f 107//237 106//237 146//237 
f 107//238 147//238 127//238 
f 91//239 131//239 128//239 
f 128//240 129//240 92//240 
f 130//241 93//241 129//241 
f 108//242 110//242 148//242 
f 149//243 109//243 108//243 
f 149//244 111//244 109//244 
f 130//245 150//245 110//245 
f 112//246 111//246 151//246 
f 94//247 132//247 131//247 
f 112//248 152//248 113//248 
f 132//249 102//249 141//249 
f 113//250 153//250 133//250 
f 96//251 133//251 134//251 
f 114//252 115//252 154//252 
f 114//253 155//253 116//253 
f 134//254 156//254 115//254 
f 157//255 117//255 116//255 
f 158//256 118//256 117//256 
f 159//257 121//257 118//257 
f 135//258 160//258 119//258 
f 137//259 98//259 136//259 
f 136//260 119//260 160//260 
f 137//261 138//261 99//261 
f 135//262 100//262 139//262 
f 161//263 120//263 138//263 
f 162//264 139//264 121//264 
f 122//265 163//265 125//265 
f 122//266 140//266 163//266 
f 124//267 123//267 164//267 
f 123//268 126//268 165//268 
f 124//269 166//269 140//269 
f 141//270 125//270 167//270 
f 168//271 126//271 127//271 
f 104//272 144//272 142//272 
f 142//273 143//273 103//273 
f 146//274 106//274 143//274 
f 144//275 105//275 145//275 
f 161//276 145//276 120//276 
f 107//277 146//277 147//277 
f 147//278 169//278 127//278 
f 128//279 131//279 170//279 
f 128//280 171//280 129//280 
f 130//281 129//281 172//281 
f 110//282 150//282 148//282 
f 149//283 108//283 148//283 
f 149//284 151//284 111//284 
f 173//285 150//285 130//285 
f 112//286 151//286 152//286 
f 132//287 174//287 131//287 
f 113//288 152//288 153//288 
f 132//289 141//289 175//289 
f 176//290 133//290 153//290 
f 177//291 134//291 133//291 
f 154//292 115//292 156//292 
f 114//293 154//293 155//293 
f 157//294 116//294 155//294 
f 178//295 156//295 134//295 
f 157//296 158//296 117//296 
f 159//297 118//297 158//297 
f 162//298 121//298 159//298 
f 135//299 179//299 160//299 
f 137//300 136//300 180//300 
f 136//301 160//301 181//301 
f 137//302 182//302 138//302 
f 135//303 139//303 179//303 
f 161//304 138//304 183//304 
f 184//305 139//305 162//305 
f 167//306 125//306 163//306 
f 185//307 163//307 140//307 
f 123//308 165//308 164//308 
f 124//309 164//309 166//309 
f 168//310 165//310 126//310 
f 185//311 140//311 166//311 
f 186//312 141//312 167//312 
f 168//313 127//313 169//313 
f 142//314 144//314 187//314 
f 188//315 143//315 142//315 
f 146//316 143//316 189//316 
f 190//317 144//317 145//317 
f 161//318 191//318 145//318 
f 146//319 192//319 147//319 
f 147//320 193//320 169//320 
f 131//321 174//321 170//321 
f 128//322 170//322 171//322 
f 129//323 171//323 172//323 
f 173//324 130//324 172//324 
f 150//325 194//325 148//325 
f 149//326 148//326 194//326 
f 149//327 195//327 151//327 
f 173//328 196//328 150//328 
f 197//329 152//329 151//329 
f 132//330 175//330 174//330 
f 152//331 198//331 153//331 
f 186//332 175//332 141//332 
f 177//333 133//333 176//333 
f 199//334 176//334 153//334 
f 177//335 178//335 134//335 
f 200//336 154//336 156//336 
f 155//337 154//337 201//337 
f 157//338 155//338 202//338 
f 203//339 156//339 178//339 
f 204//340 158//340 157//340 
f 205//341 159//341 158//341 
f 162//342 159//342 206//342 
f 207//343 160//343 179//343 
f 136//344 181//344 180//344 
f 137//345 180//345 182//345 
f 207//346 181//346 160//346 
f 182//347 183//347 138//347 
f 184//348 179//348 139//348 
f 161//349 183//349 208//349 
f 184//350 162//350 209//350 
f 167//351 163//351 210//351 
f 185//352 210//352 163//352 
f 164//353 165//353 211//353 
f 164//354 212//354 166//354 
f 168//355 213//355 165//355 
f 185//356 166//356 214//356 
f 186//357 167//357 215//357 
f 168//358 169//358 216//358 
f 190//359 187//359 144//359 
f 188//360 142//360 187//360 
f 188//361 189//361 143//361 
f 146//362 189//362 192//362 
f 190//363 145//363 191//363 
f 161//364 208//364 191//364 
f 192//365 193//365 147//365 
f 217//366 169//366 193//366 
f 170//367 174//367 218//367 
f 219//368 171//368 170//368 
f 220//369 172//369 171//369 
f 221//370 173//370 172//370 
f 150//371 196//371 194//371 
f 149//372 194//372 195//372 
f 197//373 151//373 195//373 
f 173//374 222//374 196//374 
f 197//375 198//375 152//375 
f 174//376 175//376 223//376 
f 199//377 153//377 198//377 
f 186//378 224//378 175//378 
f 177//379 176//379 225//379 
f 199//380 226//380 176//380 
f 177//381 227//381 178//381 
f 200//382 201//382 154//382 
f 200//383 156//383 203//383 
f 202//384 155//384 201//384 
f 204//385 157//385 202//385 
f 228//386 203//386 178//386 
f 205//387 158//387 204//387 
f 205//388 206//388 159//388 
f 162//389 206//389 209//389 
f 207//390 179//390 229//390 
f 181//391 230//391 180//391 
f 231//392 182//392 180//392 
f 207//393 232//393 181//393 
f 233//394 183//394 182//394 
f 184//395 229//395 179//395 
f 234//396 208//396 183//396 
f 235//397 184//397 209//397 
f 215//398 167//398 210//398 
f 185//399 236//399 210//399 
f 213//400 211//400 165//400 
f 164//401 211//401 212//401 
f 212//402 214//402 166//402 
f 168//403 216//403 213//403 
f 185//404 214//404 236//404 
f 186//405 215//405 237//405 
f 217//406 216//406 169//406 
f 190//407 238//407 187//407 
f 239//408 188//408 187//408 
f 188//409 240//409 189//409 
f 241//410 192//410 189//410 
f 190//411 191//411 242//411 
f 243//412 191//412 208//412 
f 244//413 193//413 192//413 
f 217//414 193//414 245//414 
f 174//415 223//415 218//415 
f 219//416 170//416 218//416 
f 219//417 220//417 171//417 
f 221//418 172//418 220//418 
f 221//419 222//419 173//419 
f 246//420 194//420 196//420 
f 246//421 195//421 194//421 
f 197//422 195//422 247//422 
f 248//423 196//423 222//423 
f 197//424 249//424 198//424 
f 175//425 224//425 223//425 
f 199//426 198//426 250//426 
f 186//427 237//427 224//427 
f 176//428 226//428 225//428 
f 177//429 225//429 227//429 
f 199//430 251//430 226//430 
f 227//431 228//431 178//431 
f 200//432 252//432 201//432 
f 200//433 203//433 253//433 
f 202//434 201//434 254//434 
f 255//435 204//435 202//435 
f 256//436 203//436 228//436 
f 205//437 204//437 257//437 
f 205//438 258//438 206//438 
f 206//439 259//439 209//439 
f 207//440 229//440 260//440 
f 181//441 232//441 230//441 
f 231//442 180//442 230//442 
f 231//443 233//443 182//443 
f 207//444 260//444 232//444 
f 233//445 234//445 183//445 
f 235//446 229//446 184//446 
f 261//447 208//447 234//447 
f 235//448 209//448 262//448 
f 215//449 210//449 263//449 
f 236//450 263//450 210//450 
f 264//451 211//451 213//451 
f 265//452 212//452 211//452 
f 212//453 266//453 214//453 
f 267//454 213//454 216//454 
f 236//455 214//455 268//455 
f 215//456 269//456 237//456 
f 217//457 270//457 216//457 
f 190//458 242//458 238//458 
f 239//459 187//459 238//459 
f 239//460 240//460 188//460 
f 240//461 241//461 189//461 
f 244//462 192//462 241//462 
f 243//463 242//463 191//463 
f 261//464 243//464 208//464 
f 244//465 245//465 193//465 
f 217//466 245//466 271//466 
f 272//467 218//467 223//467 
f 219//468 218//468 273//468 
f 219//469 274//469 220//469 
f 221//470 220//470 275//470 
f 221//471 276//471 222//471 
f 248//472 246//472 196//472 
f 246//473 247//473 195//473 
f 197//474 247//474 249//474 
f 248//475 222//475 277//475 
f 249//476 250//476 198//476 
f 224//477 278//477 223//477 
f 199//478 250//478 251//478 
f 237//479 279//479 224//479 
f 280//480 225//480 226//480 
f 227//481 225//481 281//481 
f 251//482 282//482 226//482 
f 227//483 283//483 228//483 
f 200//484 253//484 252//484 
f 252//485 254//485 201//485 
f 253//486 203//486 256//486 
f 255//487 202//487 254//487 
f 255//488 257//488 204//488 
f 284//489 256//489 228//489 
f 205//490 257//490 258//490 
f 258//491 259//491 206//491 
f 262//492 209//492 259//492 
f 285//493 260//493 229//493 
f 286//494 230//494 232//494 
f 231//495 230//495 287//495 
f 231//496 288//496 233//496 
f 289//497 232//497 260//497 
f 290//498 234//498 233//498 
f 235//499 285//499 229//499 
f 261//500 234//500 291//500 
f 235//501 262//501 292//501 
f 215//502 263//502 269//502 
f 293//503 263//503 236//503 
f 265//504 211//504 264//504 
f 264//505 213//505 267//505 
f 265//506 266//506 212//506 
f 268//507 214//507 266//507 
f 267//508 216//508 270//508 
f 293//509 236//509 268//509 
f 237//510 269//510 294//510 
f 217//511 271//511 270//511 
f 238//512 242//512 295//512 
f 239//513 238//513 296//513 
f 239//514 297//514 240//514 
f 298//515 241//515 240//515 
f 244//516 241//516 299//516 
f 243//517 300//517 242//517 
f 261//518 301//518 243//518 
f 302//519 245//519 244//519 
f 303//520 271//520 245//520 
f 272//521 273//521 218//521 
f 272//522 223//522 278//522 
f 219//523 273//523 274//523 
f 275//524 220//524 274//524 
f 221//525 275//525 276//525 
f 277//526 222//526 276//526 
f 248//527 304//527 246//527 
f 304//528 247//528 246//528 
f 304//529 249//529 247//529 
f 248//530 277//530 305//530 
f 306//531 250//531 249//531 
f 224//532 279//532 278//532 
f 307//533 251//533 250//533 
f 237//534 294//534 279//534 
f 280//535 281//535 225//535 
f 282//536 280//536 226//536 
f 227//537 281//537 283//537 
f 251//538 308//538 282//538 
f 284//539 228//539 283//539 
f 252//540 253//540 309//540 
f 252//541 310//541 254//541 
f 253//542 256//542 311//542 
f 255//543 254//543 312//543 
f 255//544 313//544 257//544 
f 314//545 256//545 284//545 
f 258//546 257//546 315//546 
f 258//547 316//547 259//547 
f 262//548 259//548 317//548 
f 318//549 260//549 285//549 
f 286//550 287//550 230//550 
f 289//551 286//551 232//551 
f 231//552 287//552 288//552 
f 290//553 233//553 288//553 
f 318//554 289//554 260//554 
f 290//555 291//555 234//555 
f 235//556 292//556 285//556 
f 261//557 291//557 319//557 
f 262//558 320//558 292//558 
f 321//559 269//559 263//559 
f 293//560 321//560 263//560 
f 322//561 265//561 264//561 
f 264//562 267//562 323//562 
f 324//563 266//563 265//563 
f 268//564 266//564 325//564 
f 326//565 267//565 270//565 
f 293//566 268//566 327//566 
f 269//567 328//567 294//567 
f 329//568 270//568 271//568 
f 300//569 295//569 242//569 
f 238//570 295//570 296//570 
f 239//571 296//571 297//571 
f 298//572 240//572 297//572 
f 298//573 299//573 241//573 
f 244//574 299//574 330//574 
f 243//575 301//575 300//575 
f 261//576 319//576 301//576 
f 303//577 245//577 302//577 
f 244//578 330//578 302//578 
f 331//579 271//579 303//579 
f 332//580 273//580 272//580 
f 333//581 272//581 278//581 
f 274//582 273//582 334//582 
f 275//583 274//583 335//583 
f 275//584 336//584 276//584 
f 277//585 276//585 337//585 
f 248//586 305//586 304//586 
f 306//587 249//587 304//587 
f 277//588 338//588 305//588 
f 307//589 250//589 306//589 
f 339//590 278//590 279//590 
f 307//591 308//591 251//591 
f 340//592 279//592 294//592 
f 280//593 341//593 281//593 
f 282//594 342//594 280//594 
f 343//595 283//595 281//595 
f 282//596 308//596 344//596 
f 284//597 283//597 345//597 
f 309//598 253//598 311//598 
f 252//599 309//599 310//599 
f 254//600 310//600 312//600 
f 314//601 311//601 256//601 
f 255//602 312//602 313//602 
f 313//603 315//603 257//603 
f 314//604 284//604 346//604 
f 258//605 315//605 316//605 
f 316//606 317//606 259//606 
f 262//607 317//607 320//607 
f 318//608 285//608 347//608 
f 348//609 287//609 286//609 
f 349//610 286//610 289//610 
f 287//611 350//611 288//611 
f 290//612 288//612 351//612 
f 318//613 352//613 289//613 
f 353//614 291//614 290//614 
f 285//615 292//615 347//615 
f 354//616 319//616 291//616 
f 320//617 355//617 292//617 
f 321//618 328//618 269//618 
f 293//619 356//619 321//619 
f 322//620 324//620 265//620 
f 322//621 264//621 323//621 
f 326//622 323//622 267//622 
f 324//623 325//623 266//623 
f 327//624 268//624 325//624 
f 326//625 270//625 329//625 
f 293//626 327//626 356//626 
f 357//627 294//627 328//627 
f 329//628 271//628 331//628 
f 358//629 295//629 300//629 
f 359//630 296//630 295//630 
f 360//631 297//631 296//631 
f 298//632 297//632 361//632 
f 298//633 361//633 299//633 
f 362//634 330//634 299//634 
f 363//635 300//635 301//635 
f 364//636 301//636 319//636 
f 365//637 303//637 302//637 
f 365//638 302//638 330//638 
f 331//639 303//639 366//639 
f 334//640 273//640 332//640 
f 333//641 332//641 272//641 
f 333//642 278//642 339//642 
f 335//643 274//643 334//643 
f 275//644 335//644 336//644 
f 336//645 337//645 276//645 
f 277//646 337//646 338//646 
f 306//647 304//647 305//647 
f 367//648 305//648 338//648 
f 307//649 306//649 367//649 
f 340//650 339//650 279//650 
f 307//651 368//651 308//651 
f 357//652 340//652 294//652 
f 280//653 342//653 341//653 
f 343//654 281//654 341//654 
f 282//655 344//655 342//655 
f 343//656 345//656 283//656 
f 344//657 308//657 369//657 
f 284//658 345//658 346//658 
f 309//659 311//659 370//659 
f 309//660 371//660 310//660 
f 372//661 312//661 310//661 
f 373//662 311//662 314//662 
f 313//663 312//663 374//663 
f 375//664 315//664 313//664 
f 376//665 314//665 346//665 
f 316//666 315//666 377//666 
f 316//667 378//667 317//667 
f 379//668 320//668 317//668 
f 318//669 347//669 380//669 
f 348//670 350//670 287//670 
f 348//671 286//671 349//671 
f 349//672 289//672 352//672 
f 351//673 288//673 350//673 
f 353//674 290//674 351//674 
f 318//675 380//675 352//675 
f 354//676 291//676 353//676 
f 292//677 355//677 347//677 
f 381//678 319//678 354//678 
f 382//679 355//679 320//679 
f 321//680 383//680 328//680 
f 321//681 356//681 383//681 
f 322//682 384//682 324//682 
f 322//683 323//683 385//683 
f 326//684 386//684 323//684 
f 324//685 387//685 325//685 
f 327//686 325//686 388//686 
f 326//687 329//687 389//687 
f 327//688 390//688 356//688 
f 357//689 328//689 391//689 
f 329//690 331//690 392//690 
f 358//691 359//691 295//691 
f 363//692 358//692 300//692 
f 359//693 360//693 296//693 
f 361//694 297//694 360//694 
f 362//695 299//695 361//695 
f 362//696 393//696 330//696 
f 363//697 301//697 364//697 
f 381//698 364//698 319//698 
f 365//699 366//699 303//699 
f 365//700 330//700 393//700 
f 331//701 366//701 394//701 
f 395//702 334//702 332//702 
f 333//703 396//703 332//703 
f 333//704 339//704 397//704 
f 335//705 334//705 395//705 
f 335//706 398//706 336//706 
f 399//707 337//707 336//707 
f 338//708 337//708 400//708 
f 306//709 305//709 367//709 
f 367//710 338//710 401//710 
f 307//711 367//711 368//711 
f 340//712 402//712 339//712 
f 369//713 308//713 368//713 
f 357//714 403//714 340//714 
f 404//715 341//715 342//715 
f 343//716 341//716 405//716 
f 344//717 406//717 342//717 
f 343//718 407//718 345//718 
f 408//719 344//719 369//719 
f 346//720 345//720 409//720 
f 373//721 370//721 311//721 
f 309//722 370//722 371//722 
f 372//723 310//723 371//723 
f 372//724 374//724 312//724 
f 373//725 314//725 376//725 
f 375//726 313//726 374//726 
f 375//727 377//727 315//727 
f 376//728 346//728 410//728 
f 316//729 377//729 378//729 
f 379//730 317//730 378//730 
f 382//731 320//731 379//731 
f 380//732 347//732 411//732 
f 412//733 350//733 348//733 
f 412//734 348//734 349//734 
f 349//735 352//735 413//735 
f 414//736 351//736 350//736 
f 353//737 351//737 415//737 
f 352//738 380//738 416//738 
f 354//739 353//739 417//739 
f 411//740 347//740 355//740 
f 381//741 354//741 418//741 
f 382//742 419//742 355//742 
f 383//743 391//743 328//743 
f 420//744 383//744 356//744 
f 322//745 385//745 384//745 
f 324//746 384//746 387//746 
f 385//747 323//747 386//747 
f 326//748 421//748 386//748 
f 387//749 388//749 325//749 
f 327//750 388//750 390//750 
f 389//751 329//751 392//751 
f 326//752 389//752 421//752 
f 420//753 356//753 390//753 
f 357//754 391//754 422//754 
f 331//755 394//755 392//755 
f 358//756 423//756 359//756 
f 363//757 424//757 358//757 
f 359//758 425//758 360//758 
f 426//759 361//759 360//759 
f 362//760 361//760 426//760 
f 427//761 393//761 362//761 
f 363//762 364//762 428//762 
f 381//763 429//763 364//763 
f 430//764 366//764 365//764 
f 430//765 365//765 393//765 
f 431//766 394//766 366//766 
f 395//767 332//767 396//767 
f 333//768 397//768 396//768 
f 339//769 402//769 397//769 
f 335//770 395//770 398//770 
f 399//771 336//771 398//771 
f 399//772 400//772 337//772 
f 338//773 400//773 401//773 
f 367//774 401//774 368//774 
f 340//775 403//775 402//775 
f 369//776 368//776 432//776 
f 357//777 422//777 403//777 
f 405//778 341//778 404//778 
f 433//779 404//779 342//779 
f 343//780 405//780 407//780 
f 408//781 406//781 344//781 
f 433//782 342//782 406//782 
f 407//783 409//783 345//783 
f 408//784 369//784 434//784 
f 346//785 409//785 410//785 
f 435//786 370//786 373//786 
f 371//787 370//787 436//787 
f 437//788 372//788 371//788 
f 372//789 438//789 374//789 
f 439//790 373//790 376//790 
f 440//791 375//791 374//791 
f 441//792 377//792 375//792 
f 376//793 410//793 442//793 
f 443//794 378//794 377//794 
f 379//795 378//795 444//795 
f 382//796 379//796 445//796 
f 446//797 380//797 411//797 
f 412//798 447//798 350//798 
f 412//799 349//799 413//799 
f 352//800 416//800 413//800 
f 414//801 415//801 351//801 
f 414//802 350//802 447//802 
f 353//803 415//803 417//803 
f 446//804 416//804 380//804 
f 354//805 417//805 418//805 
f 419//806 411//806 355//806 
f 381//807 418//807 448//807 
f 382//808 449//808 419//808 
f 450//809 391//809 383//809 
f 450//810 383//810 420//810 
f 385//811 451//811 384//811 
f 387//812 384//812 452//812 
f 385//813 386//813 453//813 
f 421//814 454//814 386//814 
f 387//815 455//815 388//815 
f 456//816 390//816 388//816 
f 389//817 392//817 457//817 
f 458//818 421//818 389//818 
f 420//819 390//819 459//819 
f 460//820 422//820 391//820 
f 461//821 392//821 394//821 
f 358//822 424//822 423//822 
f 359//823 423//823 425//823 
f 363//824 428//824 424//824 
f 425//825 426//825 360//825 
f 427//826 362//826 426//826 
f 427//827 462//827 393//827 
f 428//828 364//828 429//828 
f 381//829 448//829 429//829 
f 430//830 431//830 366//830 
f 430//831 393//831 462//831 
f 431//832 463//832 394//832 
f 395//833 396//833 464//833 
f 465//834 396//834 397//834 
f 466//835 397//835 402//835 
f 395//836 464//836 398//836 
f 399//837 398//837 467//837 
f 399//838 468//838 400//838 
f 469//839 401//839 400//839 
f 401//840 432//840 368//840 
f 403//841 470//841 402//841 
f 369//842 432//842 434//842 
f 471//843 403//843 422//843 
f 405//844 404//844 472//844 
f 473//845 404//845 433//845 
f 474//846 407//846 405//846 
f 408//847 475//847 406//847 
f 433//848 406//848 476//848 
f 477//849 409//849 407//849 
f 408//850 434//850 478//850 
f 479//851 410//851 409//851 
f 435//852 436//852 370//852 
f 435//853 373//853 439//853 
f 437//854 371//854 436//854 
f 437//855 438//855 372//855 
f 440//856 374//856 438//856 
f 439//857 376//857 442//857 
f 441//858 375//858 440//858 
f 441//859 443//859 377//859 
f 480//860 442//860 410//860 
f 444//861 378//861 443//861 
f 379//862 444//862 445//862 
f 382//863 445//863 449//863 
f 446//864 411//864 481//864 
f 412//865 482//865 447//865 
f 412//866 413//866 482//866 
f 483//867 413//867 416//867 
f 484//868 415//868 414//868 
f 485//869 414//869 447//869 
f 417//870 415//870 486//870 
f 487//871 416//871 446//871 
f 417//872 488//872 418//872 
f 481//873 411//873 419//873 
f 448//874 418//874 489//874 
f 490//875 419//875 449//875 
f 460//876 391//876 450//876 
f 450//877 420//877 491//877 
f 385//878 453//878 451//878 
f 384//879 451//879 452//879 
f 387//880 452//880 455//880 
f 386//881 454//881 453//881 
f 458//882 454//882 421//882 
f 456//883 388//883 455//883 
f 456//884 459//884 390//884 
f 457//885 392//885 461//885 
f 458//886 389//886 457//886 
f 420//887 459//887 491//887 
f 460//888 471//888 422//888 
f 463//889 461//889 394//889 
f 424//890 492//890 423//890 
f 425//891 423//891 493//891 
f 428//892 494//892 424//892 
f 425//893 495//893 426//893 
f 427//894 426//894 495//894 
f 427//895 496//895 462//895 
f 428//896 429//896 497//896 
f 498//897 429//897 448//897 
f 430//898 499//898 431//898 
f 430//899 462//899 499//899 
f 431//900 500//900 463//900 
f 465//901 464//901 396//901 
f 465//902 397//902 466//902 
f 466//903 402//903 470//903 
f 398//904 464//904 467//904 
f 399//905 467//905 468//905 
f 469//906 400//906 468//906 
f 469//907 432//907 401//907 
f 471//908 470//908 403//908 
f 432//909 501//909 434//909 
f 473//910 472//910 404//910 
f 474//911 405//911 472//911 
f 473//912 433//912 476//912 
f 474//913 477//913 407//913 
f 408//914 478//914 475//914 
f 475//915 476//915 406//915 
f 477//916 479//916 409//916 
f 502//917 478//917 434//917 
f 479//918 480//918 410//918 
f 435//919 503//919 436//919 
f 435//920 439//920 504//920 
f 437//921 436//921 505//921 
f 437//922 506//922 438//922 
f 440//923 438//923 507//923 
f 439//924 442//924 508//924 
f 441//925 440//925 509//925 
f 441//926 510//926 443//926 
f 480//927 511//927 442//927 
f 444//928 443//928 512//928 
f 444//929 512//929 445//929 
f 445//930 513//930 449//930 
f 487//931 446//931 481//931 
f 514//932 447//932 482//932 
f 482//933 413//933 483//933 
f 487//934 483//934 416//934 
f 484//935 486//935 415//935 
f 484//936 414//936 485//936 
f 485//937 447//937 514//937 
f 417//938 486//938 488//938 
f 418//939 488//939 489//939 
f 490//940 481//940 419//940 
f 448//941 489//941 515//941 
f 490//942 449//942 516//942 
f 460//943 450//943 517//943 
f 450//944 491//944 517//944 
f 451//945 453//945 518//945 
f 519//946 452//946 451//946 
f 455//947 452//947 520//947 
f 521//948 453//948 454//948 
f 458//949 522//949 454//949 
f 456//950 455//950 523//950 
f 524//951 459//951 456//951 
f 457//952 461//952 525//952 
f 526//953 458//953 457//953 
f 527//954 491//954 459//954 
f 460//955 528//955 471//955 
f 529//956 461//956 463//956 
f 424//957 494//957 492//957 
f 492//958 493//958 423//958 
f 425//959 493//959 495//959 
f 428//960 497//960 494//960 
f 427//961 495//961 496//961 
f 530//962 462//962 496//962 
f 498//963 497//963 429//963 
f 498//964 448//964 515//964 
f 431//965 499//965 500//965 
f 530//966 499//966 462//966 
f 531//967 463//967 500//967 
f 465//968 532//968 464//968 
f 465//969 466//969 533//969 
f 466//970 470//970 534//970 
f 467//971 464//971 532//971 
f 468//972 467//972 535//972 
f 469//973 468//973 535//973 
f 469//974 501//974 432//974 
f 471//975 536//975 470//975 
f 502//976 434//976 501//976 
f 473//977 537//977 472//977 
f 538//978 474//978 472//978 
f 473//979 476//979 539//979 
f 474//980 540//980 477//980 
f 475//981 478//981 541//981 
f 542//982 476//982 475//982 
f 543//983 479//983 477//983 
f 544//984 478//984 502//984 
f 479//985 545//985 480//985 
f 435//986 504//986 503//986 
f 436//987 503//987 505//987 
f 439//988 508//988 504//988 
f 437//989 505//989 506//989 
f 438//990 506//990 507//990 
f 440//991 507//991 509//991 
f 442//992 511//992 508//992 
f 441//993 509//993 510//993 
f 443//994 510//994 512//994 
f 480//995 546//995 511//995 
f 445//996 512//996 547//996 
f 445//997 547//997 513//997 
f 449//998 513//998 516//998 
f 487//999 481//999 548//999 
f 514//1000 482//1000 549//1000 
f 482//1001 483//1001 549//1001 
f 550//1002 483//1002 487//1002 
f 484//1003 551//1003 486//1003 
f 484//1004 485//1004 552//1004 
f 553//1005 485//1005 514//1005 
f 488//1006 486//1006 554//1006 
f 555//1007 489//1007 488//1007 
f 490//1008 548//1008 481//1008 
f 556//1009 515//1009 489//1009 
f 490//1010 516//1010 557//1010 
f 460//1011 517//1011 528//1011 
f 517//1012 491//1012 558//1012 
f 518//1013 453//1013 521//1013 
f 519//1014 451//1014 518//1014 
f 519//1015 520//1015 452//1015 
f 455//1016 520//1016 523//1016 
f 522//1017 521//1017 454//1017 
f 526//1018 522//1018 458//1018 
f 524//1019 456//1019 523//1019 
f 524//1020 527//1020 459//1020 
f 529//1021 525//1021 461//1021 
f 526//1022 457//1022 525//1022 
f 527//1023 558//1023 491//1023 
f 471//1024 528//1024 559//1024 
f 531//1025 529//1025 463//1025 
f 560//1026 492//1026 494//1026 
f 561//1027 493//1027 492//1027 
f 562//1028 495//1028 493//1028 
f 497//1029 563//1029 494//1029 
f 562//1030 496//1030 495//1030 
f 530//1031 496//1031 564//1031 
f 498//1032 565//1032 497//1032 
f 498//1033 515//1033 566//1033 
f 500//1034 499//1034 567//1034 
f 530//1035 567//1035 499//1035 
f 531//1036 500//1036 568//1036 
f 465//1037 533//1037 532//1037 
f 466//1038 534//1038 533//1038 
f 534//1039 470//1039 536//1039 
f 467//1040 532//1040 535//1040 
f 469//1041 535//1041 569//1041 
f 469//1042 569//1042 501//1042 
f 471//1043 559//1043 536//1043 
f 501//1044 569//1044 502//1044 
f 473//1045 539//1045 537//1045 
f 537//1046 538//1046 472//1046 
f 538//1047 540//1047 474//1047 
f 542//1048 539//1048 476//1048 
f 543//1049 477//1049 540//1049 
f 544//1050 541//1050 478//1050 
f 542//1051 475//1051 541//1051 
f 543//1052 545//1052 479//1052 
f 544//1053 502//1053 570//1053 
f 480//1054 545//1054 546//1054 
f 503//1055 504//1055 571//1055 
f 572//1056 505//1056 503//1056 
f 573//1057 504//1057 508//1057 
f 506//1058 505//1058 574//1058 
f 575//1059 507//1059 506//1059 
f 576//1060 509//1060 507//1060 
f 508//1061 511//1061 577//1061 
f 509//1062 578//1062 510//1062 
f 512//1063 510//1063 579//1063 
f 511//1064 546//1064 580//1064 
f 512//1065 579//1065 547//1065 
f 581//1066 513//1066 547//1066 
f 582//1067 516//1067 513//1067 
f 487//1068 548//1068 583//1068 
f 514//1069 549//1069 584//1069 
f 550//1070 549//1070 483//1070 
f 550//1071 487//1071 583//1071 
f 484//1072 552//1072 551//1072 
f 551//1073 554//1073 486//1073 
f 553//1074 552//1074 485//1074 
f 553//1075 514//1075 584//1075 
f 555//1076 488//1076 554//1076 
f 556//1077 489//1077 555//1077 
f 490//1078 557//1078 548//1078 
f 585//1079 515//1079 556//1079 
f 557//1080 516//1080 586//1080 
f 587//1081 528//1081 517//1081 
f 517//1082 558//1082 588//1082 
f 589//1083 518//1083 521//1083 
f 519//1084 518//1084 590//1084 
f 519//1085 591//1085 520//1085 
f 592//1086 523//1086 520//1086 
f 522//1087 593//1087 521//1087 
f 594//1088 522//1088 526//1088 
f 524//1089 523//1089 595//1089 
f 524//1090 596//1090 527//1090 
f 529//1091 597//1091 525//1091 
f 526//1092 525//1092 598//1092 
f 527//1093 599//1093 558//1093 
f 600//1094 559//1094 528//1094 
f 531//1095 601//1095 529//1095 
f 561//1096 492//1096 560//1096 
f 560//1097 494//1097 563//1097 
f 561//1098 562//1098 493//1098 
f 497//1099 565//1099 563//1099 
f 562//1100 564//1100 496//1100 
f 602//1101 530//1101 564//1101 
f 498//1102 566//1102 565//1102 
f 585//1103 566//1103 515//1103 
f 568//1104 500//1104 567//1104 
f 602//1105 567//1105 530//1105 
f 603//1106 531//1106 568//1106 
f 604//1107 532//1107 533//1107 
f 534//1108 605//1108 533//1108 
f 606//1109 534//1109 536//1109 
f 604//1110 535//1110 532//1110 
f 569//1111 535//1111 604//1111 
f 559//1112 607//1112 536//1112 
f 608//1113 502//1113 569//1113 
f 537//1114 539//1114 609//1114 
f 537//1115 610//1115 538//1115 
f 611//1116 540//1116 538//1116 
f 542//1117 612//1117 539//1117 
f 543//1118 540//1118 613//1118 
f 614//1119 541//1119 544//1119 
f 542//1120 541//1120 615//1120 
f 543//1121 616//1121 545//1121 
f 608//1122 570//1122 502//1122 
f 544//1123 570//1123 617//1123 
f 545//1124 618//1124 546//1124 
f 573//1125 571//1125 504//1125 
f 572//1126 503//1126 571//1126 
f 572//1127 574//1127 505//1127 
f 573//1128 508//1128 577//1128 
f 575//1129 506//1129 574//1129 
f 576//1130 507//1130 575//1130 
f 576//1131 578//1131 509//1131 
f 511//1132 580//1132 577//1132 
f 579//1133 510//1133 578//1133 
f 619//1134 580//1134 546//1134 
f 620//1135 547//1135 579//1135 
f 581//1136 582//1136 513//1136 
f 581//1137 547//1137 620//1137 
f 582//1138 586//1138 516//1138 
f 583//1139 548//1139 621//1139 
f 584//1140 549//1140 622//1140 
f 550//1141 622//1141 549//1141 
f 550//1142 583//1142 623//1142 
f 551//1143 552//1143 624//1143 
f 551//1144 625//1144 554//1144 
f 626//1145 552//1145 553//1145 
f 553//1146 584//1146 627//1146 
f 555//1147 554//1147 628//1147 
f 556//1148 555//1148 628//1148 
f 621//1149 548//1149 557//1149 
f 585//1150 556//1150 629//1150 
f 557//1151 586//1151 630//1151 
f 587//1152 600//1152 528//1152 
f 587//1153 517//1153 588//1153 
f 588//1154 558//1154 631//1154 
f 589//1155 590//1155 518//1155 
f 589//1156 521//1156 593//1156 
f 519//1157 590//1157 591//1157 
f 591//1158 592//1158 520//1158 
f 592//1159 595//1159 523//1159 
f 594//1160 593//1160 522//1160 
f 594//1161 526//1161 598//1161 
f 524//1162 595//1162 596//1162 
f 527//1163 596//1163 599//1163 
f 601//1164 597//1164 529//1164 
f 598//1165 525//1165 597//1165 
f 558//1166 599//1166 631//1166 
f 632//1167 559//1167 600//1167 
f 603//1168 601//1168 531//1168 
f 561//1169 560//1169 633//1169 
f 560//1170 563//1170 634//1170 
f 635//1171 562//1171 561//1171 
f 636//1172 563//1172 565//1172 
f 635//1173 564//1173 562//1173 
f 602//1174 564//1174 637//1174 
f 638//1175 565//1175 566//1175 
f 585//1176 639//1176 566//1176 
f 568//1177 567//1177 640//1177 
f 602//1178 640//1178 567//1178 
f 603//1179 568//1179 641//1179 
f 604//1180 533//1180 605//1180 
f 606//1181 605//1181 534//1181 
f 606//1182 536//1182 607//1182 
f 608//1183 569//1183 604//1183 
f 632//1184 607//1184 559//1184 
f 609//1185 539//1185 612//1185 
f 537//1186 609//1186 610//1186 
f 610//1187 611//1187 538//1187 
f 611//1188 613//1188 540//1188 
f 542//1189 615//1189 612//1189 
f 543//1190 613//1190 616//1190 
f 614//1191 615//1191 541//1191 
f 614//1192 544//1192 617//1192 
f 616//1193 618//1193 545//1193 
f 608//1194 642//1194 570//1194 
f 617//1195 570//1195 643//1195 
f 619//1196 546//1196 618//1196 
f 573//1197 644//1197 571//1197 
f 572//1198 571//1198 645//1198 
f 572//1199 646//1199 574//1199 
f 573//1200 577//1200 647//1200 
f 575//1201 574//1201 648//1201 
f 576//1202 575//1202 649//1202 
f 576//1203 650//1203 578//1203 
f 651//1204 577//1204 580//1204 
f 579//1205 578//1205 652//1205 
f 619//1206 653//1206 580//1206 
f 620//1207 579//1207 652//1207 
f 581//1208 654//1208 582//1208 
f 581//1209 620//1209 655//1209 
f 656//1210 586//1210 582//1210 
f 583//1211 621//1211 657//1211 
f 584//1212 622//1212 658//1212 
f 550//1213 623//1213 622//1213 
f 623//1214 583//1214 657//1214 
f 626//1215 624//1215 552//1215 
f 551//1216 624//1216 625//1216 
f 625//1217 628//1217 554//1217 
f 626//1218 553//1218 627//1218 
f 584//1219 658//1219 627//1219 
f 629//1220 556//1220 628//1220 
f 621//1221 557//1221 630//1221 
f 585//1222 629//1222 659//1222 
f 660//1223 630//1223 586//1223 
f 587//1224 661//1224 600//1224 
f 587//1225 588//1225 662//1225 
f 662//1226 588//1226 631//1226 
f 589//1227 663//1227 590//1227 
f 589//1228 593//1228 664//1228 
f 591//1229 590//1229 665//1229 
f 591//1230 666//1230 592//1230 
f 667//1231 595//1231 592//1231 
f 594//1232 668//1232 593//1232 
f 594//1233 598//1233 669//1233 
f 670//1234 596//1234 595//1234 
f 596//1235 671//1235 599//1235 
f 672//1236 597//1236 601//1236 
f 673//1237 598//1237 597//1237 
f 674//1238 631//1238 599//1238 
f 632//1239 600//1239 675//1239 
f 676//1240 601//1240 603//1240 
f 560//1241 634//1241 633//1241 
f 635//1242 561//1242 633//1242 
f 636//1243 634//1243 563//1243 
f 638//1244 636//1244 565//1244 
f 635//1245 637//1245 564//1245 
f 602//1246 637//1246 677//1246 
f 638//1247 566//1247 639//1247 
f 585//1248 659//1248 639//1248 
f 568//1249 640//1249 641//1249 
f 602//1250 677//1250 640//1250 
f 603//1251 641//1251 678//1251 
f 608//1252 604//1252 605//1252 
f 642//1253 605//1253 606//1253 
f 679//1254 606//1254 607//1254 
f 680//1255 607//1255 632//1255 
f 681//1256 609//1256 612//1256 
f 609//1257 682//1257 610//1257 
f 683//1258 611//1258 610//1258 
f 611//1259 684//1259 613//1259 
f 685//1260 612//1260 615//1260 
f 616//1261 613//1261 686//1261 
f 614//1262 687//1262 615//1262 
f 688//1263 614//1263 617//1263 
f 616//1264 689//1264 618//1264 
f 608//1265 605//1265 642//1265 
f 642//1266 643//1266 570//1266 
f 617//1267 643//1267 690//1267 
f 619//1268 618//1268 691//1268 
f 573//1269 647//1269 644//1269 
f 645//1270 571//1270 644//1270 
f 572//1271 645//1271 646//1271 
f 646//1272 648//1272 574//1272 
f 651//1273 647//1273 577//1273 
f 575//1274 648//1274 649//1274 
f 576//1275 649//1275 650//1275 
f 578//1276 650//1276 652//1276 
f 653//1277 651//1277 580//1277 
f 619//1278 692//1278 653//1278 
f 693//1279 620//1279 652//1279 
f 581//1280 655//1280 654//1280 
f 654//1281 656//1281 582//1281 
f 693//1282 655//1282 620//1282 
f 656//1283 660//1283 586//1283 
f 657//1284 621//1284 694//1284 
f 695//1285 658//1285 622//1285 
f 623//1286 695//1286 622//1286 
f 623//1287 657//1287 696//1287 
f 626//1288 697//1288 624//1288 
f 625//1289 624//1289 698//1289 
f 699//1290 628//1290 625//1290 
f 626//1291 627//1291 700//1291 
f 658//1292 701//1292 627//1292 
f 702//1293 629//1293 628//1293 
f 621//1294 630//1294 694//1294 
f 659//1295 629//1295 703//1295 
f 660//1296 704//1296 630//1296 
f 587//1297 662//1297 661//1297 
f 661//1298 675//1298 600//1298 
f 662//1299 631//1299 705//1299 
f 589//1300 664//1300 663//1300 
f 590//1301 663//1301 665//1301 
f 664//1302 593//1302 668//1302 
f 591//1303 665//1303 666//1303 
f 667//1304 592//1304 666//1304 
f 667//1305 670//1305 595//1305 
f 594//1306 669//1306 668//1306 
f 673//1307 669//1307 598//1307 
f 670//1308 671//1308 596//1308 
f 599//1309 671//1309 706//1309 
f 673//1310 597//1310 672//1310 
f 676//1311 672//1311 601//1311 
f 674//1312 705//1312 631//1312 
f 674//1313 599//1313 706//1313 
f 632//1314 675//1314 707//1314 
f 676//1315 603//1315 708//1315 
f 709//1316 633//1316 634//1316 
f 635//1317 633//1317 710//1317 
f 711//1318 634//1318 636//1318 
f 712//1319 636//1319 638//1319 
f 635//1320 710//1320 637//1320 
f 637//1321 713//1321 677//1321 
f 638//1322 639//1322 714//1322 
f 715//1323 639//1323 659//1323 
f 716//1324 641//1324 640//1324 
f 677//1325 716//1325 640//1325 
f 678//1326 641//1326 716//1326 
f 603//1327 678//1327 708//1327 
f 679//1328 642//1328 606//1328 
f 680//1329 679//1329 607//1329 
f 680//1330 632//1330 707//1330 
f 681//1331 682//1331 609//1331 
f 681//1332 612//1332 685//1332 
f 683//1333 610//1333 682//1333 
f 683//1334 684//1334 611//1334 
f 613//1335 684//1335 686//1335 
f 685//1336 615//1336 687//1336 
f 616//1337 686//1337 689//1337 
f 688//1338 687//1338 614//1338 
f 688//1339 617//1339 690//1339 
f 689//1340 691//1340 618//1340 
f 679//1341 643//1341 642//1341 
f 717//1342 690//1342 643//1342 
f 619//1343 691//1343 692//1343 
f 718//1344 644//1344 647//1344 
f 645//1345 644//1345 719//1345 
f 645//1346 720//1346 646//1346 
f 646//1347 721//1347 648//1347 
f 722//1348 647//1348 651//1348 
f 723//1349 649//1349 648//1349 
f 649//1350 724//1350 650//1350 
f 725//1351 652//1351 650//1351 
f 726//1352 651//1352 653//1352 
f 727//1353 653//1353 692//1353 
f 693//1354 652//1354 725//1354 
f 654//1355 655//1355 728//1355 
f 654//1356 729//1356 656//1356 
f 693//1357 730//1357 655//1357 
f 731//1358 660//1358 656//1358 
f 732//1359 657//1359 694//1359 
f 695//1360 733//1360 658//1360 
f 623//1361 696//1361 695//1361 
f 732//1362 696//1362 657//1362 
f 626//1363 700//1363 697//1363 
f 697//1364 698//1364 624//1364 
f 699//1365 625//1365 698//1365 
f 702//1366 628//1366 699//1366 
f 700//1367 627//1367 701//1367 
f 658//1368 733//1368 701//1368 
f 702//1369 703//1369 629//1369 
f 694//1370 630//1370 704//1370 
f 659//1371 703//1371 734//1371 
f 735//1372 704//1372 660//1372 
f 662//1373 736//1373 661//1373 
f 661//1374 737//1374 675//1374 
f 705//1375 738//1375 662//1375 
f 739//1376 663//1376 664//1376 
f 740//1377 665//1377 663//1377 
f 741//1378 664//1378 668//1378 
f 742//1379 666//1379 665//1379 
f 743//1380 667//1380 666//1380 
f 744//1381 670//1381 667//1381 
f 745//1382 668//1382 669//1382 
f 673//1383 746//1383 669//1383 
f 747//1384 671//1384 670//1384 
f 748//1385 706//1385 671//1385 
f 673//1386 672//1386 749//1386 
f 750//1387 672//1387 676//1387 
f 674//1388 751//1388 705//1388 
f 674//1389 706//1389 752//1389 
f 707//1390 675//1390 753//1390 
f 754//1391 676//1391 708//1391 
f 709//1392 710//1392 633//1392 
f 711//1393 709//1393 634//1393 
f 712//1394 711//1394 636//1394 
f 755//1395 712//1395 638//1395 
f 637//1396 710//1396 713//1396 
f 713//1397 756//1397 677//1397 
f 715//1398 714//1398 639//1398 
f 755//1399 638//1399 714//1399 
f 715//1400 659//1400 734//1400 
f 677//1401 756//1401 716//1401 
f 678//1402 716//1402 757//1402 
f 758//1403 708//1403 678//1403 
f 680//1404 759//1404 679//1404 
f 680//1405 707//1405 759//1405 
f 760//1406 682//1406 681//1406 
f 681//1407 685//1407 761//1407 
f 762//1408 683//1408 682//1408 
f 683//1409 763//1409 684//1409 
f 764//1410 686//1410 684//1410 
f 765//1411 685//1411 687//1411 
f 766//1412 689//1412 686//1412 
f 688//1413 767//1413 687//1413 
f 688//1414 690//1414 768//1414 
f 689//1415 769//1415 691//1415 
f 679//1416 717//1416 643//1416 
f 717//1417 770//1417 690//1417 
f 771//1418 692//1418 691//1418 
f 718//1419 719//1419 644//1419 
f 722//1420 718//1420 647//1420 
f 645//1421 719//1421 720//1421 
f 646//1422 720//1422 721//1422 
f 723//1423 648//1423 721//1423 
f 726//1424 722//1424 651//1424 
f 723//1425 724//1425 649//1425 
f 725//1426 650//1426 724//1426 
f 726//1427 653//1427 727//1427 
f 727//1428 692//1428 772//1428 
f 693//1429 725//1429 773//1429 
f 730//1430 728//1430 655//1430 
f 654//1431 728//1431 729//1431 
f 731//1432 656//1432 729//1432 
f 693//1433 773//1433 730//1433 
f 735//1434 660//1434 731//1434 
f 732//1435 694//1435 774//1435 
f 695//1436 775//1436 733//1436 
f 695//1437 696//1437 775//1437 
f 732//1438 776//1438 696//1438 
f 777//1439 697//1439 700//1439 
f 777//1440 698//1440 697//1440 
f 699//1441 698//1441 778//1441 
f 702//1442 699//1442 779//1442 
f 780//1443 700//1443 701//1443 
f 781//1444 701//1444 733//1444 
f 702//1445 782//1445 703//1445 
f 774//1446 694//1446 704//1446 
f 783//1447 734//1447 703//1447 
f 735//1448 784//1448 704//1448 
f 662//1449 738//1449 736//1449 
f 661//1450 736//1450 737//1450 
f 753//1451 675//1451 737//1451 
f 705//1452 751//1452 738//1452 
f 739//1453 740//1453 663//1453 
f 739//1454 664//1454 741//1454 
f 740//1455 742//1455 665//1455 
f 745//1456 741//1456 668//1456 
f 742//1457 743//1457 666//1457 
f 743//1458 744//1458 667//1458 
f 744//1459 747//1459 670//1459 
f 746//1460 745//1460 669//1460 
f 673//1461 749//1461 746//1461 
f 747//1462 748//1462 671//1462 
f 748//1463 752//1463 706//1463 
f 750//1464 749//1464 672//1464 
f 754//1465 750//1465 676//1465 
f 674//1466 752//1466 751//1466 
f 707//1467 753//1467 785//1467 
f 754//1468 708//1468 786//1468 
f 709//1469 787//1469 710//1469 
f 711//1470 788//1470 709//1470 
f 712//1471 789//1471 711//1471 
f 755//1472 790//1472 712//1472 
f 787//1473 713//1473 710//1473 
f 713//1474 791//1474 756//1474 
f 792//1475 714//1475 715//1475 
f 755//1476 714//1476 793//1476 
f 715//1477 734//1477 794//1477 
f 757//1478 716//1478 756//1478 
f 758//1479 678//1479 757//1479 
f 758//1480 786//1480 708//1480 
f 759//1481 717//1481 679//1481 
f 707//1482 785//1482 759//1482 
f 762//1483 682//1483 760//1483 
f 760//1484 681//1484 761//1484 
f 765//1485 761//1485 685//1485 
f 762//1486 763//1486 683//1486 
f 764//1487 684//1487 763//1487 
f 766//1488 686//1488 764//1488 
f 765//1489 687//1489 767//1489 
f 766//1490 769//1490 689//1490 
f 688//1491 768//1491 767//1491 
f 768//1492 690//1492 770//1492 
f 769//1493 771//1493 691//1493 
f 795//1494 770//1494 717//1494 
f 772//1495 692//1495 771//1495 
f 796//1496 719//1496 718//1496 
f 722//1497 797//1497 718//1497 
f 798//1498 720//1498 719//1498 
f 721//1499 720//1499 799//1499 
f 723//1500 721//1500 800//1500 
f 726//1501 801//1501 722//1501 
f 723//1502 802//1502 724//1502 
f 725//1503 724//1503 803//1503 
f 726//1504 727//1504 804//1504 
f 727//1505 772//1505 805//1505 
f 725//1506 803//1506 773//1506 
f 730//1507 806//1507 728//1507 
f 807//1508 729//1508 728//1508 
f 731//1509 729//1509 808//1509 
f 730//1510 773//1510 809//1510 
f 735//1511 731//1511 810//1511 
f 732//1512 774//1512 776//1512 
f 811//1513 733//1513 775//1513 
f 776//1514 775//1514 696//1514 
f 777//1515 700//1515 780//1515 
f 777//1516 778//1516 698//1516 
f 699//1517 778//1517 779//1517 
f 702//1518 779//1518 782//1518 
f 781//1519 780//1519 701//1519 
f 811//1520 781//1520 733//1520 
f 783//1521 703//1521 782//1521 
f 774//1522 704//1522 784//1522 
f 812//1523 734//1523 783//1523 
f 735//1524 813//1524 784//1524 
f 814//1525 736//1525 738//1525 
f 815//1526 737//1526 736//1526 
f 753//1527 737//1527 816//1527 
f 817//1528 738//1528 751//1528 
f 739//1529 818//1529 740//1529 
f 739//1530 741//1530 819//1530 
f 740//1531 820//1531 742//1531 
f 821//1532 741//1532 745//1532 
f 742//1533 822//1533 743//1533 
f 743//1534 823//1534 744//1534 
f 744//1535 824//1535 747//1535 
f 825//1536 745//1536 746//1536 
f 826//1537 746//1537 749//1537 
f 747//1538 827//1538 748//1538 
f 828//1539 752//1539 748//1539 
f 750//1540 829//1540 749//1540 
f 754//1541 830//1541 750//1541 
f 831//1542 751//1542 752//1542 
f 832//1543 785//1543 753//1543 
f 754//1544 786//1544 833//1544 
f 788//1545 787//1545 709//1545 
f 711//1546 789//1546 788//1546 
f 712//1547 790//1547 789//1547 
f 755//1548 834//1548 790//1548 
f 787//1549 791//1549 713//1549 
f 835//1550 756//1550 791//1550 
f 792//1551 793//1551 714//1551 
f 792//1552 715//1552 794//1552 
f 755//1553 793//1553 834//1553 
f 812//1554 794//1554 734//1554 
f 835//1555 757//1555 756//1555 
f 758//1556 757//1556 836//1556 
f 758//1557 837//1557 786//1557 
f 795//1558 717//1558 759//1558 
f 785//1559 795//1559 759//1559 
f 762//1560 760//1560 838//1560 
f 839//1561 760//1561 761//1561 
f 765//1562 840//1562 761//1562 
f 762//1563 841//1563 763//1563 
f 764//1564 763//1564 842//1564 
f 766//1565 764//1565 843//1565 
f 765//1566 767//1566 844//1566 
f 766//1567 845//1567 769//1567 
f 768//1568 846//1568 767//1568 
f 768//1569 770//1569 847//1569 
f 848//1570 771//1570 769//1570 
f 795//1571 849//1571 770//1571 
f 772//1572 771//1572 850//1572 
f 796//1573 798//1573 719//1573 
f 796//1574 718//1574 797//1574 
f 722//1575 801//1575 797//1575 
f 798//1576 799//1576 720//1576 
f 721//1577 799//1577 800//1577 
f 723//1578 800//1578 802//1578 
f 726//1579 804//1579 801//1579 
f 802//1580 803//1580 724//1580 
f 727//1581 805//1581 804//1581 
f 851//1582 805//1582 772//1582 
f 852//1583 773//1583 803//1583 
f 730//1584 809//1584 806//1584 
f 806//1585 807//1585 728//1585 
f 807//1586 808//1586 729//1586 
f 810//1587 731//1587 808//1587 
f 852//1588 809//1588 773//1588 
f 735//1589 810//1589 813//1589 
f 776//1590 774//1590 853//1590 
f 811//1591 775//1591 854//1591 
f 776//1592 854//1592 775//1592 
f 777//1593 780//1593 855//1593 
f 777//1594 856//1594 778//1594 
f 857//1595 779//1595 778//1595 
f 779//1596 858//1596 782//1596 
f 781//1597 859//1597 780//1597 
f 811//1598 859//1598 781//1598 
f 783//1599 782//1599 860//1599 
f 774//1600 784//1600 853//1600 
f 812//1601 783//1601 861//1601 
f 862//1602 784//1602 813//1602 
f 814//1603 815//1603 736//1603 
f 817//1604 814//1604 738//1604 
f 815//1605 816//1605 737//1605 
f 832//1606 753//1606 816//1606 
f 831//1607 817//1607 751//1607 
f 739//1608 819//1608 818//1608 
f 740//1609 818//1609 820//1609 
f 821//1610 819//1610 741//1610 
f 742//1611 820//1611 822//1611 
f 821//1612 745//1612 825//1612 
f 743//1613 822//1613 863//1613 
f 743//1614 863//1614 823//1614 
f 744//1615 823//1615 824//1615 
f 747//1616 824//1616 827//1616 
f 825//1617 746//1617 826//1617 
f 826//1618 749//1618 829//1618 
f 828//1619 748//1619 827//1619 
f 828//1620 831//1620 752//1620 
f 750//1621 830//1621 829//1621 
f 754//1622 833//1622 830//1622 
f 832//1623 864//1623 785//1623 
f 786//1624 865//1624 833//1624 
f 788//1625 866//1625 787//1625 
f 788//1626 789//1626 867//1626 
f 868//1627 789//1627 790//1627 
f 834//1628 869//1628 790//1628 
f 787//1629 866//1629 791//1629 
f 870//1630 835//1630 791//1630 
f 792//1631 871//1631 793//1631 
f 792//1632 794//1632 872//1632 
f 834//1633 793//1633 873//1633 
f 812//1634 874//1634 794//1634 
f 835//1635 836//1635 757//1635 
f 758//1636 836//1636 837//1636 
f 786//1637 837//1637 865//1637 
f 785//1638 864//1638 795//1638 
f 838//1639 760//1639 839//1639 
f 762//1640 838//1640 841//1640 
f 839//1641 761//1641 840//1641 
f 765//1642 844//1642 840//1642 
f 763//1643 841//1643 842//1643 
f 843//1644 764//1644 842//1644 
f 766//1645 843//1645 845//1645 
f 844//1646 767//1646 846//1646 
f 848//1647 769//1647 845//1647 
f 768//1648 847//1648 846//1648 
f 847//1649 770//1649 849//1649 
f 848//1650 850//1650 771//1650 
f 864//1651 849//1651 795//1651 
f 851//1652 772//1652 850//1652 
f 875//1653 798//1653 796//1653 
f 876//1654 796//1654 797//1654 
f 877//1655 797//1655 801//1655 
f 878//1656 799//1656 798//1656 
f 879//1657 800//1657 799//1657 
f 802//1658 800//1658 880//1658 
f 801//1659 804//1659 881//1659 
f 802//1660 882//1660 803//1660 
f 805//1661 883//1661 804//1661 
f 851//1662 884//1662 805//1662 
f 852//1663 803//1663 882//1663 
f 885//1664 806//1664 809//1664 
f 886//1665 807//1665 806//1665 
f 887//1666 808//1666 807//1666 
f 888//1667 810//1667 808//1667 
f 852//1668 889//1668 809//1668 
f 810//1669 890//1669 813//1669 
f 891//1670 776//1670 853//1670 
f 892//1671 811//1671 854//1671 
f 891//1672 854//1672 776//1672 
f 780//1673 893//1673 855//1673 
f 777//1674 855//1674 856//1674 
f 857//1675 778//1675 856//1675 
f 857//1676 858//1676 779//1676 
f 858//1677 860//1677 782//1677 
f 859//1678 893//1678 780//1678 
f 892//1679 859//1679 811//1679 
f 783//1680 860//1680 861//1680 
f 862//1681 853//1681 784//1681 
f 894//1682 812//1682 861//1682 
f 895//1683 862//1683 813//1683 
f 814//1684 896//1684 815//1684 
f 897//1685 814//1685 817//1685 
f 898//1686 816//1686 815//1686 
f 832//1687 816//1687 899//1687 
f 900//1688 817//1688 831//1688 
f 901//1689 818//1689 819//1689 
f 902//1690 820//1690 818//1690 
f 821//1691 903//1691 819//1691 
f 820//1692 904//1692 822//1692 
f 821//1693 825//1693 905//1693 
f 863//1694 822//1694 906//1694 
f 823//1695 863//1695 907//1695 
f 823//1696 908//1696 824//1696 
f 909//1697 827//1697 824//1697 
f 825//1698 826//1698 910//1698 
f 911//1699 826//1699 829//1699 
f 828//1700 827//1700 912//1700 
f 828//1701 913//1701 831//1701 
f 914//1702 829//1702 830//1702 
f 915//1703 830//1703 833//1703 
f 832//1704 916//1704 864//1704 
f 833//1705 865//1705 917//1705 
f 788//1706 867//1706 866//1706 
f 868//1707 867//1707 789//1707 
f 869//1708 868//1708 790//1708 
f 918//1709 869//1709 834//1709 
f 870//1710 791//1710 866//1710 
f 870//1711 919//1711 835//1711 
f 792//1712 872//1712 871//1712 
f 871//1713 873//1713 793//1713 
f 874//1714 872//1714 794//1714 
f 918//1715 834//1715 873//1715 
f 894//1716 874//1716 812//1716 
f 835//1717 919//1717 836//1717 
f 836//1718 920//1718 837//1718 
f 921//1719 865//1719 837//1719 
f 838//1720 839//1720 922//1720 
f 923//1721 841//1721 838//1721 
f 839//1722 840//1722 924//1722 
f 925//1723 840//1723 844//1723 
f 842//1724 841//1724 926//1724 
f 927//1725 843//1725 842//1725 
f 843//1726 928//1726 845//1726 
f 929//1727 844//1727 846//1727 
f 930//1728 848//1728 845//1728 
f 931//1729 846//1729 847//1729 
f 932//1730 847//1730 849//1730 
f 848//1731 933//1731 850//1731 
f 864//1732 934//1732 849//1732 
f 851//1733 850//1733 935//1733 
f 875//1734 878//1734 798//1734 
f 876//1735 875//1735 796//1735 
f 876//1736 797//1736 877//1736 
f 877//1737 801//1737 881//1737 
f 878//1738 879//1738 799//1738 
f 879//1739 880//1739 800//1739 
f 802//1740 880//1740 882//1740 
f 881//1741 804//1741 883//1741 
f 805//1742 884//1742 883//1742 
f 851//1743 936//1743 884//1743 
f 852//1744 882//1744 937//1744 
f 886//1745 806//1745 885//1745 
f 885//1746 809//1746 889//1746 
f 887//1747 807//1747 886//1747 
f 888//1748 808//1748 887//1748 
f 888//1749 890//1749 810//1749 
f 852//1750 937//1750 889//1750 
f 895//1751 813//1751 890//1751 
f 891//1752 853//1752 938//1752 
f 939//1753 892//1753 854//1753 
f 891//1754 939//1754 854//1754 
f 940//1755 855//1755 893//1755 
f 941//1756 856//1756 855//1756 
f 857//1757 856//1757 941//1757 
f 857//1758 942//1758 858//1758 
f 943//1759 860//1759 858//1759 
f 859//1760 944//1760 893//1760 
f 892//1761 944//1761 859//1761 
f 945//1762 861//1762 860//1762 
f 938//1763 853//1763 862//1763 
f 946//1764 894//1764 861//1764 
f 895//1765 947//1765 862//1765 
f 897//1766 896//1766 814//1766 
f 898//1767 815//1767 896//1767 
f 900//1768 897//1768 817//1768 
f 898//1769 899//1769 816//1769 
f 832//1770 899//1770 916//1770 
f 900//1771 831//1771 913//1771 
f 901//1772 902//1772 818//1772 
f 901//1773 819//1773 903//1773 
f 902//1774 904//1774 820//1774 
f 821//1775 905//1775 903//1775 
f 906//1776 822//1776 904//1776 
f 825//1777 910//1777 905//1777 
f 907//1778 863//1778 906//1778 
f 823//1779 907//1779 908//1779 
f 909//1780 824//1780 908//1780 
f 912//1781 827//1781 909//1781 
f 911//1782 910//1782 826//1782 
f 911//1783 829//1783 914//1783 
f 828//1784 912//1784 913//1784 
f 914//1785 830//1785 915//1785 
f 915//1786 833//1786 917//1786 
f 864//1787 916//1787 934//1787 
f 948//1788 917//1788 865//1788 
f 949//1789 866//1789 867//1789 
f 950//1790 867//1790 868//1790 
f 869//1791 951//1791 868//1791 
f 918//1792 952//1792 869//1792 
f 870//1793 866//1793 949//1793 
f 870//1794 953//1794 919//1794 
f 954//1795 871//1795 872//1795 
f 871//1796 955//1796 873//1796 
f 956//1797 872//1797 874//1797 
f 957//1798 918//1798 873//1798 
f 894//1799 958//1799 874//1799 
f 836//1800 919//1800 920//1800 
f 920//1801 921//1801 837//1801 
f 921//1802 948//1802 865//1802 
f 922//1803 839//1803 924//1803 
f 923//1804 838//1804 922//1804 
f 923//1805 926//1805 841//1805 
f 924//1806 840//1806 925//1806 
f 929//1807 925//1807 844//1807 
f 927//1808 842//1808 926//1808 
f 927//1809 928//1809 843//1809 
f 930//1810 845//1810 928//1810 
f 929//1811 846//1811 931//1811 
f 930//1812 933//1812 848//1812 
f 932//1813 931//1813 847//1813 
f 932//1814 849//1814 934//1814 
f 935//1815 850//1815 933//1815 
f 851//1816 935//1816 936//1816 
f 875//1817 959//1817 878//1817 
f 876//1818 960//1818 875//1818 
f 876//1819 877//1819 961//1819 
f 877//1820 881//1820 961//1820 
f 962//1821 879//1821 878//1821 
f 963//1822 880//1822 879//1822 
f 964//1823 882//1823 880//1823 
f 965//1824 881//1824 883//1824 
f 966//1825 883//1825 884//1825 
f 967//1826 884//1826 936//1826 
f 937//1827 882//1827 964//1827 
f 886//1828 885//1828 968//1828 
f 885//1829 889//1829 969//1829 
f 887//1830 886//1830 970//1830 
f 888//1831 887//1831 971//1831 
f 888//1832 972//1832 890//1832 
f 973//1833 889//1833 937//1833 
f 974//1834 895//1834 890//1834 
f 891//1835 938//1835 975//1835 
f 939//1836 976//1836 892//1836 
f 891//1837 975//1837 939//1837 
f 940//1838 941//1838 855//1838 
f 940//1839 893//1839 977//1839 
f 857//1840 941//1840 942//1840 
f 943//1841 858//1841 942//1841 
f 945//1842 860//1842 943//1842 
f 893//1843 944//1843 977//1843 
f 892//1844 976//1844 944//1844 
f 946//1845 861//1845 945//1845 
f 938//1846 862//1846 947//1846 
f 978//1847 894//1847 946//1847 
f 895//1848 979//1848 947//1848 
f 897//1849 980//1849 896//1849 
f 898//1850 896//1850 981//1850 
f 900//1851 982//1851 897//1851 
f 898//1852 983//1852 899//1852 
f 984//1853 916//1853 899//1853 
f 900//1854 913//1854 985//1854 
f 901//1855 986//1855 902//1855 
f 901//1856 903//1856 987//1856 
f 988//1857 904//1857 902//1857 
f 989//1858 903//1858 905//1858 
f 990//1859 906//1859 904//1859 
f 991//1860 905//1860 910//1860 
f 907//1861 906//1861 992//1861 
f 907//1862 993//1862 908//1862 
f 909//1863 908//1863 994//1863 
f 912//1864 909//1864 995//1864 
f 911//1865 996//1865 910//1865 
f 997//1866 911//1866 914//1866 
f 912//1867 998//1867 913//1867 
f 914//1868 915//1868 999//1868 
f 1000//1869 915//1869 917//1869 
f 1001//1870 934//1870 916//1870 
f 1002//1871 917//1871 948//1871 
f 950//1872 949//1872 867//1872 
f 951//1873 950//1873 868//1873 
f 869//1874 952//1874 951//1874 
f 1003//1875 952//1875 918//1875 
f 870//1876 949//1876 953//1876 
f 953//1877 1004//1877 919//1877 
f 954//1878 955//1878 871//1878 
f 954//1879 872//1879 956//1879 
f 957//1880 873//1880 955//1880 
f 956//1881 874//1881 958//1881 
f 957//1882 1003//1882 918//1882 
f 978//1883 958//1883 894//1883 
f 920//1884 919//1884 1004//1884 
f 920//1885 1005//1885 921//1885 
f 921//1886 1006//1886 948//1886 
f 922//1887 924//1887 1007//1887 
f 923//1888 922//1888 1008//1888 
f 923//1889 1009//1889 926//1889 
f 924//1890 925//1890 1010//1890 
f 929//1891 1011//1891 925//1891 
f 927//1892 926//1892 1012//1892 
f 927//1893 1012//1893 928//1893 
f 1013//1894 930//1894 928//1894 
f 929//1895 931//1895 1014//1895 
f 930//1896 1015//1896 933//1896 
f 1016//1897 931//1897 932//1897 
f 932//1898 934//1898 1017//1898 
f 1018//1899 935//1899 933//1899 
f 1019//1900 936//1900 935//1900 
f 960//1901 959//1901 875//1901 
f 962//1902 878//1902 959//1902 
f 876//1903 961//1903 960//1903 
f 965//1904 961//1904 881//1904 
f 963//1905 879//1905 962//1905 
f 963//1906 964//1906 880//1906 
f 966//1907 965//1907 883//1907 
f 967//1908 966//1908 884//1908 
f 1020//1909 967//1909 936//1909 
f 937//1910 964//1910 1021//1910 
f 885//1911 969//1911 968//1911 
f 886//1912 968//1912 970//1912 
f 969//1913 889//1913 973//1913 
f 887//1914 970//1914 971//1914 
f 888//1915 971//1915 972//1915 
f 974//1916 890//1916 972//1916 
f 973//1917 937//1917 1021//1917 
f 974//1918 979//1918 895//1918 
f 975//1919 938//1919 947//1919 
f 1022//1920 976//1920 939//1920 
f 1022//1921 939//1921 975//1921 
f 940//1922 1023//1922 941//1922 
f 1024//1923 940//1923 977//1923 
f 941//1924 1023//1924 942//1924 
f 943//1925 942//1925 1025//1925 
f 945//1926 943//1926 1026//1926 
f 1027//1927 977//1927 944//1927 
f 1027//1928 944//1928 976//1928 
f 946//1929 945//1929 1028//1929 
f 978//1930 946//1930 1029//1930 
f 979//1931 1030//1931 947//1931 
f 897//1932 982//1932 980//1932 
f 980//1933 981//1933 896//1933 
f 898//1934 981//1934 983//1934 
f 900//1935 985//1935 982//1935 
f 983//1936 984//1936 899//1936 
f 1001//1937 916//1937 984//1937 
f 985//1938 913//1938 998//1938 
f 901//1939 987//1939 986//1939 
f 988//1940 902//1940 986//1940 
f 987//1941 903//1941 989//1941 
f 988//1942 990//1942 904//1942 
f 991//1943 989//1943 905//1943 
f 990//1944 992//1944 906//1944 
f 991//1945 910//1945 996//1945 
f 907//1946 992//1946 993//1946 
f 908//1947 993//1947 994//1947 
f 995//1948 909//1948 994//1948 
f 912//1949 995//1949 998//1949 
f 997//1950 996//1950 911//1950 
f 997//1951 914//1951 999//1951 
f 1000//1952 999//1952 915//1952 
f 1000//1953 917//1953 1002//1953 
f 1001//1954 1017//1954 934//1954 
f 1002//1955 948//1955 1031//1955 
f 950//1956 1032//1956 949//1956 
f 951//1957 1032//1957 950//1957 
f 1033//1958 951//1958 952//1958 
f 1034//1959 952//1959 1003//1959 
f 953//1960 949//1960 1035//1960 
f 953//1961 1036//1961 1004//1961 
f 954//1962 1037//1962 955//1962 
f 954//1963 956//1963 1038//1963 
f 957//1964 955//1964 1037//1964 
f 956//1965 958//1965 1039//1965 
f 957//1966 1040//1966 1003//1966 
f 978//1967 1041//1967 958//1967 
f 920//1968 1004//1968 1005//1968 
f 921//1969 1005//1969 1006//1969 
f 948//1970 1006//1970 1031//1970 
f 924//1971 1010//1971 1007//1971 
f 922//1972 1007//1972 1008//1972 
f 923//1973 1008//1973 1009//1973 
f 1009//1974 1012//1974 926//1974 
f 1011//1975 1010//1975 925//1975 
f 929//1976 1014//1976 1011//1976 
f 928//1977 1012//1977 1042//1977 
f 1013//1978 1015//1978 930//1978 
f 1013//1979 928//1979 1042//1979 
f 1016//1980 1014//1980 931//1980 
f 1018//1981 933//1981 1015//1981 
f 1016//1982 932//1982 1017//1982 
f 1018//1983 1019//1983 935//1983 
f 1020//1984 936//1984 1019//1984 
f 1043//1985 959//1985 960//1985 
f 962//1986 959//1986 1044//1986 
f 960//1987 961//1987 1045//1987 
f 1046//1988 961//1988 965//1988 
f 963//1989 962//1989 1047//1989 
f 963//1990 1048//1990 964//1990 
f 966//1991 1049//1991 965//1991 
f 967//1992 1050//1992 966//1992 
f 1020//1993 1051//1993 967//1993 
f 964//1994 1048//1994 1021//1994 
f 1052//1995 968//1995 969//1995 
f 970//1996 968//1996 1053//1996 
f 969//1997 973//1997 1054//1997 
f 970//1998 1055//1998 971//1998 
f 1056//1999 972//1999 971//1999 
f 1057//2000 974//2000 972//2000 
f 1058//2001 973//2001 1021//2001 
f 1059//2002 979//2002 974//2002 
f 975//2003 947//2003 1030//2003 
f 1022//2004 1060//2004 976//2004 
f 1022//2005 975//2005 1061//2005 
f 1024//2006 1023//2006 940//2006 
f 1024//2007 977//2007 1062//2007 
f 1025//2008 942//2008 1023//2008 
f 943//2009 1025//2009 1026//2009 
f 945//2010 1026//2010 1028//2010 
f 1062//2011 977//2011 1027//2011 
f 1027//2012 976//2012 1060//2012 
f 946//2013 1028//2013 1029//2013 
f 978//2014 1029//2014 1063//2014 
f 1064//2015 1030//2015 979//2015 
f 980//2016 982//2016 1065//2016 
f 980//2017 1066//2017 981//2017 
f 983//2018 981//2018 1067//2018 
f 982//2019 985//2019 1068//2019 
f 983//2020 1069//2020 984//2020 
f 1070//2021 1001//2021 984//2021 
f 985//2022 998//2022 1071//2022 
f 987//2023 1072//2023 986//2023 
f 988//2024 986//2024 1073//2024 
f 987//2025 989//2025 1074//2025 
f 988//2026 1075//2026 990//2026 
f 1076//2027 989//2027 991//2027 
f 990//2028 1077//2028 992//2028 
f 991//2029 996//2029 1078//2029 
f 1079//2030 993//2030 992//2030 
f 1080//2031 994//2031 993//2031 
f 1081//2032 995//2032 994//2032 
f 995//2033 1082//2033 998//2033 
f 997//2034 1083//2034 996//2034 
f 1084//2035 997//2035 999//2035 
f 1000//2036 1085//2036 999//2036 
f 1000//2037 1002//2037 1086//2037 
f 1087//2038 1017//2038 1001//2038 
f 1002//2039 1031//2039 1088//2039 
f 1035//2040 949//2040 1032//2040 
f 1033//2041 1032//2041 951//2041 
f 1034//2042 1033//2042 952//2042 
f 1089//2043 1034//2043 1003//2043 
f 953//2044 1035//2044 1036//2044 
f 1004//2045 1036//2045 1005//2045 
f 954//2046 1038//2046 1037//2046 
f 956//2047 1039//2047 1038//2047 
f 957//2048 1037//2048 1040//2048 
f 958//2049 1041//2049 1039//2049 
f 1089//2050 1003//2050 1040//2050 
f 978//2051 1063//2051 1041//2051 
f 1005//2052 1090//2052 1006//2052 
f 1091//2053 1031//2053 1006//2053 
f 1010//2054 1092//2054 1007//2054 
f 1093//2055 1008//2055 1007//2055 
f 1009//2056 1008//2056 1094//2056 
f 1095//2057 1012//2057 1009//2057 
f 1011//2058 1096//2058 1010//2058 
f 1097//2059 1011//2059 1014//2059 
f 1095//2060 1042//2060 1012//2060 
f 1013//2061 1098//2061 1015//2061 
f 1013//2062 1042//2062 1099//2062 
f 1097//2063 1014//2063 1016//2063 
f 1018//2064 1015//2064 1100//2064 
f 1101//2065 1016//2065 1017//2065 
f 1018//2066 1102//2066 1019//2066 
f 1020//2067 1019//2067 1102//2067 
f 1043//2068 1044//2068 959//2068 
f 1043//2069 960//2069 1045//2069 
f 962//2070 1044//2070 1047//2070 
f 1046//2071 1045//2071 961//2071 
f 1046//2072 965//2072 1049//2072 
f 963//2073 1047//2073 1048//2073 
f 966//2074 1050//2074 1049//2074 
f 967//2075 1051//2075 1050//2075 
f 1020//2076 1103//2076 1051//2076 
f 1021//2077 1048//2077 1104//2077 
f 1052//2078 1053//2078 968//2078 
f 1052//2079 969//2079 1054//2079 
f 970//2080 1053//2080 1055//2080 
f 1058//2081 1054//2081 973//2081 
f 1056//2082 971//2082 1055//2082 
f 1056//2083 1057//2083 972//2083 
f 1059//2084 974//2084 1057//2084 
f 1058//2085 1021//2085 1104//2085 
f 1059//2086 1064//2086 979//2086 
f 975//2087 1030//2087 1061//2087 
f 1022//2088 1105//2088 1060//2088 
f 1022//2089 1061//2089 1105//2089 
f 1024//2090 1106//2090 1023//2090 
f 1024//2091 1062//2091 1107//2091 
f 1106//2092 1025//2092 1023//2092 
f 1025//2093 1108//2093 1026//2093 
f 1109//2094 1028//2094 1026//2094 
f 1110//2095 1062//2095 1027//2095 
f 1110//2096 1027//2096 1060//2096 
f 1111//2097 1029//2097 1028//2097 
f 1112//2098 1063//2098 1029//2098 
f 1064//2099 1113//2099 1030//2099 
f 982//2100 1068//2100 1065//2100 
f 980//2101 1065//2101 1066//2101 
f 1067//2102 981//2102 1066//2102 
f 983//2103 1067//2103 1069//2103 
f 985//2104 1071//2104 1068//2104 
f 1070//2105 984//2105 1069//2105 
f 1070//2106 1087//2106 1001//2106 
f 1082//2107 1071//2107 998//2107 
f 987//2108 1074//2108 1072//2108 
f 986//2109 1072//2109 1073//2109 
f 988//2110 1073//2110 1075//2110 
f 1076//2111 1074//2111 989//2111 
f 990//2112 1075//2112 1077//2112 
f 1076//2113 991//2113 1078//2113 
f 1079//2114 992//2114 1077//2114 
f 1083//2115 1078//2115 996//2115 
f 1079//2116 1080//2116 993//2116 
f 1081//2117 994//2117 1080//2117 
f 1081//2118 1082//2118 995//2118 
f 1084//2119 1083//2119 997//2119 
f 1084//2120 999//2120 1085//2120 
f 1000//2121 1086//2121 1085//2121 
f 1002//2122 1088//2122 1086//2122 
f 1101//2123 1017//2123 1087//2123 
f 1031//2124 1114//2124 1088//2124 
f 1033//2125 1035//2125 1032//2125 
f 1034//2126 1115//2126 1033//2126 
f 1089//2127 1116//2127 1034//2127 
f 1036//2128 1035//2128 1117//2128 
f 1118//2129 1005//2129 1036//2129 
f 1119//2130 1037//2130 1038//2130 
f 1120//2131 1038//2131 1039//2131 
f 1119//2132 1040//2132 1037//2132 
f 1039//2133 1041//2133 1121//2133 
f 1089//2134 1040//2134 1122//2134 
f 1123//2135 1041//2135 1063//2135 
f 1118//2136 1090//2136 1005//2136 
f 1091//2137 1006//2137 1090//2137 
f 1091//2138 1114//2138 1031//2138 
f 1010//2139 1096//2139 1092//2139 
f 1093//2140 1007//2140 1092//2140 
f 1093//2141 1094//2141 1008//2141 
f 1095//2142 1009//2142 1094//2142 
f 1011//2143 1124//2143 1096//2143 
f 1097//2144 1124//2144 1011//2144 
f 1125//2145 1042//2145 1095//2145 
f 1013//2146 1099//2146 1098//2146 
f 1100//2147 1015//2147 1098//2147 
f 1125//2148 1099//2148 1042//2148 
f 1097//2149 1016//2149 1101//2149 
f 1018//2150 1100//2150 1102//2150 
f 1020//2151 1102//2151 1103//2151 
f 1126//2152 1044//2152 1043//2152 
f 1127//2153 1043//2153 1045//2153 
f 1128//2154 1047//2154 1044//2154 
f 1046//2155 1129//2155 1045//2155 
f 1130//2156 1046//2156 1049//2156 
f 1128//2157 1048//2157 1047//2157 
f 1050//2158 1131//2158 1049//2158 
f 1050//2159 1051//2159 1132//2159 
f 1133//2160 1051//2160 1103//2160 
f 1128//2161 1104//2161 1048//2161 
f 1052//2162 1134//2162 1053//2162 
f 1052//2163 1054//2163 1135//2163 
f 1055//2164 1053//2164 1136//2164 
f 1058//2165 1137//2165 1054//2165 
f 1056//2166 1055//2166 1138//2166 
f 1056//2167 1139//2167 1057//2167 
f 1059//2168 1057//2168 1140//2168 
f 1058//2169 1104//2169 1141//2169 
f 1059//2170 1142//2170 1064//2170 
f 1113//2171 1061//2171 1030//2171 
f 1060//2172 1105//2172 1143//2172 
f 1144//2173 1105//2173 1061//2173 
f 1024//2174 1107//2174 1106//2174 
f 1062//2175 1145//2175 1107//2175 
f 1106//2176 1108//2176 1025//2176 
f 1109//2177 1026//2177 1108//2177 
f 1109//2178 1111//2178 1028//2178 
f 1110//2179 1145//2179 1062//2179 
f 1110//2180 1060//2180 1143//2180 
f 1112//2181 1029//2181 1111//2181 
f 1146//2182 1063//2182 1112//2182 
f 1064//2183 1147//2183 1113//2183 
f 1065//2184 1068//2184 1148//2184 
f 1149//2185 1066//2185 1065//2185 
f 1067//2186 1066//2186 1150//2186 
f 1151//2187 1069//2187 1067//2187 
f 1071//2188 1152//2188 1068//2188 
f 1153//2189 1070//2189 1069//2189 
f 1070//2190 1154//2190 1087//2190 
f 1155//2191 1071//2191 1082//2191 
f 1074//2192 1156//2192 1072//2192 
f 1157//2193 1073//2193 1072//2193 
f 1158//2194 1075//2194 1073//2194 
f 1076//2195 1159//2195 1074//2195 
f 1077//2196 1075//2196 1160//2196 
f 1076//2197 1078//2197 1161//2197 
f 1162//2198 1079//2198 1077//2198 
f 1163//2199 1078//2199 1083//2199 
f 1164//2200 1080//2200 1079//2200 
f 1165//2201 1081//2201 1080//2201 
f 1081//2202 1166//2202 1082//2202 
f 1084//2203 1167//2203 1083//2203 
f 1084//2204 1085//2204 1168//2204 
f 1169//2205 1085//2205 1086//2205 
f 1170//2206 1086//2206 1088//2206 
f 1101//2207 1087//2207 1171//2207 
f 1172//2208 1088//2208 1114//2208 
f 1033//2209 1117//2209 1035//2209 
f 1034//2210 1116//2210 1115//2210 
f 1033//2211 1115//2211 1117//2211 
f 1173//2212 1116//2212 1089//2212 
f 1118//2213 1036//2213 1117//2213 
f 1119//2214 1038//2214 1120//2214 
f 1120//2215 1039//2215 1121//2215 
f 1122//2216 1040//2216 1119//2216 
f 1123//2217 1121//2217 1041//2217 
f 1089//2218 1122//2218 1174//2218 
f 1146//2219 1123//2219 1063//2219 
f 1175//2220 1090//2220 1118//2220 
f 1091//2221 1090//2221 1176//2221 
f 1091//2222 1177//2222 1114//2222 
f 1178//2223 1092//2223 1096//2223 
f 1093//2224 1092//2224 1179//2224 
f 1093//2225 1180//2225 1094//2225 
f 1095//2226 1094//2226 1181//2226 
f 1124//2227 1182//2227 1096//2227 
f 1097//2228 1183//2228 1124//2228 
f 1125//2229 1095//2229 1181//2229 
f 1098//2230 1099//2230 1184//2230 
f 1185//2231 1100//2231 1098//2231 
f 1125//2232 1186//2232 1099//2232 
f 1097//2233 1101//2233 1183//2233 
f 1102//2234 1100//2234 1187//2234 
f 1102//2235 1188//2235 1103//2235 
f 1126//2236 1128//2236 1044//2236 
f 1126//2237 1043//2237 1127//2237 
f 1127//2238 1045//2238 1129//2238 
f 1130//2239 1129//2239 1046//2239 
f 1130//2240 1049//2240 1131//2240 
f 1050//2241 1132//2241 1131//2241 
f 1133//2242 1132//2242 1051//2242 
f 1133//2243 1103//2243 1189//2243 
f 1128//2244 1190//2244 1104//2244 
f 1052//2245 1135//2245 1134//2245 
f 1053//2246 1134//2246 1136//2246 
f 1137//2247 1135//2247 1054//2247 
f 1055//2248 1136//2248 1138//2248 
f 1058//2249 1141//2249 1137//2249 
f 1056//2250 1138//2250 1139//2250 
f 1139//2251 1140//2251 1057//2251 
f 1059//2252 1140//2252 1142//2252 
f 1190//2253 1141//2253 1104//2253 
f 1064//2254 1142//2254 1147//2254 
f 1113//2255 1144//2255 1061//2255 
f 1191//2256 1143//2256 1105//2256 
f 1191//2257 1105//2257 1144//2257 
f 1192//2258 1106//2258 1107//2258 
f 1107//2259 1145//2259 1193//2259 
f 1192//2260 1108//2260 1106//2260 
f 1109//2261 1108//2261 1194//2261 
f 1109//2262 1195//2262 1111//2262 
f 1110//2263 1196//2263 1145//2263 
f 1110//2264 1143//2264 1196//2264 
f 1112//2265 1111//2265 1197//2265 
f 1198//2266 1146//2266 1112//2266 
f 1147//2267 1199//2267 1113//2267 
f 1068//2268 1152//2268 1148//2268 
f 1149//2269 1065//2269 1148//2269 
f 1150//2270 1066//2270 1149//2270 
f 1151//2271 1067//2271 1150//2271 
f 1153//2272 1069//2272 1151//2272 
f 1155//2273 1152//2273 1071//2273 
f 1153//2274 1154//2274 1070//2274 
f 1087//2275 1154//2275 1171//2275 
f 1155//2276 1082//2276 1166//2276 
f 1074//2277 1159//2277 1156//2277 
f 1157//2278 1072//2278 1156//2278 
f 1157//2279 1158//2279 1073//2279 
f 1158//2280 1160//2280 1075//2280 
f 1076//2281 1161//2281 1159//2281 
f 1162//2282 1077//2282 1160//2282 
f 1163//2283 1161//2283 1078//2283 
f 1164//2284 1079//2284 1162//2284 
f 1163//2285 1083//2285 1167//2285 
f 1165//2286 1080//2286 1164//2286 
f 1165//2287 1166//2287 1081//2287 
f 1084//2288 1168//2288 1167//2288 
f 1168//2289 1085//2289 1169//2289 
f 1170//2290 1169//2290 1086//2290 
f 1170//2291 1088//2291 1172//2291 
f 1101//2292 1171//2292 1183//2292 
f 1200//2293 1172//2293 1114//2293 
f 1201//2294 1115//2294 1116//2294 
f 1117//2295 1115//2295 1202//2295 
f 1173//2296 1203//2296 1116//2296 
f 1173//2297 1089//2297 1174//2297 
f 1118//2298 1117//2298 1202//2298 
f 1119//2299 1120//2299 1204//2299 
f 1120//2300 1121//2300 1205//2300 
f 1122//2301 1119//2301 1204//2301 
f 1123//2302 1206//2302 1121//2302 
f 1122//2303 1207//2303 1174//2303 
f 1146//2304 1208//2304 1123//2304 
f 1175//2305 1176//2305 1090//2305 
f 1175//2306 1118//2306 1202//2306 
f 1209//2307 1091//2307 1176//2307 
f 1209//2308 1177//2308 1091//2308 
f 1200//2309 1114//2309 1177//2309 
f 1178//2310 1179//2310 1092//2310 
f 1178//2311 1096//2311 1182//2311 
f 1093//2312 1179//2312 1180//2312 
f 1180//2313 1181//2313 1094//2313 
f 1124//2314 1210//2314 1182//2314 
f 1183//2315 1210//2315 1124//2315 
f 1125//2316 1181//2316 1211//2316 
f 1186//2317 1184//2317 1099//2317 
f 1185//2318 1098//2318 1184//2318 
f 1185//2319 1187//2319 1100//2319 
f 1125//2320 1211//2320 1186//2320 
f 1102//2321 1187//2321 1188//2321 
f 1188//2322 1189//2322 1103//2322 
f 1126//2323 1190//2323 1128//2323 
f 1126//2324 1127//2324 1212//2324 
f 1213//2325 1127//2325 1129//2325 
f 1130//2326 1214//2326 1129//2326 
f 1130//2327 1131//2327 1215//2327 
f 1216//2328 1131//2328 1132//2328 
f 1217//2329 1132//2329 1133//2329 
f 1133//2330 1189//2330 1218//2330 
f 1135//2331 1219//2331 1134//2331 
f 1220//2332 1136//2332 1134//2332 
f 1221//2333 1135//2333 1137//2333 
f 1222//2334 1138//2334 1136//2334 
f 1223//2335 1137//2335 1141//2335 
f 1139//2336 1138//2336 1224//2336 
f 1139//2337 1225//2337 1140//2337 
f 1226//2338 1142//2338 1140//2338 
f 1227//2339 1141//2339 1190//2339 
f 1228//2340 1147//2340 1142//2340 
f 1113//2341 1199//2341 1144//2341 
f 1191//2342 1229//2342 1143//2342 
f 1191//2343 1144//2343 1230//2343 
f 1192//2344 1107//2344 1193//2344 
f 1145//2345 1231//2345 1193//2345 
f 1192//2346 1194//2346 1108//2346 
f 1109//2347 1194//2347 1195//2347 
f 1111//2348 1195//2348 1197//2348 
f 1196//2349 1231//2349 1145//2349 
f 1229//2350 1196//2350 1143//2350 
f 1198//2351 1112//2351 1197//2351 
f 1198//2352 1232//2352 1146//2352 
f 1233//2353 1199//2353 1147//2353 
f 1234//2354 1148//2354 1152//2354 
f 1149//2355 1148//2355 1235//2355 
f 1236//2356 1150//2356 1149//2356 
f 1236//2357 1151//2357 1150//2357 
f 1237//2358 1153//2358 1151//2358 
f 1238//2359 1152//2359 1155//2359 
f 1239//2360 1154//2360 1153//2360 
f 1171//2361 1154//2361 1240//2361 
f 1241//2362 1155//2362 1166//2362 
f 1159//2363 1242//2363 1156//2363 
f 1157//2364 1156//2364 1243//2364 
f 1157//2365 1244//2365 1158//2365 
f 1245//2366 1160//2366 1158//2366 
f 1161//2367 1246//2367 1159//2367 
f 1247//2368 1162//2368 1160//2368 
f 1163//2369 1248//2369 1161//2369 
f 1249//2370 1164//2370 1162//2370 
f 1163//2371 1167//2371 1250//2371 
f 1251//2372 1165//2372 1164//2372 
f 1165//2373 1252//2373 1166//2373 
f 1168//2374 1253//2374 1167//2374 
f 1168//2375 1169//2375 1254//2375 
f 1170//2376 1255//2376 1169//2376 
f 1170//2377 1172//2377 1255//2377 
f 1183//2378 1171//2378 1256//2378 
f 1200//2379 1257//2379 1172//2379 
f 1201//2380 1202//2380 1115//2380 
f 1201//2381 1116//2381 1203//2381 
f 1173//2382 1258//2382 1203//2382 
f 1173//2383 1174//2383 1258//2383 
f 1120//2384 1205//2384 1204//2384 
f 1205//2385 1121//2385 1206//2385 
f 1122//2386 1204//2386 1207//2386 
f 1123//2387 1208//2387 1206//2387 
f 1174//2388 1207//2388 1259//2388 
f 1146//2389 1232//2389 1208//2389 
f 1175//2390 1260//2390 1176//2390 
f 1175//2391 1202//2391 1261//2391 
f 1209//2392 1176//2392 1260//2392 
f 1209//2393 1262//2393 1177//2393 
f 1200//2394 1177//2394 1263//2394 
f 1264//2395 1179//2395 1178//2395 
f 1265//2396 1178//2396 1182//2396 
f 1266//2397 1180//2397 1179//2397 
f 1180//2398 1267//2398 1181//2398 
f 1210//2399 1268//2399 1182//2399 
f 1183//2400 1256//2400 1210//2400 
f 1211//2401 1181//2401 1267//2401 
f 1269//2402 1184//2402 1186//2402 
f 1185//2403 1184//2403 1270//2403 
f 1185//2404 1271//2404 1187//2404 
f 1186//2405 1211//2405 1272//2405 
f 1188//2406 1187//2406 1273//2406 
f 1188//2407 1274//2407 1189//2407 
f 1126//2408 1212//2408 1190//2408 
f 1213//2409 1212//2409 1127//2409 
f 1213//2410 1129//2410 1214//2410 
f 1130//2411 1215//2411 1214//2411 
f 1216//2412 1215//2412 1131//2412 
f 1217//2413 1216//2413 1132//2413 
f 1217//2414 1133//2414 1218//2414 
f 1275//2415 1218//2415 1189//2415 
f 1221//2416 1219//2416 1135//2416 
f 1220//2417 1134//2417 1219//2417 
f 1222//2418 1136//2418 1220//2418 
f 1221//2419 1137//2419 1223//2419 
f 1222//2420 1224//2420 1138//2420 
f 1227//2421 1223//2421 1141//2421 
f 1139//2422 1224//2422 1225//2422 
f 1226//2423 1140//2423 1225//2423 
f 1226//2424 1228//2424 1142//2424 
f 1227//2425 1190//2425 1212//2425 
f 1228//2426 1233//2426 1147//2426 
f 1199//2427 1230//2427 1144//2427 
f 1191//2428 1276//2428 1229//2428 
f 1191//2429 1230//2429 1276//2429 
f 1277//2430 1192//2430 1193//2430 
f 1278//2431 1193//2431 1231//2431 
f 1277//2432 1194//2432 1192//2432 
f 1279//2433 1195//2433 1194//2433 
f 1280//2434 1197//2434 1195//2434 
f 1229//2435 1231//2435 1196//2435 
f 1198//2436 1197//2436 1281//2436 
f 1198//2437 1282//2437 1232//2437 
f 1233//2438 1283//2438 1199//2438 
f 1234//2439 1235//2439 1148//2439 
f 1238//2440 1234//2440 1152//2440 
f 1236//2441 1149//2441 1235//2441 
f 1236//2442 1284//2442 1151//2442 
f 1239//2443 1153//2443 1237//2443 
f 1237//2444 1151//2444 1284//2444 
f 1238//2445 1155//2445 1241//2445 
f 1239//2446 1240//2446 1154//2446 
f 1171//2447 1240//2447 1256//2447 
f 1241//2448 1166//2448 1252//2448 
f 1159//2449 1246//2449 1242//2449 
f 1243//2450 1156//2450 1242//2450 
f 1157//2451 1243//2451 1244//2451 
f 1245//2452 1158//2452 1244//2452 
f 1247//2453 1160//2453 1245//2453 
f 1161//2454 1248//2454 1246//2454 
f 1249//2455 1162//2455 1247//2455 
f 1163//2456 1250//2456 1248//2456 
f 1251//2457 1164//2457 1249//2457 
f 1250//2458 1167//2458 1253//2458 
f 1251//2459 1252//2459 1165//2459 
f 1168//2460 1254//2460 1253//2460 
f 1285//2461 1254//2461 1169//2461 
f 1285//2462 1169//2462 1255//2462 
f 1172//2463 1257//2463 1255//2463 
f 1200//2464 1286//2464 1257//2464 
f 1201//2465 1261//2465 1202//2465 
f 1287//2466 1201//2466 1203//2466 
f 1203//2467 1258//2467 1288//2467 
f 1174//2468 1259//2468 1258//2468 
f 1289//2469 1204//2469 1205//2469 
f 1290//2470 1205//2470 1206//2470 
f 1289//2471 1207//2471 1204//2471 
f 1291//2472 1206//2472 1208//2472 
f 1292//2473 1259//2473 1207//2473 
f 1293//2474 1208//2474 1232//2474 
f 1175//2475 1261//2475 1260//2475 
f 1209//2476 1260//2476 1294//2476 
f 1209//2477 1294//2477 1262//2477 
f 1177//2478 1262//2478 1263//2478 
f 1200//2479 1263//2479 1286//2479 
f 1264//2480 1266//2480 1179//2480 
f 1264//2481 1178//2481 1265//2481 
f 1265//2482 1182//2482 1268//2482 
f 1266//2483 1267//2483 1180//2483 
f 1210//2484 1295//2484 1268//2484 
f 1210//2485 1256//2485 1295//2485 
f 1272//2486 1211//2486 1267//2486 
f 1269//2487 1270//2487 1184//2487 
f 1269//2488 1186//2488 1296//2488 
f 1185//2489 1270//2489 1271//2489 
f 1271//2490 1273//2490 1187//2490 
f 1186//2491 1272//2491 1296//2491 
f 1188//2492 1273//2492 1274//2492 
f 1274//2493 1275//2493 1189//2493 
f 1213//2494 1297//2494 1212//2494 
f 1213//2495 1214//2495 1298//2495 
f 1214//2496 1215//2496 1299//2496 
f 1216//2497 1300//2497 1215//2497 
f 1217//2498 1301//2498 1216//2498 
f 1217//2499 1218//2499 1302//2499 
f 1275//2500 1303//2500 1218//2500 
f 1221//2501 1304//2501 1219//2501 
f 1220//2502 1219//2502 1305//2502 
f 1222//2503 1220//2503 1306//2503 
f 1221//2504 1223//2504 1307//2504 
f 1222//2505 1308//2505 1224//2505 
f 1227//2506 1309//2506 1223//2506 
f 1310//2507 1225//2507 1224//2507 
f 1226//2508 1225//2508 1311//2508 
f 1312//2509 1228//2509 1226//2509 
f 1227//2510 1212//2510 1297//2510 
f 1312//2511 1233//2511 1228//2511 
f 1283//2512 1230//2512 1199//2512 
f 1229//2513 1276//2513 1313//2513 
f 1276//2514 1230//2514 1314//2514 
f 1277//2515 1193//2515 1278//2515 
f 1278//2516 1231//2516 1315//2516 
f 1277//2517 1279//2517 1194//2517 
f 1280//2518 1195//2518 1279//2518 
f 1280//2519 1281//2519 1197//2519 
f 1229//2520 1313//2520 1231//2520 
f 1198//2521 1281//2521 1282//2521 
f 1316//2522 1232//2522 1282//2522 
f 1233//2523 1317//2523 1283//2523 
f 1234//2524 1318//2524 1235//2524 
f 1238//2525 1319//2525 1234//2525 
f 1236//2526 1235//2526 1320//2526 
f 1236//2527 1320//2527 1284//2527 
f 1239//2528 1237//2528 1321//2528 
f 1237//2529 1284//2529 1322//2529 
f 1238//2530 1241//2530 1323//2530 
f 1239//2531 1324//2531 1240//2531 
f 1256//2532 1240//2532 1325//2532 
f 1241//2533 1252//2533 1326//2533 
f 1327//2534 1242//2534 1246//2534 
f 1328//2535 1243//2535 1242//2535 
f 1329//2536 1244//2536 1243//2536 
f 1330//2537 1245//2537 1244//2537 
f 1331//2538 1247//2538 1245//2538 
f 1332//2539 1246//2539 1248//2539 
f 1333//2540 1249//2540 1247//2540 
f 1334//2541 1248//2541 1250//2541 
f 1251//2542 1249//2542 1335//2542 
f 1250//2543 1253//2543 1336//2543 
f 1251//2544 1337//2544 1252//2544 
f 1338//2545 1253//2545 1254//2545 
f 1285//2546 1338//2546 1254//2546 
f 1285//2547 1255//2547 1339//2547 
f 1339//2548 1255//2548 1257//2548 
f 1286//2549 1340//2549 1257//2549 
f 1287//2550 1261//2550 1201//2550 
f 1287//2551 1203//2551 1288//2551 
f 1341//2552 1288//2552 1258//2552 
f 1341//2553 1258//2553 1259//2553 
f 1289//2554 1205//2554 1290//2554 
f 1290//2555 1206//2555 1291//2555 
f 1289//2556 1292//2556 1207//2556 
f 1293//2557 1291//2557 1208//2557 
f 1292//2558 1342//2558 1259//2558 
f 1316//2559 1293//2559 1232//2559 
f 1261//2560 1343//2560 1260//2560 
f 1260//2561 1343//2561 1294//2561 
f 1344//2562 1262//2562 1294//2562 
f 1344//2563 1263//2563 1262//2563 
f 1286//2564 1263//2564 1345//2564 
f 1264//2565 1346//2565 1266//2565 
f 1264//2566 1265//2566 1347//2566 
f 1348//2567 1265//2567 1268//2567 
f 1266//2568 1349//2568 1267//2568 
f 1350//2569 1268//2569 1295//2569 
f 1256//2570 1325//2570 1295//2570 
f 1272//2571 1267//2571 1349//2571 
f 1269//2572 1351//2572 1270//2572 
f 1269//2573 1296//2573 1352//2573 
f 1271//2574 1270//2574 1353//2574 
f 1271//2575 1354//2575 1273//2575 
f 1296//2576 1272//2576 1355//2576 
f 1274//2577 1273//2577 1356//2577 
f 1274//2578 1357//2578 1275//2578 
f 1213//2579 1298//2579 1297//2579 
f 1214//2580 1299//2580 1298//2580 
f 1299//2581 1215//2581 1300//2581 
f 1301//2582 1300//2582 1216//2582 
f 1217//2583 1302//2583 1301//2583 
f 1303//2584 1302//2584 1218//2584 
f 1358//2585 1303//2585 1275//2585 
f 1221//2586 1307//2586 1304//2586 
f 1304//2587 1305//2587 1219//2587 
f 1220//2588 1305//2588 1306//2588 
f 1222//2589 1306//2589 1308//2589 
f 1223//2590 1309//2590 1307//2590 
f 1310//2591 1224//2591 1308//2591 
f 1227//2592 1297//2592 1309//2592 
f 1310//2593 1311//2593 1225//2593 
f 1312//2594 1226//2594 1311//2594 
f 1312//2595 1359//2595 1233//2595 
f 1283//2596 1314//2596 1230//2596 
f 1276//2597 1360//2597 1313//2597 
f 1276//2598 1314//2598 1360//2598 
f 1277//2599 1278//2599 1361//2599 
f 1315//2600 1231//2600 1313//2600 
f 1278//2601 1315//2601 1362//2601 
f 1277//2602 1361//2602 1279//2602 
f 1280//2603 1279//2603 1363//2603 
f 1280//2604 1364//2604 1281//2604 
f 1365//2605 1282//2605 1281//2605 
f 1316//2606 1282//2606 1366//2606 
f 1359//2607 1317//2607 1233//2607 
f 1367//2608 1283//2608 1317//2608 
f 1234//2609 1319//2609 1318//2609 
f 1320//2610 1235//2610 1318//2610 
f 1238//2611 1323//2611 1319//2611 
f 1284//2612 1320//2612 1368//2612 
f 1237//2613 1322//2613 1321//2613 
f 1239//2614 1321//2614 1324//2614 
f 1284//2615 1368//2615 1322//2615 
f 1241//2616 1326//2616 1323//2616 
f 1325//2617 1240//2617 1324//2617 
f 1252//2618 1337//2618 1326//2618 
f 1327//2619 1328//2619 1242//2619 
f 1332//2620 1327//2620 1246//2620 
f 1329//2621 1243//2621 1328//2621 
f 1330//2622 1244//2622 1329//2622 
f 1331//2623 1245//2623 1330//2623 
f 1333//2624 1247//2624 1331//2624 
f 1334//2625 1332//2625 1248//2625 
f 1333//2626 1335//2626 1249//2626 
f 1334//2627 1250//2627 1336//2627 
f 1251//2628 1335//2628 1337//2628 
f 1338//2629 1336//2629 1253//2629 
f 1369//2630 1338//2630 1285//2630 
f 1369//2631 1285//2631 1339//2631 
f 1339//2632 1257//2632 1340//2632 
f 1286//2633 1370//2633 1340//2633 
f 1287//2634 1371//2634 1261//2634 
f 1287//2635 1288//2635 1372//2635 
f 1373//2636 1288//2636 1341//2636 
f 1342//2637 1341//2637 1259//2637 
f 1289//2638 1290//2638 1374//2638 
f 1290//2639 1291//2639 1375//2639 
f 1289//2640 1374//2640 1292//2640 
f 1293//2641 1376//2641 1291//2641 
f 1292//2642 1377//2642 1342//2642 
f 1378//2643 1293//2643 1316//2643 
f 1261//2644 1371//2644 1343//2644 
f 1379//2645 1294//2645 1343//2645 
f 1379//2646 1344//2646 1294//2646 
f 1344//2647 1380//2647 1263//2647 
f 1345//2648 1263//2648 1380//2648 
f 1286//2649 1345//2649 1370//2649 
f 1264//2650 1347//2650 1346//2650 
f 1266//2651 1346//2651 1349//2651 
f 1348//2652 1347//2652 1265//2652 
f 1348//2653 1268//2653 1350//2653 
f 1350//2654 1295//2654 1381//2654 
f 1325//2655 1381//2655 1295//2655 
f 1355//2656 1272//2656 1349//2656 
f 1269//2657 1352//2657 1351//2657 
f 1351//2658 1353//2658 1270//2658 
f 1296//2659 1382//2659 1352//2659 
f 1271//2660 1353//2660 1354//2660 
f 1356//2661 1273//2661 1354//2661 
f 1296//2662 1355//2662 1382//2662 
f 1274//2663 1356//2663 1357//2663 
f 1358//2664 1275//2664 1357//2664 
f 1297//2665 1298//2665 1383//2665 
f 1384//2666 1298//2666 1299//2666 
f 1385//2667 1299//2667 1300//2667 
f 1301//2668 1386//2668 1300//2668 
f 1301//2669 1302//2669 1387//2669 
f 1388//2670 1302//2670 1303//2670 
f 1389//2671 1303//2671 1358//2671 
f 1304//2672 1307//2672 1390//2672 
f 1304//2673 1391//2673 1305//2673 
f 1392//2674 1306//2674 1305//2674 
f 1308//2675 1306//2675 1393//2675 
f 1309//2676 1394//2676 1307//2676 
f 1310//2677 1308//2677 1395//2677 
f 1309//2678 1297//2678 1383//2678 
f 1310//2679 1396//2679 1311//2679 
f 1312//2680 1311//2680 1397//2680 
f 1312//2681 1397//2681 1359//2681 
f 1367//2682 1314//2682 1283//2682 
f 1398//2683 1313//2683 1360//2683 
f 1314//2684 1399//2684 1360//2684 
f 1278//2685 1362//2685 1361//2685 
f 1398//2686 1315//2686 1313//2686 
f 1315//2687 1400//2687 1362//2687 
f 1361//2688 1363//2688 1279//2688 
f 1280//2689 1363//2689 1364//2689 
f 1364//2690 1365//2690 1281//2690 
f 1365//2691 1366//2691 1282//2691 
f 1316//2692 1366//2692 1401//2692 
f 1359//2693 1402//2693 1317//2693 
f 1403//2694 1367//2694 1317//2694 
f 1318//2695 1319//2695 1404//2695 
f 1405//2696 1320//2696 1318//2696 
f 1319//2697 1323//2697 1406//2697 
f 1405//2698 1368//2698 1320//2698 
f 1321//2699 1322//2699 1407//2699 
f 1321//2700 1408//2700 1324//2700 
f 1368//2701 1409//2701 1322//2701 
f 1326//2702 1410//2702 1323//2702 
f 1411//2703 1325//2703 1324//2703 
f 1412//2704 1326//2704 1337//2704 
f 1327//2705 1413//2705 1328//2705 
f 1332//2706 1414//2706 1327//2706 
f 1329//2707 1328//2707 1415//2707 
f 1330//2708 1329//2708 1416//2708 
f 1417//2709 1331//2709 1330//2709 
f 1418//2710 1333//2710 1331//2710 
f 1334//2711 1419//2711 1332//2711 
f 1420//2712 1335//2712 1333//2712 
f 1334//2713 1336//2713 1421//2713 
f 1422//2714 1337//2714 1335//2714 
f 1338//2715 1423//2715 1336//2715 
f 1369//2716 1424//2716 1338//2716 
f 1369//2717 1339//2717 1425//2717 
f 1425//2718 1339//2718 1340//2718 
f 1340//2719 1370//2719 1426//2719 
f 1287//2720 1372//2720 1371//2720 
f 1373//2721 1372//2721 1288//2721 
f 1427//2722 1373//2722 1341//2722 
f 1427//2723 1341//2723 1342//2723 
f 1290//2724 1375//2724 1374//2724 
f 1375//2725 1291//2725 1376//2725 
f 1292//2726 1374//2726 1428//2726 
f 1378//2727 1376//2727 1293//2727 
f 1292//2728 1428//2728 1377//2728 
f 1429//2729 1342//2729 1377//2729 
f 1378//2730 1316//2730 1401//2730 
f 1430//2731 1343//2731 1371//2731 
f 1379//2732 1343//2732 1430//2732 
f 1379//2733 1431//2733 1344//2733 
f 1344//2734 1431//2734 1380//2734 
f 1432//2735 1345//2735 1380//2735 
f 1432//2736 1370//2736 1345//2736 
f 1347//2737 1433//2737 1346//2737 
f 1346//2738 1434//2738 1349//2738 
f 1348//2739 1435//2739 1347//2739 
f 1436//2740 1348//2740 1350//2740 
f 1437//2741 1350//2741 1381//2741 
f 1411//2742 1381//2742 1325//2742 
f 1355//2743 1349//2743 1434//2743 
f 1351//2744 1352//2744 1438//2744 
f 1351//2745 1439//2745 1353//2745 
f 1382//2746 1440//2746 1352//2746 
f 1441//2747 1354//2747 1353//2747 
f 1442//2748 1356//2748 1354//2748 
f 1443//2749 1382//2749 1355//2749 
f 1442//2750 1357//2750 1356//2750 
f 1358//2751 1357//2751 1444//2751 
f 1384//2752 1383//2752 1298//2752 
f 1385//2753 1384//2753 1299//2753 
f 1385//2754 1300//2754 1386//2754 
f 1301//2755 1387//2755 1386//2755 
f 1388//2756 1387//2756 1302//2756 
f 1388//2757 1303//2757 1389//2757 
f 1389//2758 1358//2758 1445//2758 
f 1390//2759 1307//2759 1394//2759 
f 1304//2760 1390//2760 1391//2760 
f 1391//2761 1392//2761 1305//2761 
f 1393//2762 1306//2762 1392//2762 
f 1308//2763 1393//2763 1395//2763 
f 1309//2764 1383//2764 1394//2764 
f 1310//2765 1395//2765 1396//2765 
f 1397//2766 1311//2766 1396//2766 
f 1397//2767 1446//2767 1359//2767 
f 1367//2768 1399//2768 1314//2768 
f 1447//2769 1398//2769 1360//2769 
f 1447//2770 1360//2770 1399//2770 
f 1448//2771 1361//2771 1362//2771 
f 1398//2772 1400//2772 1315//2772 
f 1362//2773 1400//2773 1449//2773 
f 1448//2774 1363//2774 1361//2774 
f 1450//2775 1364//2775 1363//2775 
f 1451//2776 1365//2776 1364//2776 
f 1365//2777 1452//2777 1366//2777 
f 1401//2778 1366//2778 1453//2778 
f 1446//2779 1402//2779 1359//2779 
f 1403//2780 1317//2780 1402//2780 
f 1403//2781 1454//2781 1367//2781 
f 1404//2782 1319//2782 1406//2782 
f 1405//2783 1318//2783 1404//2783 
f 1406//2784 1323//2784 1410//2784 
f 1455//2785 1368//2785 1405//2785 
f 1407//2786 1322//2786 1409//2786 
f 1321//2787 1407//2787 1408//2787 
f 1411//2788 1324//2788 1408//2788 
f 1455//2789 1409//2789 1368//2789 
f 1412//2790 1410//2790 1326//2790 
f 1422//2791 1412//2791 1337//2791 
f 1327//2792 1414//2792 1413//2792 
f 1328//2793 1413//2793 1415//2793 
f 1332//2794 1419//2794 1414//2794 
f 1329//2795 1415//2795 1416//2795 
f 1417//2796 1330//2796 1416//2796 
f 1418//2797 1331//2797 1417//2797 
f 1420//2798 1333//2798 1418//2798 
f 1334//2799 1421//2799 1419//2799 
f 1420//2800 1422//2800 1335//2800 
f 1421//2801 1336//2801 1423//2801 
f 1424//2802 1423//2802 1338//2802 
f 1369//2803 1456//2803 1424//2803 
f 1369//2804 1425//2804 1456//2804 
f 1425//2805 1340//2805 1426//2805 
f 1457//2806 1426//2806 1370//2806 
f 1458//2807 1371//2807 1372//2807 
f 1373//2808 1459//2808 1372//2808 
f 1427//2809 1460//2809 1373//2809 
f 1429//2810 1427//2810 1342//2810 
f 1461//2811 1374//2811 1375//2811 
f 1375//2812 1376//2812 1462//2812 
f 1428//2813 1374//2813 1461//2813 
f 1378//2814 1463//2814 1376//2814 
f 1428//2815 1464//2815 1377//2815 
f 1429//2816 1377//2816 1465//2816 
f 1378//2817 1401//2817 1466//2817 
f 1458//2818 1430//2818 1371//2818 
f 1379//2819 1430//2819 1467//2819 
f 1379//2820 1467//2820 1431//2820 
f 1468//2821 1380//2821 1431//2821 
f 1432//2822 1380//2822 1468//2822 
f 1432//2823 1469//2823 1370//2823 
f 1347//2824 1435//2824 1433//2824 
f 1433//2825 1434//2825 1346//2825 
f 1436//2826 1435//2826 1348//2826 
f 1436//2827 1350//2827 1437//2827 
f 1470//2828 1437//2828 1381//2828 
f 1411//2829 1470//2829 1381//2829 
f 1443//2830 1355//2830 1434//2830 
f 1438//2831 1352//2831 1440//2831 
f 1351//2832 1438//2832 1439//2832 
f 1441//2833 1353//2833 1439//2833 
f 1382//2834 1471//2834 1440//2834 
f 1442//2835 1354//2835 1441//2835 
f 1443//2836 1471//2836 1382//2836 
f 1442//2837 1444//2837 1357//2837 
f 1358//2838 1444//2838 1445//2838 
f 1384//2839 1472//2839 1383//2839 
f 1385//2840 1473//2840 1384//2840 
f 1474//2841 1385//2841 1386//2841 
f 1475//2842 1386//2842 1387//2842 
f 1388//2843 1475//2843 1387//2843 
f 1388//2844 1389//2844 1476//2844 
f 1389//2845 1445//2845 1477//2845 
f 1390//2846 1394//2846 1478//2846 
f 1479//2847 1391//2847 1390//2847 
f 1480//2848 1392//2848 1391//2848 
f 1393//2849 1392//2849 1481//2849 
f 1395//2850 1393//2850 1482//2850 
f 1472//2851 1394//2851 1383//2851 
f 1483//2852 1396//2852 1395//2852 
f 1397//2853 1396//2853 1484//2853 
f 1397//2854 1484//2854 1446//2854 
f 1367//2855 1454//2855 1399//2855 
f 1447//2856 1485//2856 1398//2856 
f 1447//2857 1399//2857 1486//2857 
f 1448//2858 1362//2858 1449//2858 
f 1398//2859 1485//2859 1400//2859 
f 1400//2860 1487//2860 1449//2860 
f 1448//2861 1450//2861 1363//2861 
f 1451//2862 1364//2862 1450//2862 
f 1451//2863 1452//2863 1365//2863 
f 1452//2864 1453//2864 1366//2864 
f 1401//2865 1453//2865 1488//2865 
f 1446//2866 1489//2866 1402//2866 
f 1403//2867 1402//2867 1490//2867 
f 1403//2868 1491//2868 1454//2868 
f 1404//2869 1406//2869 1492//2869 
f 1493//2870 1405//2870 1404//2870 
f 1406//2871 1410//2871 1494//2871 
f 1493//2872 1455//2872 1405//2872 
f 1495//2873 1407//2873 1409//2873 
f 1407//2874 1496//2874 1408//2874 
f 1411//2875 1408//2875 1497//2875 
f 1455//2876 1498//2876 1409//2876 
f 1412//2877 1499//2877 1410//2877 
f 1422//2878 1500//2878 1412//2878 
f 1413//2879 1414//2879 1501//2879 
f 1502//2880 1415//2880 1413//2880 
f 1503//2881 1414//2881 1419//2881 
f 1415//2882 1504//2882 1416//2882 
f 1417//2883 1416//2883 1505//2883 
f 1506//2884 1418//2884 1417//2884 
f 1507//2885 1420//2885 1418//2885 
f 1421//2886 1508//2886 1419//2886 
f 1420//2887 1509//2887 1422//2887 
f 1421//2888 1423//2888 1510//2888 
f 1424//2889 1511//2889 1423//2889 
f 1456//2890 1512//2890 1424//2890 
f 1456//2891 1425//2891 1513//2891 
f 1425//2892 1426//2892 1513//2892 
f 1457//2893 1514//2893 1426//2893 
f 1457//2894 1370//2894 1469//2894 
f 1458//2895 1372//2895 1459//2895 
f 1373//2896 1460//2896 1459//2896 
f 1427//2897 1515//2897 1460//2897 
f 1429//2898 1515//2898 1427//2898 
f 1461//2899 1375//2899 1462//2899 
f 1463//2900 1462//2900 1376//2900 
f 1428//2901 1461//2901 1516//2901 
f 1378//2902 1466//2902 1463//2902 
f 1428//2903 1516//2903 1464//2903 
f 1465//2904 1377//2904 1464//2904 
f 1429//2905 1465//2905 1517//2905 
f 1466//2906 1401//2906 1488//2906 
f 1458//2907 1518//2907 1430//2907 
f 1430//2908 1518//2908 1467//2908 
f 1519//2909 1431//2909 1467//2909 
f 1519//2910 1468//2910 1431//2910 
f 1432//2911 1468//2911 1520//2911 
f 1432//2912 1520//2912 1469//2912 
f 1521//2913 1433//2913 1435//2913 
f 1522//2914 1434//2914 1433//2914 
f 1436//2915 1523//2915 1435//2915 
f 1436//2916 1437//2916 1524//2916 
f 1470//2917 1525//2917 1437//2917 
f 1411//2918 1497//2918 1470//2918 
f 1443//2919 1434//2919 1522//2919 
f 1438//2920 1440//2920 1526//2920 
f 1439//2921 1438//2921 1527//2921 
f 1441//2922 1439//2922 1528//2922 
f 1529//2923 1440//2923 1471//2923 
f 1442//2924 1441//2924 1530//2924 
f 1443//2925 1522//2925 1471//2925 
f 1442//2926 1530//2926 1444//2926 
f 1444//2927 1531//2927 1445//2927 
f 1384//2928 1473//2928 1472//2928 
f 1474//2929 1473//2929 1385//2929 
f 1474//2930 1386//2930 1475//2930 
f 1388//2931 1532//2931 1475//2931 
f 1389//2932 1477//2932 1476//2932 
f 1388//2933 1476//2933 1532//2933 
f 1533//2934 1477//2934 1445//2934 
f 1478//2935 1394//2935 1472//2935 
f 1479//2936 1390//2936 1478//2936 
f 1479//2937 1480//2937 1391//2937 
f 1480//2938 1481//2938 1392//2938 
f 1393//2939 1481//2939 1482//2939 
f 1483//2940 1395//2940 1482//2940 
f 1484//2941 1396//2941 1483//2941 
f 1446//2942 1484//2942 1534//2942 
f 1454//2943 1486//2943 1399//2943 
f 1447//2944 1535//2944 1485//2944 
f 1447//2945 1486//2945 1535//2945 
f 1448//2946 1449//2946 1536//2946 
f 1537//2947 1400//2947 1485//2947 
f 1537//2948 1487//2948 1400//2948 
f 1538//2949 1449//2949 1487//2949 
f 1448//2950 1536//2950 1450//2950 
f 1451//2951 1450//2951 1539//2951 
f 1451//2952 1540//2952 1452//2952 
f 1541//2953 1453//2953 1452//2953 
f 1542//2954 1488//2954 1453//2954 
f 1446//2955 1534//2955 1489//2955 
f 1402//2956 1489//2956 1490//2956 
f 1403//2957 1490//2957 1491//2957 
f 1543//2958 1454//2958 1491//2958 
f 1406//2959 1494//2959 1492//2959 
f 1493//2960 1404//2960 1492//2960 
f 1494//2961 1410//2961 1499//2961 
f 1493//2962 1544//2962 1455//2962 
f 1495//2963 1496//2963 1407//2963 
f 1495//2964 1409//2964 1498//2964 
f 1497//2965 1408//2965 1496//2965 
f 1455//2966 1544//2966 1498//2966 
f 1412//2967 1500//2967 1499//2967 
f 1422//2968 1509//2968 1500//2968 
f 1503//2969 1501//2969 1414//2969 
f 1502//2970 1413//2970 1501//2970 
f 1502//2971 1504//2971 1415//2971 
f 1503//2972 1419//2972 1508//2972 
f 1505//2973 1416//2973 1504//2973 
f 1506//2974 1417//2974 1505//2974 
f 1507//2975 1418//2975 1506//2975 
f 1507//2976 1509//2976 1420//2976 
f 1421//2977 1510//2977 1508//2977 
f 1511//2978 1510//2978 1423//2978 
f 1424//2979 1512//2979 1511//2979 
f 1456//2980 1545//2980 1512//2980 
f 1456//2981 1513//2981 1545//2981 
f 1514//2982 1513//2982 1426//2982 
f 1457//2983 1546//2983 1514//2983 
f 1457//2984 1469//2984 1547//2984 
f 1458//2985 1459//2985 1548//2985 
f 1549//2986 1459//2986 1460//2986 
f 1515//2987 1550//2987 1460//2987 
f 1429//2988 1551//2988 1515//2988 
f 1552//2989 1461//2989 1462//2989 
f 1463//2990 1553//2990 1462//2990 
f 1516//2991 1461//2991 1552//2991 
f 1554//2992 1463//2992 1466//2992 
f 1516//2993 1555//2993 1464//2993 
f 1465//2994 1464//2994 1556//2994 
f 1465//2995 1557//2995 1517//2995 
f 1429//2996 1517//2996 1551//2996 
f 1466//2997 1488//2997 1558//2997 
f 1458//2998 1548//2998 1518//2998 
f 1559//2999 1467//2999 1518//2999 
f 1559//3000 1519//3000 1467//3000 
f 1519//3001 1560//3001 1468//3001 
f 1520//3002 1468//3002 1560//3002 
f 1520//3003 1561//3003 1469//3003 
f 1521//3004 1522//3004 1433//3004 
f 1521//3005 1435//3005 1523//3005 
f 1436//3006 1524//3006 1523//3006 
f 1437//3007 1525//3007 1524//3007 
f 1562//3008 1525//3008 1470//3008 
f 1562//3009 1470//3009 1497//3009 
f 1529//3010 1526//3010 1440//3010 
f 1438//3011 1526//3011 1527//3011 
f 1439//3012 1527//3012 1528//3012 
f 1441//3013 1528//3013 1530//3013 
f 1529//3014 1471//3014 1563//3014 
f 1522//3015 1564//3015 1471//3015 
f 1444//3016 1530//3016 1531//3016 
f 1533//3017 1445//3017 1531//3017 
f 1472//3018 1473//3018 1565//3018 
f 1566//3019 1473//3019 1474//3019 
f 1567//3020 1474//3020 1475//3020 
f 1567//3021 1475//3021 1532//3021 
f 1477//3022 1568//3022 1476//3022 
f 1532//3023 1476//3023 1569//3023 
f 1533//3024 1570//3024 1477//3024 
f 1478//3025 1472//3025 1565//3025 
f 1479//3026 1478//3026 1571//3026 
f 1572//3027 1480//3027 1479//3027 
f 1573//3028 1481//3028 1480//3028 
f 1482//3029 1481//3029 1574//3029 
f 1483//3030 1482//3030 1575//3030 
f 1484//3031 1483//3031 1576//3031 
f 1484//3032 1576//3032 1534//3032 
f 1543//3033 1486//3033 1454//3033 
f 1537//3034 1485//3034 1535//3034 
f 1577//3035 1535//3035 1486//3035 
f 1538//3036 1536//3036 1449//3036 
f 1578//3037 1487//3037 1537//3037 
f 1579//3038 1538//3038 1487//3038 
f 1450//3039 1536//3039 1539//3039 
f 1451//3040 1539//3040 1540//3040 
f 1541//3041 1452//3041 1540//3041 
f 1541//3042 1542//3042 1453//3042 
f 1580//3043 1488//3043 1542//3043 
f 1534//3044 1581//3044 1489//3044 
f 1489//3045 1582//3045 1490//3045 
f 1583//3046 1491//3046 1490//3046 
f 1584//3047 1543//3047 1491//3047 
f 1494//3048 1585//3048 1492//3048 
f 1493//3049 1492//3049 1586//3049 
f 1494//3050 1499//3050 1587//3050 
f 1493//3051 1586//3051 1544//3051 
f 1495//3052 1588//3052 1496//3052 
f 1495//3053 1498//3053 1589//3053 
f 1590//3054 1497//3054 1496//3054 
f 1591//3055 1498//3055 1544//3055 
f 1592//3056 1499//3056 1500//3056 
f 1593//3057 1500//3057 1509//3057 
f 1503//3058 1594//3058 1501//3058 
f 1502//3059 1501//3059 1595//3059 
f 1502//3060 1596//3060 1504//3060 
f 1503//3061 1508//3061 1597//3061 
f 1598//3062 1505//3062 1504//3062 
f 1506//3063 1505//3063 1599//3063 
f 1507//3064 1506//3064 1600//3064 
f 1507//3065 1601//3065 1509//3065 
f 1602//3066 1508//3066 1510//3066 
f 1603//3067 1510//3067 1511//3067 
f 1604//3068 1511//3068 1512//3068 
f 1605//3069 1512//3069 1545//3069 
f 1606//3070 1545//3070 1513//3070 
f 1606//3071 1513//3071 1514//3071 
f 1546//3072 1457//3072 1547//3072 
f 1514//3073 1546//3073 1607//3073 
f 1561//3074 1547//3074 1469//3074 
f 1549//3075 1548//3075 1459//3075 
f 1549//3076 1460//3076 1550//3076 
f 1608//3077 1550//3077 1515//3077 
f 1608//3078 1515//3078 1551//3078 
f 1552//3079 1462//3079 1553//3079 
f 1554//3080 1553//3080 1463//3080 
f 1516//3081 1552//3081 1609//3081 
f 1554//3082 1466//3082 1558//3082 
f 1516//3083 1609//3083 1555//3083 
f 1556//3084 1464//3084 1555//3084 
f 1465//3085 1556//3085 1557//3085 
f 1557//3086 1610//3086 1517//3086 
f 1551//3087 1517//3087 1611//3087 
f 1580//3088 1558//3088 1488//3088 
f 1548//3089 1612//3089 1518//3089 
f 1559//3090 1518//3090 1612//3090 
f 1559//3091 1613//3091 1519//3091 
f 1519//3092 1613//3092 1560//3092 
f 1520//3093 1560//3093 1614//3093 
f 1520//3094 1614//3094 1561//3094 
f 1521//3095 1564//3095 1522//3095 
f 1521//3096 1523//3096 1615//3096 
f 1616//3097 1523//3097 1524//3097 
f 1617//3098 1524//3098 1525//3098 
f 1562//3099 1618//3099 1525//3099 
f 1590//3100 1562//3100 1497//3100 
f 1529//3101 1619//3101 1526//3101 
f 1620//3102 1527//3102 1526//3102 
f 1621//3103 1528//3103 1527//3103 
f 1622//3104 1530//3104 1528//3104 
f 1471//3105 1564//3105 1563//3105 
f 1623//3106 1529//3106 1563//3106 
f 1622//3107 1531//3107 1530//3107 
f 1533//3108 1531//3108 1624//3108 
f 1566//3109 1565//3109 1473//3109 
f 1567//3110 1566//3110 1474//3110 
f 1567//3111 1532//3111 1625//3111 
f 1477//3112 1570//3112 1568//3112 
f 1569//3113 1476//3113 1568//3113 
f 1532//3114 1569//3114 1625//3114 
f 1533//3115 1626//3115 1570//3115 
f 1478//3116 1565//3116 1571//3116 
f 1572//3117 1479//3117 1571//3117 
f 1572//3118 1573//3118 1480//3118 
f 1573//3119 1574//3119 1481//3119 
f 1575//3120 1482//3120 1574//3120 
f 1483//3121 1575//3121 1576//3121 
f 1627//3122 1534//3122 1576//3122 
f 1543//3123 1577//3123 1486//3123 
f 1537//3124 1535//3124 1628//3124 
f 1577//3125 1628//3125 1535//3125 
f 1538//3126 1629//3126 1536//3126 
f 1578//3127 1579//3127 1487//3127 
f 1578//3128 1537//3128 1628//3128 
f 1579//3129 1630//3129 1538//3129 
f 1539//3130 1536//3130 1629//3130 
f 1540//3131 1539//3131 1631//3131 
f 1632//3132 1541//3132 1540//3132 
f 1541//3133 1633//3133 1542//3133 
f 1580//3134 1542//3134 1634//3134 
f 1627//3135 1581//3135 1534//3135 
f 1489//3136 1581//3136 1582//3136 
f 1583//3137 1490//3137 1582//3137 
f 1584//3138 1491//3138 1583//3138 
f 1584//3139 1635//3139 1543//3139 
f 1494//3140 1587//3140 1585//3140 
f 1586//3141 1492//3141 1585//3141 
f 1592//3142 1587//3142 1499//3142 
f 1586//3143 1636//3143 1544//3143 
f 1495//3144 1589//3144 1588//3144 
f 1590//3145 1496//3145 1588//3145 
f 1591//3146 1589//3146 1498//3146 
f 1636//3147 1591//3147 1544//3147 
f 1592//3148 1500//3148 1593//3148 
f 1637//3149 1593//3149 1509//3149 
f 1503//3150 1597//3150 1594//3150 
f 1595//3151 1501//3151 1594//3151 
f 1502//3152 1595//3152 1596//3152 
f 1598//3153 1504//3153 1596//3153 
f 1602//3154 1597//3154 1508//3154 
f 1599//3155 1505//3155 1598//3155 
f 1506//3156 1599//3156 1600//3156 
f 1507//3157 1600//3157 1601//3157 
f 1601//3158 1637//3158 1509//3158 
f 1602//3159 1510//3159 1603//3159 
f 1604//3160 1603//3160 1511//3160 
f 1604//3161 1512//3161 1605//3161 
f 1545//3162 1606//3162 1605//3162 
f 1606//3163 1514//3163 1607//3163 
f 1546//3164 1547//3164 1638//3164 
f 1639//3165 1607//3165 1546//3165 
f 1561//3166 1640//3166 1547//3166 
f 1549//3167 1641//3167 1548//3167 
f 1549//3168 1550//3168 1642//3168 
f 1608//3169 1642//3169 1550//3169 
f 1608//3170 1551//3170 1643//3170 
f 1552//3171 1553//3171 1644//3171 
f 1554//3172 1645//3172 1553//3172 
f 1552//3173 1644//3173 1609//3173 
f 1554//3174 1558//3174 1646//3174 
f 1647//3175 1555//3175 1609//3175 
f 1556//3176 1555//3176 1648//3176 
f 1557//3177 1556//3177 1649//3177 
f 1557//3178 1650//3178 1610//3178 
f 1517//3179 1610//3179 1611//3179 
f 1551//3180 1611//3180 1643//3180 
f 1580//3181 1651//3181 1558//3181 
f 1641//3182 1612//3182 1548//3182 
f 1559//3183 1612//3183 1652//3183 
f 1559//3184 1652//3184 1613//3184 
f 1613//3185 1653//3185 1560//3185 
f 1614//3186 1560//3186 1653//3186 
f 1614//3187 1640//3187 1561//3187 
f 1521//3188 1615//3188 1564//3188 
f 1616//3189 1615//3189 1523//3189 
f 1616//3190 1524//3190 1617//3190 
f 1617//3191 1525//3191 1618//3191 
f 1562//3192 1654//3192 1618//3192 
f 1590//3193 1654//3193 1562//3193 
f 1623//3194 1619//3194 1529//3194 
f 1620//3195 1526//3195 1619//3195 
f 1621//3196 1527//3196 1620//3196 
f 1622//3197 1528//3197 1621//3197 
f 1655//3198 1563//3198 1564//3198 
f 1623//3199 1563//3199 1656//3199 
f 1622//3200 1624//3200 1531//3200 
f 1533//3201 1624//3201 1626//3201 
f 1566//3202 1657//3202 1565//3202 
f 1567//3203 1658//3203 1566//3203 
f 1567//3204 1625//3204 1658//3204 
f 1659//3205 1568//3205 1570//3205 
f 1660//3206 1569//3206 1568//3206 
f 1569//3207 1661//3207 1625//3207 
f 1662//3208 1570//3208 1626//3208 
f 1565//3209 1657//3209 1571//3209 
f 1572//3210 1571//3210 1663//3210 
f 1572//3211 1664//3211 1573//3211 
f 1665//3212 1574//3212 1573//3212 
f 1575//3213 1574//3213 1666//3213 
f 1576//3214 1575//3214 1667//3214 
f 1627//3215 1576//3215 1667//3215 
f 1543//3216 1635//3216 1577//3216 
f 1668//3217 1628//3217 1577//3217 
f 1630//3218 1629//3218 1538//3218 
f 1578//3219 1669//3219 1579//3219 
f 1578//3220 1628//3220 1670//3220 
f 1671//3221 1630//3221 1579//3221 
f 1539//3222 1629//3222 1631//3222 
f 1632//3223 1540//3223 1631//3223 
f 1632//3224 1633//3224 1541//3224 
f 1542//3225 1633//3225 1634//3225 
f 1580//3226 1634//3226 1672//3226 
f 1627//3227 1673//3227 1581//3227 
f 1674//3228 1582//3228 1581//3228 
f 1675//3229 1583//3229 1582//3229 
f 1676//3230 1584//3230 1583//3230 
f 1584//3231 1677//3231 1635//3231 
f 1678//3232 1585//3232 1587//3232 
f 1586//3233 1585//3233 1679//3233 
f 1592//3234 1680//3234 1587//3234 
f 1586//3235 1679//3235 1636//3235 
f 1681//3236 1588//3236 1589//3236 
f 1590//3237 1588//3237 1682//3237 
f 1683//3238 1589//3238 1591//3238 
f 1636//3239 1684//3239 1591//3239 
f 1685//3240 1592//3240 1593//3240 
f 1637//3241 1686//3241 1593//3241 
f 1687//3242 1594//3242 1597//3242 
f 1595//3243 1594//3243 1688//3243 
f 1595//3244 1689//3244 1596//3244 
f 1598//3245 1596//3245 1690//3245 
f 1602//3246 1691//3246 1597//3246 
f 1692//3247 1599//3247 1598//3247 
f 1693//3248 1600//3248 1599//3248 
f 1694//3249 1601//3249 1600//3249 
f 1694//3250 1637//3250 1601//3250 
f 1695//3251 1602//3251 1603//3251 
f 1604//3252 1695//3252 1603//3252 
f 1604//3253 1605//3253 1696//3253 
f 1606//3254 1697//3254 1605//3254 
f 1606//3255 1607//3255 1697//3255 
f 1698//3256 1638//3256 1547//3256 
f 1546//3257 1638//3257 1699//3257 
f 1639//3258 1700//3258 1607//3258 
f 1639//3259 1546//3259 1699//3259 
f 1547//3260 1640//3260 1701//3260 
f 1549//3261 1642//3261 1641//3261 
f 1608//3262 1702//3262 1642//3262 
f 1608//3263 1643//3263 1702//3263 
f 1644//3264 1553//3264 1645//3264 
f 1554//3265 1646//3265 1645//3265 
f 1703//3266 1609//3266 1644//3266 
f 1646//3267 1558//3267 1651//3267 
f 1704//3268 1555//3268 1647//3268 
f 1703//3269 1647//3269 1609//3269 
f 1704//3270 1648//3270 1555//3270 
f 1556//3271 1648//3271 1649//3271 
f 1557//3272 1649//3272 1650//3272 
f 1610//3273 1650//3273 1705//3273 
f 1611//3274 1610//3274 1706//3274 
f 1611//3275 1707//3275 1643//3275 
f 1580//3276 1672//3276 1651//3276 
f 1652//3277 1612//3277 1641//3277 
f 1652//3278 1708//3278 1613//3278 
f 1613//3279 1708//3279 1653//3279 
f 1709//3280 1614//3280 1653//3280 
f 1709//3281 1640//3281 1614//3281 
f 1655//3282 1564//3282 1615//3282 
f 1616//3283 1710//3283 1615//3283 
f 1616//3284 1617//3284 1711//3284 
f 1617//3285 1618//3285 1712//3285 
f 1654//3286 1713//3286 1618//3286 
f 1590//3287 1682//3287 1654//3287 
f 1623//3288 1714//3288 1619//3288 
f 1620//3289 1619//3289 1715//3289 
f 1621//3290 1620//3290 1716//3290 
f 1622//3291 1621//3291 1717//3291 
f 1655//3292 1656//3292 1563//3292 
f 1623//3293 1656//3293 1718//3293 
f 1622//3294 1717//3294 1624//3294 
f 1624//3295 1719//3295 1626//3295 
f 1658//3296 1657//3296 1566//3296 
f 1658//3297 1625//3297 1720//3297 
f 1659//3298 1660//3298 1568//3298 
f 1659//3299 1570//3299 1662//3299 
f 1660//3300 1661//3300 1569//3300 
f 1625//3301 1661//3301 1720//3301 
f 1721//3302 1662//3302 1626//3302 
f 1663//3303 1571//3303 1657//3303 
f 1572//3304 1663//3304 1664//3304 
f 1665//3305 1573//3305 1664//3305 
f 1665//3306 1666//3306 1574//3306 
f 1575//3307 1666//3307 1667//3307 
f 1627//3308 1667//3308 1722//3308 
f 1668//3309 1577//3309 1635//3309 
f 1670//3310 1628//3310 1668//3310 
f 1723//3311 1629//3311 1630//3311 
f 1578//3312 1670//3312 1669//3312 
f 1671//3313 1579//3313 1669//3313 
f 1724//3314 1630//3314 1671//3314 
f 1723//3315 1631//3315 1629//3315 
f 1632//3316 1631//3316 1725//3316 
f 1632//3317 1726//3317 1633//3317 
f 1727//3318 1634//3318 1633//3318 
f 1672//3319 1634//3319 1728//3319 
f 1627//3320 1722//3320 1673//3320 
f 1674//3321 1581//3321 1673//3321 
f 1675//3322 1582//3322 1674//3322 
f 1675//3323 1676//3323 1583//3323 
f 1676//3324 1677//3324 1584//3324 
f 1729//3325 1635//3325 1677//3325 
f 1678//3326 1679//3326 1585//3326 
f 1678//3327 1587//3327 1680//3327 
f 1730//3328 1680//3328 1592//3328 
f 1636//3329 1679//3329 1731//3329 
f 1682//3330 1588//3330 1681//3330 
f 1683//3331 1681//3331 1589//3331 
f 1683//3332 1591//3332 1684//3332 
f 1636//3333 1731//3333 1684//3333 
f 1730//3334 1592//3334 1685//3334 
f 1685//3335 1593//3335 1686//3335 
f 1637//3336 1732//3336 1686//3336 
f 1687//3337 1688//3337 1594//3337 
f 1687//3338 1597//3338 1691//3338 
f 1595//3339 1688//3339 1689//3339 
f 1689//3340 1690//3340 1596//3340 
f 1692//3341 1598//3341 1690//3341 
f 1602//3342 1733//3342 1691//3342 
f 1693//3343 1599//3343 1692//3343 
f 1693//3344 1694//3344 1600//3344 
f 1694//3345 1732//3345 1637//3345 
f 1695//3346 1733//3346 1602//3346 
f 1604//3347 1696//3347 1695//3347 
f 1734//3348 1696//3348 1605//3348 
f 1734//3349 1605//3349 1697//3349 
f 1700//3350 1697//3350 1607//3350 
f 1735//3351 1638//3351 1698//3351 
f 1698//3352 1547//3352 1701//3352 
f 1638//3353 1736//3353 1699//3353 
f 1639//3354 1737//3354 1700//3354 
f 1639//3355 1699//3355 1738//3355 
f 1709//3356 1701//3356 1640//3356 
f 1739//3357 1641//3357 1642//3357 
f 1739//3358 1642//3358 1702//3358 
f 1643//3359 1740//3359 1702//3359 
f 1741//3360 1644//3360 1645//3360 
f 1646//3361 1742//3361 1645//3361 
f 1703//3362 1644//3362 1741//3362 
f 1646//3363 1651//3363 1743//3363 
f 1744//3364 1704//3364 1647//3364 
f 1745//3365 1647//3365 1703//3365 
f 1704//3366 1746//3366 1648//3366 
f 1747//3367 1649//3367 1648//3367 
f 1748//3368 1650//3368 1649//3368 
f 1705//3369 1650//3369 1749//3369 
f 1706//3370 1610//3370 1705//3370 
f 1611//3371 1706//3371 1707//3371 
f 1643//3372 1707//3372 1740//3372 
f 1672//3373 1750//3373 1651//3373 
f 1739//3374 1652//3374 1641//3374 
f 1739//3375 1708//3375 1652//3375 
f 1751//3376 1653//3376 1708//3376 
f 1709//3377 1653//3377 1751//3377 
f 1655//3378 1615//3378 1710//3378 
f 1616//3379 1711//3379 1710//3379 
f 1617//3380 1712//3380 1711//3380 
f 1712//3381 1618//3381 1713//3381 
f 1752//3382 1713//3382 1654//3382 
f 1682//3383 1752//3383 1654//3383 
f 1623//3384 1718//3384 1714//3384 
f 1714//3385 1715//3385 1619//3385 
f 1620//3386 1715//3386 1716//3386 
f 1621//3387 1716//3387 1717//3387 
f 1655//3388 1753//3388 1656//3388 
f 1754//3389 1718//3389 1656//3389 
f 1624//3390 1717//3390 1719//3390 
f 1721//3391 1626//3391 1719//3391 
f 1755//3392 1657//3392 1658//3392 
f 1755//3393 1658//3393 1720//3393 
f 1659//3394 1756//3394 1660//3394 
f 1659//3395 1662//3395 1757//3395 
f 1660//3396 1758//3396 1661//3396 
f 1661//3397 1759//3397 1720//3397 
f 1721//3398 1760//3398 1662//3398 
f 1755//3399 1663//3399 1657//3399 
f 1664//3400 1663//3400 1761//3400 
f 1665//3401 1664//3401 1762//3401 
f 1665//3402 1763//3402 1666//3402 
f 1666//3403 1764//3403 1667//3403 
f 1764//3404 1722//3404 1667//3404 
f 1729//3405 1668//3405 1635//3405 
f 1670//3406 1668//3406 1765//3406 
f 1724//3407 1723//3407 1630//3407 
f 1766//3408 1669//3408 1670//3408 
f 1767//3409 1671//3409 1669//3409 
f 1724//3410 1671//3410 1768//3410 
f 1723//3411 1725//3411 1631//3411 
f 1632//3412 1725//3412 1726//3412 
f 1727//3413 1633//3413 1726//3413 
f 1727//3414 1728//3414 1634//3414 
f 1672//3415 1728//3415 1769//3415 
f 1770//3416 1673//3416 1722//3416 
f 1771//3417 1674//3417 1673//3417 
f 1675//3418 1674//3418 1772//3418 
f 1675//3419 1773//3419 1676//3419 
f 1774//3420 1677//3420 1676//3420 
f 1775//3421 1729//3421 1677//3421 
f 1678//3422 1776//3422 1679//3422 
f 1678//3423 1680//3423 1777//3423 
f 1730//3424 1778//3424 1680//3424 
f 1776//3425 1731//3425 1679//3425 
f 1682//3426 1681//3426 1779//3426 
f 1683//3427 1780//3427 1681//3427 
f 1683//3428 1684//3428 1781//3428 
f 1731//3429 1782//3429 1684//3429 
f 1730//3430 1685//3430 1783//3430 
f 1685//3431 1686//3431 1783//3431 
f 1732//3432 1784//3432 1686//3432 
f 1785//3433 1688//3433 1687//3433 
f 1687//3434 1691//3434 1786//3434 
f 1787//3435 1689//3435 1688//3435 
f 1788//3436 1690//3436 1689//3436 
f 1692//3437 1690//3437 1789//3437 
f 1790//3438 1691//3438 1733//3438 
f 1693//3439 1692//3439 1791//3439 
f 1693//3440 1792//3440 1694//3440 
f 1694//3441 1792//3441 1732//3441 
f 1695//3442 1793//3442 1733//3442 
f 1695//3443 1696//3443 1793//3443 
f 1734//3444 1794//3444 1696//3444 
f 1734//3445 1697//3445 1795//3445 
f 1700//3446 1795//3446 1697//3446 
f 1735//3447 1736//3447 1638//3447 
f 1735//3448 1698//3448 1706//3448 
f 1698//3449 1701//3449 1707//3449 
f 1699//3450 1736//3450 1796//3450 
f 1639//3451 1738//3451 1737//3451 
f 1700//3452 1737//3452 1797//3452 
f 1699//3453 1796//3453 1738//3453 
f 1709//3454 1740//3454 1701//3454 
f 1739//3455 1702//3455 1751//3455 
f 1751//3456 1702//3456 1740//3456 
f 1741//3457 1645//3457 1742//3457 
f 1646//3458 1743//3458 1742//3458 
f 1798//3459 1703//3459 1741//3459 
f 1651//3460 1750//3460 1743//3460 
f 1744//3461 1799//3461 1704//3461 
f 1745//3462 1744//3462 1647//3462 
f 1798//3463 1745//3463 1703//3463 
f 1704//3464 1799//3464 1746//3464 
f 1747//3465 1648//3465 1746//3465 
f 1747//3466 1748//3466 1649//3466 
f 1748//3467 1749//3467 1650//3467 
f 1800//3468 1705//3468 1749//3468 
f 1735//3469 1706//3469 1705//3469 
f 1698//3470 1707//3470 1706//3470 
f 1701//3471 1740//3471 1707//3471 
f 1672//3472 1769//3472 1750//3472 
f 1739//3473 1751//3473 1708//3473 
f 1709//3474 1751//3474 1740//3474 
f 1655//3475 1710//3475 1753//3475 
f 1710//3476 1711//3476 1801//3476 
f 1712//3477 1802//3477 1711//3477 
f 1803//3478 1712//3478 1713//3478 
f 1713//3479 1752//3479 1803//3479 
f 1682//3480 1779//3480 1752//3480 
f 1804//3481 1714//3481 1718//3481 
f 1805//3482 1715//3482 1714//3482 
f 1716//3483 1715//3483 1806//3483 
f 1716//3484 1807//3484 1717//3484 
f 1754//3485 1656//3485 1753//3485 
f 1754//3486 1808//3486 1718//3486 
f 1807//3487 1719//3487 1717//3487 
f 1721//3488 1719//3488 1809//3488 
f 1755//3489 1720//3489 1810//3489 
f 1659//3490 1757//3490 1756//3490 
f 1660//3491 1756//3491 1758//3491 
f 1662//3492 1760//3492 1757//3492 
f 1661//3493 1758//3493 1759//3493 
f 1720//3494 1759//3494 1810//3494 
f 1721//3495 1811//3495 1760//3495 
f 1755//3496 1761//3496 1663//3496 
f 1664//3497 1761//3497 1762//3497 
f 1665//3498 1762//3498 1763//3498 
f 1666//3499 1763//3499 1764//3499 
f 1812//3500 1722//3500 1764//3500 
f 1729//3501 1765//3501 1668//3501 
f 1766//3502 1670//3502 1765//3502 
f 1813//3503 1723//3503 1724//3503 
f 1767//3504 1669//3504 1766//3504 
f 1767//3505 1768//3505 1671//3505 
f 1724//3506 1768//3506 1814//3506 
f 1813//3507 1725//3507 1723//3507 
f 1725//3508 1815//3508 1726//3508 
f 1727//3509 1726//3509 1816//3509 
f 1817//3510 1728//3510 1727//3510 
f 1818//3511 1769//3511 1728//3511 
f 1771//3512 1673//3512 1770//3512 
f 1812//3513 1770//3513 1722//3513 
f 1771//3514 1772//3514 1674//3514 
f 1675//3515 1772//3515 1773//3515 
f 1774//3516 1676//3516 1773//3516 
f 1819//3517 1677//3517 1774//3517 
f 1775//3518 1820//3518 1729//3518 
f 1819//3519 1775//3519 1677//3519 
f 1678//3520 1777//3520 1776//3520 
f 1777//3521 1680//3521 1778//3521 
f 1730//3522 1821//3522 1778//3522 
f 1776//3523 1822//3523 1731//3523 
f 1681//3524 1780//3524 1779//3524 
f 1683//3525 1781//3525 1780//3525 
f 1782//3526 1781//3526 1684//3526 
f 1731//3527 1822//3527 1782//3527 
f 1730//3528 1783//3528 1823//3528 
f 1784//3529 1783//3529 1686//3529 
f 1732//3530 1824//3530 1784//3530 
f 1785//3531 1787//3531 1688//3531 
f 1785//3532 1687//3532 1786//3532 
f 1790//3533 1786//3533 1691//3533 
f 1787//3534 1788//3534 1689//3534 
f 1789//3535 1690//3535 1788//3535 
f 1692//3536 1789//3536 1791//3536 
f 1790//3537 1733//3537 1825//3537 
f 1693//3538 1791//3538 1792//3538 
f 1732//3539 1792//3539 1824//3539 
f 1825//3540 1733//3540 1793//3540 
f 1696//3541 1794//3541 1793//3541 
f 1734//3542 1826//3542 1794//3542 
f 1734//3543 1795//3543 1826//3543 
f 1700//3544 1797//3544 1795//3544 
f 1735//3545 1800//3545 1736//3545 
f 1827//3546 1796//3546 1736//3546 
f 1828//3547 1737//3547 1738//3547 
f 1797//3548 1737//3548 1829//3548 
f 1830//3549 1738//3549 1796//3549 
f 1831//3550 1741//3550 1742//3550 
f 1742//3551 1743//3551 1832//3551 
f 1798//3552 1741//3552 1831//3552 
f 1833//3553 1743//3553 1750//3553 
f 1744//3554 1834//3554 1799//3554 
f 1745//3555 1835//3555 1744//3555 
f 1798//3556 1836//3556 1745//3556 
f 1746//3557 1799//3557 1837//3557 
f 1747//3558 1746//3558 1838//3558 
f 1747//3559 1839//3559 1748//3559 
f 1840//3560 1749//3560 1748//3560 
f 1735//3561 1705//3561 1800//3561 
f 1841//3562 1800//3562 1749//3562 
f 1842//3563 1750//3563 1769//3563 
f 1710//3564 1801//3564 1753//3564 
f 1802//3565 1801//3565 1711//3565 
f 1712//3566 1803//3566 1802//3566 
f 1752//3567 1843//3567 1803//3567 
f 1752//3568 1779//3568 1843//3568 
f 1805//3569 1714//3569 1804//3569 
f 1804//3570 1718//3570 1808//3570 
f 1805//3571 1806//3571 1715//3571 
f 1716//3572 1806//3572 1807//3572 
f 1844//3573 1754//3573 1753//3573 
f 1845//3574 1808//3574 1754//3574 
f 1809//3575 1719//3575 1807//3575 
f 1721//3576 1809//3576 1811//3576 
f 1755//3577 1810//3577 1761//3577 
f 1757//3578 1846//3578 1756//3578 
f 1756//3579 1847//3579 1758//3579 
f 1757//3580 1760//3580 1848//3580 
f 1758//3581 1849//3581 1759//3581 
f 1850//3582 1810//3582 1759//3582 
f 1811//3583 1851//3583 1760//3583 
f 1761//3584 1852//3584 1762//3584 
f 1763//3585 1762//3585 1853//3585 
f 1763//3586 1854//3586 1764//3586 
f 1812//3587 1764//3587 1854//3587 
f 1729//3588 1820//3588 1765//3588 
f 1766//3589 1765//3589 1855//3589 
f 1813//3590 1724//3590 1814//3590 
f 1767//3591 1766//3591 1855//3591 
f 1856//3592 1768//3592 1767//3592 
f 1857//3593 1814//3593 1768//3593 
f 1813//3594 1815//3594 1725//3594 
f 1815//3595 1816//3595 1726//3595 
f 1817//3596 1727//3596 1816//3596 
f 1817//3597 1818//3597 1728//3597 
f 1818//3598 1858//3598 1769//3598 
f 1771//3599 1770//3599 1859//3599 
f 1860//3600 1770//3600 1812//3600 
f 1771//3601 1861//3601 1772//3601 
f 1862//3602 1773//3602 1772//3602 
f 1774//3603 1773//3603 1863//3603 
f 1819//3604 1774//3604 1863//3604 
f 1864//3605 1820//3605 1775//3605 
f 1819//3606 1865//3606 1775//3606 
f 1776//3607 1777//3607 1866//3607 
f 1777//3608 1778//3608 1867//3608 
f 1730//3609 1823//3609 1821//3609 
f 1821//3610 1868//3610 1778//3610 
f 1776//3611 1866//3611 1822//3611 
f 1869//3612 1779//3612 1780//3612 
f 1870//3613 1780//3613 1781//3613 
f 1782//3614 1871//3614 1781//3614 
f 1782//3615 1822//3615 1872//3615 
f 1873//3616 1823//3616 1783//3616 
f 1873//3617 1783//3617 1784//3617 
f 1824//3618 1874//3618 1784//3618 
f 1785//3619 1875//3619 1787//3619 
f 1876//3620 1785//3620 1786//3620 
f 1790//3621 1877//3621 1786//3621 
f 1787//3622 1878//3622 1788//3622 
f 1789//3623 1788//3623 1878//3623 
f 1879//3624 1791//3624 1789//3624 
f 1790//3625 1825//3625 1877//3625 
f 1792//3626 1791//3626 1880//3626 
f 1792//3627 1880//3627 1824//3627 
f 1825//3628 1793//3628 1881//3628 
f 1881//3629 1793//3629 1794//3629 
f 1882//3630 1794//3630 1826//3630 
f 1795//3631 1883//3631 1826//3631 
f 1797//3632 1883//3632 1795//3632 
f 1800//3633 1827//3633 1736//3633 
f 1884//3634 1796//3634 1827//3634 
f 1828//3635 1829//3635 1737//3635 
f 1828//3636 1738//3636 1830//3636 
f 1797//3637 1829//3637 1885//3637 
f 1830//3638 1796//3638 1884//3638 
f 1831//3639 1742//3639 1832//3639 
f 1833//3640 1832//3640 1743//3640 
f 1798//3641 1831//3641 1886//3641 
f 1842//3642 1833//3642 1750//3642 
f 1744//3643 1835//3643 1834//3643 
f 1887//3644 1799//3644 1834//3644 
f 1745//3645 1836//3645 1835//3645 
f 1798//3646 1886//3646 1836//3646 
f 1837//3647 1799//3647 1887//3647 
f 1838//3648 1746//3648 1837//3648 
f 1747//3649 1838//3649 1839//3649 
f 1840//3650 1748//3650 1839//3650 
f 1840//3651 1888//3651 1749//3651 
f 1841//3652 1827//3652 1800//3652 
f 1841//3653 1749//3653 1888//3653 
f 1842//3654 1769//3654 1858//3654 
f 1844//3655 1753//3655 1801//3655 
f 1889//3656 1801//3656 1802//3656 
f 1802//3657 1803//3657 1890//3657 
f 1843//3658 1891//3658 1803//3658 
f 1869//3659 1843//3659 1779//3659 
f 1805//3660 1804//3660 1892//3660 
f 1804//3661 1808//3661 1893//3661 
f 1805//3662 1894//3662 1806//3662 
f 1806//3663 1895//3663 1807//3663 
f 1844//3664 1845//3664 1754//3664 
f 1845//3665 1896//3665 1808//3665 
f 1809//3666 1807//3666 1895//3666 
f 1811//3667 1809//3667 1897//3667 
f 1810//3668 1852//3668 1761//3668 
f 1757//3669 1848//3669 1846//3669 
f 1756//3670 1846//3670 1847//3670 
f 1758//3671 1847//3671 1849//3671 
f 1851//3672 1848//3672 1760//3672 
f 1850//3673 1759//3673 1849//3673 
f 1850//3674 1852//3674 1810//3674 
f 1811//3675 1898//3675 1851//3675 
f 1852//3676 1853//3676 1762//3676 
f 1763//3677 1853//3677 1854//3677 
f 1899//3678 1812//3678 1854//3678 
f 1820//3679 1855//3679 1765//3679 
f 1813//3680 1814//3680 1900//3680 
f 1856//3681 1767//3681 1855//3681 
f 1856//3682 1857//3682 1768//3682 
f 1857//3683 1901//3683 1814//3683 
f 1813//3684 1900//3684 1815//3684 
f 1815//3685 1902//3685 1816//3685 
f 1817//3686 1816//3686 1903//3686 
f 1817//3687 1904//3687 1818//3687 
f 1905//3688 1858//3688 1818//3688 
f 1860//3689 1859//3689 1770//3689 
f 1771//3690 1859//3690 1861//3690 
f 1860//3691 1812//3691 1899//3691 
f 1862//3692 1772//3692 1861//3692 
f 1862//3693 1863//3693 1773//3693 
f 1819//3694 1863//3694 1906//3694 
f 1864//3695 1907//3695 1820//3695 
f 1865//3696 1864//3696 1775//3696 
f 1819//3697 1906//3697 1865//3697 
f 1777//3698 1867//3698 1866//3698 
f 1868//3699 1867//3699 1778//3699 
f 1823//3700 1908//3700 1821//3700 
f 1821//3701 1909//3701 1868//3701 
f 1822//3702 1866//3702 1910//3702 
f 1870//3703 1869//3703 1780//3703 
f 1870//3704 1781//3704 1871//3704 
f 1782//3705 1872//3705 1871//3705 
f 1822//3706 1910//3706 1872//3706 
f 1873//3707 1911//3707 1823//3707 
f 1873//3708 1784//3708 1874//3708 
f 1912//3709 1874//3709 1824//3709 
f 1876//3710 1875//3710 1785//3710 
f 1787//3711 1875//3711 1913//3711 
f 1914//3712 1876//3712 1786//3712 
f 1914//3713 1786//3713 1877//3713 
f 1787//3714 1913//3714 1878//3714 
f 1879//3715 1789//3715 1878//3715 
f 1879//3716 1880//3716 1791//3716 
f 1915//3717 1877//3717 1825//3717 
f 1912//3718 1824//3718 1880//3718 
f 1915//3719 1825//3719 1881//3719 
f 1882//3720 1881//3720 1794//3720 
f 1916//3721 1882//3721 1826//3721 
f 1916//3722 1826//3722 1883//3722 
f 1797//3723 1885//3723 1883//3723 
f 1917//3724 1884//3724 1827//3724 
f 1828//3725 1918//3725 1829//3725 
f 1828//3726 1830//3726 1919//3726 
f 1885//3727 1829//3727 1918//3727 
f 1830//3728 1884//3728 1920//3728 
f 1831//3729 1832//3729 1921//3729 
f 1833//3730 1922//3730 1832//3730 
f 1831//3731 1921//3731 1886//3731 
f 1842//3732 1923//3732 1833//3732 
f 1924//3733 1834//3733 1835//3733 
f 1887//3734 1834//3734 1925//3734 
f 1926//3735 1835//3735 1836//3735 
f 1836//3736 1886//3736 1927//3736 
f 1928//3737 1837//3737 1887//3737 
f 1838//3738 1837//3738 1929//3738 
f 1839//3739 1838//3739 1930//3739 
f 1840//3740 1839//3740 1888//3740 
f 1917//3741 1827//3741 1841//3741 
f 1841//3742 1888//3742 1931//3742 
f 1932//3743 1842//3743 1858//3743 
f 1844//3744 1801//3744 1889//3744 
f 1889//3745 1802//3745 1890//3745 
f 1891//3746 1890//3746 1803//3746 
f 1933//3747 1891//3747 1843//3747 
f 1933//3748 1843//3748 1869//3748 
f 1892//3749 1804//3749 1893//3749 
f 1805//3750 1892//3750 1894//3750 
f 1808//3751 1896//3751 1893//3751 
f 1806//3752 1894//3752 1895//3752 
f 1844//3753 1934//3753 1845//3753 
f 1935//3754 1896//3754 1845//3754 
f 1809//3755 1895//3755 1897//3755 
f 1811//3756 1897//3756 1898//3756 
f 1848//3757 1936//3757 1846//3757 
f 1937//3758 1847//3758 1846//3758 
f 1849//3759 1847//3759 1938//3759 
f 1851//3760 1939//3760 1848//3760 
f 1850//3761 1849//3761 1940//3761 
f 1850//3762 1941//3762 1852//3762 
f 1851//3763 1898//3763 1942//3763 
f 1852//3764 1941//3764 1853//3764 
f 1853//3765 1943//3765 1854//3765 
f 1899//3766 1854//3766 1943//3766 
f 1820//3767 1907//3767 1855//3767 
f 1901//3768 1900//3768 1814//3768 
f 1856//3769 1855//3769 1944//3769 
f 1945//3770 1857//3770 1856//3770 
f 1857//3771 1946//3771 1901//3771 
f 1900//3772 1902//3772 1815//3772 
f 1903//3773 1816//3773 1902//3773 
f 1817//3774 1903//3774 1904//3774 
f 1905//3775 1818//3775 1904//3775 
f 1905//3776 1947//3776 1858//3776 
f 1948//3777 1859//3777 1860//3777 
f 1861//3778 1859//3778 1949//3778 
f 1860//3779 1899//3779 1950//3779 
f 1862//3780 1861//3780 1951//3780 
f 1862//3781 1952//3781 1863//3781 
f 1863//3782 1952//3782 1906//3782 
f 1864//3783 1953//3783 1907//3783 
f 1865//3784 1954//3784 1864//3784 
f 1865//3785 1906//3785 1955//3785 
f 1956//3786 1866//3786 1867//3786 
f 1957//3787 1867//3787 1868//3787 
f 1823//3788 1911//3788 1908//3788 
f 1821//3789 1908//3789 1909//3789 
f 1958//3790 1868//3790 1909//3790 
f 1956//3791 1910//3791 1866//3791 
f 1870//3792 1959//3792 1869//3792 
f 1870//3793 1871//3793 1960//3793 
f 1961//3794 1871//3794 1872//3794 
f 1962//3795 1872//3795 1910//3795 
f 1873//3796 1963//3796 1911//3796 
f 1873//3797 1874//3797 1963//3797 
f 1912//3798 1964//3798 1874//3798 
f 1876//3799 1965//3799 1875//3799 
f 1966//3800 1913//3800 1875//3800 
f 1914//3801 1967//3801 1876//3801 
f 1914//3802 1877//3802 1968//3802 
f 1969//3803 1878//3803 1913//3803 
f 1879//3804 1878//3804 1969//3804 
f 1879//3805 1969//3805 1880//3805 
f 1915//3806 1968//3806 1877//3806 
f 1912//3807 1880//3807 1969//3807 
f 1915//3808 1881//3808 1970//3808 
f 1882//3809 1970//3809 1881//3809 
f 1971//3810 1882//3810 1916//3810 
f 1916//3811 1883//3811 1972//3811 
f 1972//3812 1883//3812 1885//3812 
f 1917//3813 1973//3813 1884//3813 
f 1828//3814 1919//3814 1918//3814 
f 1830//3815 1920//3815 1919//3815 
f 1974//3816 1885//3816 1918//3816 
f 1973//3817 1920//3817 1884//3817 
f 1921//3818 1832//3818 1922//3818 
f 1833//3819 1923//3819 1922//3819 
f 1921//3820 1975//3820 1886//3820 
f 1932//3821 1923//3821 1842//3821 
f 1924//3822 1925//3822 1834//3822 
f 1926//3823 1924//3823 1835//3823 
f 1976//3824 1887//3824 1925//3824 
f 1926//3825 1836//3825 1927//3825 
f 1927//3826 1886//3826 1975//3826 
f 1929//3827 1837//3827 1928//3827 
f 1976//3828 1928//3828 1887//3828 
f 1838//3829 1929//3829 1930//3829 
f 1839//3830 1930//3830 1888//3830 
f 1917//3831 1841//3831 1931//3831 
f 1931//3832 1888//3832 1930//3832 
f 1932//3833 1858//3833 1947//3833 
f 1844//3834 1889//3834 1934//3834 
f 1889//3835 1890//3835 1977//3835 
f 1891//3836 1978//3836 1890//3836 
f 1933//3837 1979//3837 1891//3837 
f 1933//3838 1869//3838 1959//3838 
f 1980//3839 1892//3839 1893//3839 
f 1981//3840 1894//3840 1892//3840 
f 1896//3841 1982//3841 1893//3841 
f 1894//3842 1983//3842 1895//3842 
f 1935//3843 1845//3843 1934//3843 
f 1935//3844 1984//3844 1896//3844 
f 1983//3845 1897//3845 1895//3845 
f 1898//3846 1897//3846 1985//3846 
f 1939//3847 1936//3847 1848//3847 
f 1937//3848 1846//3848 1936//3848 
f 1937//3849 1938//3849 1847//3849 
f 1940//3850 1849//3850 1938//3850 
f 1851//3851 1942//3851 1939//3851 
f 1850//3852 1940//3852 1941//3852 
f 1898//3853 1986//3853 1942//3853 
f 1853//3854 1941//3854 1943//3854 
f 1987//3855 1899//3855 1943//3855 
f 1944//3856 1855//3856 1907//3856 
f 1988//3857 1900//3857 1901//3857 
f 1945//3858 1856//3858 1944//3858 
f 1945//3859 1946//3859 1857//3859 
f 1946//3860 1989//3860 1901//3860 
f 1988//3861 1902//3861 1900//3861 
f 1903//3862 1902//3862 1990//3862 
f 1991//3863 1904//3863 1903//3863 
f 1905//3864 1904//3864 1992//3864 
f 1905//3865 1993//3865 1947//3865 
f 1948//3866 1949//3866 1859//3866 
f 1948//3867 1860//3867 1950//3867 
f 1951//3868 1861//3868 1949//3868 
f 1987//3869 1950//3869 1899//3869 
f 1862//3870 1951//3870 1994//3870 
f 1862//3871 1994//3871 1952//3871 
f 1995//3872 1906//3872 1952//3872 
f 1864//3873 1954//3873 1953//3873 
f 1907//3874 1953//3874 1996//3874 
f 1865//3875 1955//3875 1954//3875 
f 1995//3876 1955//3876 1906//3876 
f 1957//3877 1956//3877 1867//3877 
f 1957//3878 1868//3878 1958//3878 
f 1997//3879 1908//3879 1911//3879 
f 1908//3880 1998//3880 1909//3880 
f 1958//3881 1909//3881 1999//3881 
f 1956//3882 2000//3882 1910//3882 
f 1870//3883 1960//3883 1959//3883 
f 1961//3884 1960//3884 1871//3884 
f 1962//3885 1961//3885 1872//3885 
f 1962//3886 1910//3886 2000//3886 
f 1963//3887 2001//3887 1911//3887 
f 1963//3888 1874//3888 1964//3888 
f 1912//3889 2002//3889 1964//3889 
f 1876//3890 1967//3890 1965//3890 
f 1965//3891 1966//3891 1875//3891 
f 1966//3892 2002//3892 1913//3892 
f 1914//3893 2003//3893 1967//3893 
f 1914//3894 1968//3894 2003//3894 
f 1969//3895 1913//3895 2002//3895 
f 1915//3896 2004//3896 1968//3896 
f 1912//3897 1969//3897 2002//3897 
f 1915//3898 1970//3898 2004//3898 
f 1971//3899 1970//3899 1882//3899 
f 1971//3900 1916//3900 2005//3900 
f 1916//3901 1972//3901 2005//3901 
f 1972//3902 1885//3902 1974//3902 
f 1917//3903 2006//3903 1973//3903 
f 2007//3904 1918//3904 1919//3904 
f 2008//3905 1919//3905 1920//3905 
f 2007//3906 1974//3906 1918//3906 
f 1973//3907 2009//3907 1920//3907 
f 1921//3908 1922//3908 2010//3908 
f 2011//3909 1922//3909 1923//3909 
f 1921//3910 2010//3910 1975//3910 
f 1932//3911 2011//3911 1923//3911 
f 1924//3912 2012//3912 1925//3912 
f 2013//3913 1924//3913 1926//3913 
f 2014//3914 1976//3914 1925//3914 
f 1926//3915 1927//3915 2015//3915 
f 1927//3916 1975//3916 2016//3916 
f 2017//3917 1929//3917 1928//3917 
f 2018//3918 1928//3918 1976//3918 
f 2019//3919 1930//3919 1929//3919 
f 1917//3920 1931//3920 2006//3920 
f 2019//3921 1931//3921 1930//3921 
f 1932//3922 1947//3922 2020//3922 
f 1889//3923 1977//3923 1934//3923 
f 1890//3924 1978//3924 1977//3924 
f 1891//3925 1979//3925 1978//3925 
f 2021//3926 1979//3926 1933//3926 
f 2021//3927 1933//3927 1959//3927 
f 1980//3928 1981//3928 1892//3928 
f 1980//3929 1893//3929 1982//3929 
f 1981//3930 1983//3930 1894//3930 
f 1984//3931 1982//3931 1896//3931 
f 1935//3932 1934//3932 2022//3932 
f 1935//3933 2023//3933 1984//3933 
f 1983//3934 1985//3934 1897//3934 
f 1898//3935 1985//3935 1986//3935 
f 2024//3936 1936//3936 1939//3936 
f 1937//3937 1936//3937 2025//3937 
f 1937//3938 2026//3938 1938//3938 
f 2027//3939 1940//3939 1938//3939 
f 2028//3940 1939//3940 1942//3940 
f 2029//3941 1941//3941 1940//3941 
f 1986//3942 2030//3942 1942//3942 
f 2029//3943 1943//3943 1941//3943 
f 2029//3944 1987//3944 1943//3944 
f 1944//3945 1907//3945 1996//3945 
f 1988//3946 1901//3946 1989//3946 
f 1945//3947 1944//3947 2031//3947 
f 1945//3948 2032//3948 1946//3948 
f 1946//3949 2033//3949 1989//3949 
f 1988//3950 1990//3950 1902//3950 
f 1991//3951 1903//3951 1990//3951 
f 1991//3952 1992//3952 1904//3952 
f 1905//3953 1992//3953 1993//3953 
f 1947//3954 1993//3954 2034//3954 
f 1948//3955 2035//3955 1949//3955 
f 1948//3956 1950//3956 2036//3956 
f 2037//3957 1951//3957 1949//3957 
f 1987//3958 2038//3958 1950//3958 
f 1994//3959 1951//3959 2039//3959 
f 1994//3960 2040//3960 1952//3960 
f 1995//3961 1952//3961 2040//3961 
f 2041//3962 1953//3962 1954//3962 
f 2042//3963 1996//3963 1953//3963 
f 2043//3964 1954//3964 1955//3964 
f 1995//3965 2044//3965 1955//3965 
f 1957//3966 2045//3966 1956//3966 
f 1957//3967 1958//3967 2046//3967 
f 1997//3968 1998//3968 1908//3968 
f 1997//3969 1911//3969 2001//3969 
f 1998//3970 1999//3970 1909//3970 
f 2047//3971 1958//3971 1999//3971 
f 1956//3972 2045//3972 2000//3972 
f 1960//3973 2048//3973 1959//3973 
f 1961//3974 2049//3974 1960//3974 
f 1962//3975 2050//3975 1961//3975 
f 1962//3976 2000//3976 2051//3976 
f 2052//3977 2001//3977 1963//3977 
f 2052//3978 1963//3978 1964//3978 
f 1964//3979 2002//3979 2053//3979 
f 1965//3980 1967//3980 2054//3980 
f 2055//3981 1966//3981 1965//3981 
f 1966//3982 2053//3982 2002//3982 
f 2003//3983 2056//3983 1967//3983 
f 2003//3984 1968//3984 2057//3984 
f 2004//3985 2057//3985 1968//3985 
f 1970//3986 2058//3986 2004//3986 
f 1971//3987 2058//3987 1970//3987 
f 1971//3988 2005//3988 2059//3988 
f 1972//3989 1974//3989 2005//3989 
f 2006//3990 2060//3990 1973//3990 
f 2007//3991 1919//3991 2008//3991 
f 2008//3992 1920//3992 2009//3992 
f 2007//3993 2005//3993 1974//3993 
f 2060//3994 2009//3994 1973//3994 
f 2011//3995 2010//3995 1922//3995 
f 2010//3996 2061//3996 1975//3996 
f 1932//3997 2020//3997 2011//3997 
f 2013//3998 2012//3998 1924//3998 
f 2014//3999 1925//3999 2012//3999 
f 2013//4000 1926//4000 2015//4000 
f 2062//4001 1976//4001 2014//4001 
f 2015//4002 1927//4002 2016//4002 
f 2061//4003 2016//4003 1975//4003 
f 2019//4004 1929//4004 2017//4004 
f 2017//4005 1928//4005 2018//4005 
f 2062//4006 2018//4006 1976//4006 
f 2019//4007 2006//4007 1931//4007 
f 1947//4008 2034//4008 2020//4008 
f 1934//4009 1977//4009 2022//4009 
f 1978//4010 2063//4010 1977//4010 
f 1978//4011 1979//4011 2063//4011 
f 2021//4012 2064//4012 1979//4012 
f 2021//4013 1959//4013 2048//4013 
f 1980//4014 2065//4014 1981//4014 
f 2066//4015 1980//4015 1982//4015 
f 1981//4016 2067//4016 1983//4016 
f 1984//4017 2068//4017 1982//4017 
f 1935//4018 2022//4018 2023//4018 
f 2023//4019 2069//4019 1984//4019 
f 1983//4020 2067//4020 1985//4020 
f 2070//4021 1986//4021 1985//4021 
f 2024//4022 2025//4022 1936//4022 
f 2024//4023 1939//4023 2028//4023 
f 1937//4024 2025//4024 2026//4024 
f 2026//4025 2027//4025 1938//4025 
f 2029//4026 1940//4026 2027//4026 
f 2028//4027 1942//4027 2030//4027 
f 1986//4028 2071//4028 2030//4028 
f 2029//4029 2072//4029 1987//4029 
f 1944//4030 1996//4030 2031//4030 
f 1988//4031 1989//4031 2073//4031 
f 1945//4032 2031//4032 2032//4032 
f 2074//4033 1946//4033 2032//4033 
f 2074//4034 2033//4034 1946//4034 
f 2075//4035 1989//4035 2033//4035 
f 1988//4036 2073//4036 1990//4036 
f 1991//4037 1990//4037 2076//4037 
f 1991//4038 2077//4038 1992//4038 
f 2078//4039 1993//4039 1992//4039 
f 2079//4040 2034//4040 1993//4040 
f 1948//4041 2036//4041 2035//4041 
f 2035//4042 2037//4042 1949//4042 
f 2036//4043 1950//4043 2038//4043 
f 2039//4044 1951//4044 2037//4044 
f 1987//4045 2072//4045 2038//4045 
f 1994//4046 2039//4046 2080//4046 
f 1994//4047 2080//4047 2040//4047 
f 2081//4048 1995//4048 2040//4048 
f 2042//4049 1953//4049 2041//4049 
f 2043//4050 2041//4050 1954//4050 
f 2082//4051 1996//4051 2042//4051 
f 2043//4052 1955//4052 2044//4052 
f 2081//4053 2044//4053 1995//4053 
f 1957//4054 2046//4054 2045//4054 
f 2047//4055 2046//4055 1958//4055 
f 1997//4056 2083//4056 1998//4056 
f 1997//4057 2001//4057 2084//4057 
f 1998//4058 2085//4058 1999//4058 
f 2086//4059 2047//4059 1999//4059 
f 2087//4060 2000//4060 2045//4060 
f 1960//4061 2049//4061 2048//4061 
f 1961//4062 2050//4062 2049//4062 
f 1962//4063 2051//4063 2050//4063 
f 2087//4064 2051//4064 2000//4064 
f 2052//4065 2088//4065 2001//4065 
f 2052//4066 1964//4066 2053//4066 
f 1967//4067 2056//4067 2054//4067 
f 2055//4068 1965//4068 2054//4068 
f 2055//4069 2053//4069 1966//4069 
f 2003//4070 2089//4070 2056//4070 
f 2003//4071 2057//4071 2089//4071 
f 2004//4072 2090//4072 2057//4072 
f 2004//4073 2058//4073 2090//4073 
f 1971//4074 2059//4074 2058//4074 
f 2007//4075 2059//4075 2005//4075 
f 2006//4076 2091//4076 2060//4076 
f 2007//4077 2008//4077 2059//4077 
f 2092//4078 2008//4078 2009//4078 
f 2060//4079 2093//4079 2009//4079 
f 2011//4080 2094//4080 2010//4080 
f 2010//4081 2094//4081 2061//4081 
f 2011//4082 2020//4082 2094//4082 
f 2013//4083 2095//4083 2012//4083 
f 2096//4084 2014//4084 2012//4084 
f 2013//4085 2015//4085 2097//4085 
f 2098//4086 2062//4086 2014//4086 
f 2015//4087 2016//4087 2099//4087 
f 2100//4088 2016//4088 2061//4088 
f 2019//4089 2017//4089 2091//4089 
f 2017//4090 2018//4090 2101//4090 
f 2062//4091 2102//4091 2018//4091 
f 2019//4092 2091//4092 2006//4092 
f 2103//4093 2020//4093 2034//4093 
f 1977//4094 2063//4094 2022//4094 
f 2064//4095 2063//4095 1979//4095 
f 2104//4096 2064//4096 2021//4096 
f 2104//4097 2021//4097 2048//4097 
f 2066//4098 2065//4098 1980//4098 
f 1981//4099 2065//4099 2067//4099 
f 2066//4100 1982//4100 2068//4100 
f 2069//4101 2068//4101 1984//4101 
f 2105//4102 2023//4102 2022//4102 
f 2023//4103 2106//4103 2069//4103 
f 2070//4104 1985//4104 2067//4104 
f 2070//4105 2071//4105 1986//4105 
f 2024//4106 2107//4106 2025//4106 
f 2024//4107 2028//4107 2108//4107 
f 2025//4108 2109//4108 2026//4108 
f 2026//4109 2110//4109 2027//4109 
f 2029//4110 2027//4110 2072//4110 
f 2028//4111 2030//4111 2111//4111 
f 2112//4112 2030//4112 2071//4112 
f 2082//4113 2031//4113 1996//4113 
f 2075//4114 2073//4114 1989//4114 
f 2113//4115 2032//4115 2031//4115 
f 2074//4116 2032//4116 2114//4116 
f 2074//4117 2115//4117 2033//4117 
f 2075//4118 2033//4118 2115//4118 
f 2076//4119 1990//4119 2073//4119 
f 1991//4120 2076//4120 2077//4120 
f 2077//4121 2078//4121 1992//4121 
f 2079//4122 1993//4122 2078//4122 
f 2079//4123 2116//4123 2034//4123 
f 2036//4124 2117//4124 2035//4124 
f 2035//4125 2118//4125 2037//4125 
f 2036//4126 2038//4126 2119//4126 
f 2039//4127 2037//4127 2120//4127 
f 2072//4128 2121//4128 2038//4128 
f 2039//4129 2122//4129 2080//4129 
f 2080//4130 2123//4130 2040//4130 
f 2081//4131 2040//4131 2123//4131 
f 2042//4132 2041//4132 2124//4132 
f 2043//4133 2125//4133 2041//4133 
f 2082//4134 2042//4134 2126//4134 
f 2043//4135 2044//4135 2127//4135 
f 2081//4136 2128//4136 2044//4136 
f 2045//4137 2046//4137 2129//4137 
f 2047//4138 2130//4138 2046//4138 
f 1997//4139 2084//4139 2083//4139 
f 2083//4140 2085//4140 1998//4140 
f 2088//4141 2084//4141 2001//4141 
f 2086//4142 1999//4142 2085//4142 
f 2086//4143 2131//4143 2047//4143 
f 2087//4144 2045//4144 2129//4144 
f 2132//4145 2048//4145 2049//4145 
f 2133//4146 2049//4146 2050//4146 
f 2134//4147 2050//4147 2051//4147 
f 2135//4148 2051//4148 2087//4148 
f 2052//4149 2053//4149 2088//4149 
f 2136//4150 2054//4150 2056//4150 
f 2055//4151 2054//4151 2137//4151 
f 2055//4152 2088//4152 2053//4152 
f 2089//4153 2138//4153 2056//4153 
f 2089//4154 2057//4154 2139//4154 
f 2139//4155 2057//4155 2090//4155 
f 2092//4156 2090//4156 2058//4156 
f 2092//4157 2058//4157 2059//4157 
f 2060//4158 2091//4158 2140//4158 
f 2092//4159 2059//4159 2008//4159 
f 2092//4160 2009//4160 2093//4160 
f 2141//4161 2093//4161 2060//4161 
f 2142//4162 2061//4162 2094//4162 
f 2143//4163 2094//4163 2020//4163 
f 2013//4164 2097//4164 2095//4164 
f 2096//4165 2012//4165 2095//4165 
f 2096//4166 2098//4166 2014//4166 
f 2097//4167 2015//4167 2099//4167 
f 2098//4168 2144//4168 2062//4168 
f 2100//4169 2099//4169 2016//4169 
f 2100//4170 2061//4170 2142//4170 
f 2017//4171 2101//4171 2091//4171 
f 2102//4172 2101//4172 2018//4172 
f 2062//4173 2144//4173 2102//4173 
f 2143//4174 2020//4174 2103//4174 
f 2103//4175 2034//4175 2116//4175 
f 2105//4176 2022//4176 2063//4176 
f 2105//4177 2063//4177 2064//4177 
f 2104//4178 2145//4178 2064//4178 
f 2104//4179 2048//4179 2132//4179 
f 2066//4180 2146//4180 2065//4180 
f 2065//4181 2147//4181 2067//4181 
f 2066//4182 2068//4182 2148//4182 
f 2069//4183 2149//4183 2068//4183 
f 2105//4184 2106//4184 2023//4184 
f 2069//4185 2106//4185 2150//4185 
f 2070//4186 2067//4186 2147//4186 
f 2151//4187 2071//4187 2070//4187 
f 2024//4188 2108//4188 2107//4188 
f 2025//4189 2107//4189 2109//4189 
f 2108//4190 2028//4190 2111//4190 
f 2026//4191 2109//4191 2110//4191 
f 2027//4192 2110//4192 2072//4192 
f 2111//4193 2030//4193 2112//4193 
f 2152//4194 2112//4194 2071//4194 
f 2153//4195 2031//4195 2082//4195 
f 2075//4196 2154//4196 2073//4196 
f 2114//4197 2032//4197 2113//4197 
f 2153//4198 2113//4198 2031//4198 
f 2074//4199 2114//4199 2155//4199 
f 2074//4200 2155//4200 2115//4200 
f 2075//4201 2115//4201 2156//4201 
f 2076//4202 2073//4202 2154//4202 
f 2077//4203 2076//4203 2157//4203 
f 2077//4204 2158//4204 2078//4204 
f 2159//4205 2079//4205 2078//4205 
f 2079//4206 2160//4206 2116//4206 
f 2036//4207 2119//4207 2117//4207 
f 2035//4208 2117//4208 2118//4208 
f 2120//4209 2037//4209 2118//4209 
f 2119//4210 2038//4210 2121//4210 
f 2039//4211 2120//4211 2122//4211 
f 2072//4212 2110//4212 2121//4212 
f 2161//4213 2080//4213 2122//4213 
f 2161//4214 2123//4214 2080//4214 
f 2081//4215 2123//4215 2162//4215 
f 2124//4216 2041//4216 2125//4216 
f 2042//4217 2124//4217 2126//4217 
f 2043//4218 2127//4218 2125//4218 
f 2082//4219 2126//4219 2163//4219 
f 2128//4220 2127//4220 2044//4220 
f 2081//4221 2162//4221 2128//4221 
f 2130//4222 2129//4222 2046//4222 
f 2047//4223 2131//4223 2130//4223 
f 2164//4224 2083//4224 2084//4224 
f 2164//4225 2085//4225 2083//4225 
f 2165//4226 2084//4226 2088//4226 
f 2166//4227 2086//4227 2085//4227 
f 2086//4228 2167//4228 2131//4228 
f 2087//4229 2129//4229 2168//4229 
f 2132//4230 2049//4230 2133//4230 
f 2134//4231 2133//4231 2050//4231 
f 2135//4232 2134//4232 2051//4232 
f 2135//4233 2087//4233 2168//4233 
f 2137//4234 2054//4234 2136//4234 
f 2136//4235 2056//4235 2138//4235 
f 2055//4236 2137//4236 2088//4236 
f 2089//4237 2169//4237 2138//4237 
f 2089//4238 2139//4238 2169//4238 
f 2093//4239 2139//4239 2090//4239 
f 2092//4240 2093//4240 2090//4240 
f 2140//4241 2091//4241 2170//4241 
f 2141//4242 2060//4242 2140//4242 
f 2141//4243 2139//4243 2093//4243 
f 2143//4244 2142//4244 2094//4244 
f 2097//4245 2171//4245 2095//4245 
f 2096//4246 2095//4246 2172//4246 
f 2096//4247 2173//4247 2098//4247 
f 2097//4248 2099//4248 2174//4248 
f 2098//4249 2175//4249 2144//4249 
f 2100//4250 2176//4250 2099//4250 
f 2100//4251 2142//4251 2177//4251 
f 2101//4252 2170//4252 2091//4252 
f 2102//4253 2178//4253 2101//4253 
f 2179//4254 2102//4254 2144//4254 
f 2143//4255 2103//4255 2180//4255 
f 2103//4256 2116//4256 2180//4256 
f 2105//4257 2064//4257 2145//4257 
f 2104//4258 2181//4258 2145//4258 
f 2104//4259 2132//4259 2181//4259 
f 2066//4260 2148//4260 2146//4260 
f 2065//4261 2146//4261 2147//4261 
f 2149//4262 2148//4262 2068//4262 
f 2069//4263 2150//4263 2149//4263 
f 2105//4264 2145//4264 2106//4264 
f 2182//4265 2150//4265 2106//4265 
f 2151//4266 2070//4266 2147//4266 
f 2151//4267 2152//4267 2071//4267 
f 2108//4268 2183//4268 2107//4268 
f 2184//4269 2109//4269 2107//4269 
f 2108//4270 2111//4270 2185//4270 
f 2109//4271 2186//4271 2110//4271 
f 2111//4272 2112//4272 2187//4272 
f 2188//4273 2112//4273 2152//4273 
f 2153//4274 2082//4274 2163//4274 
f 2075//4275 2156//4275 2154//4275 
f 2114//4276 2113//4276 2189//4276 
f 2153//4277 2190//4277 2113//4277 
f 2114//4278 2191//4278 2155//4278 
f 2192//4279 2115//4279 2155//4279 
f 2156//4280 2115//4280 2193//4280 
f 2076//4281 2154//4281 2157//4281 
f 2077//4282 2157//4282 2158//4282 
f 2159//4283 2078//4283 2158//4283 
f 2159//4284 2160//4284 2079//4284 
f 2116//4285 2160//4285 2194//4285 
f 2195//4286 2117//4286 2119//4286 
f 2196//4287 2118//4287 2117//4287 
f 2120//4288 2118//4288 2197//4288 
f 2198//4289 2119//4289 2121//4289 
f 2199//4290 2122//4290 2120//4290 
f 2186//4291 2121//4291 2110//4291 
f 2200//4292 2161//4292 2122//4292 
f 2161//4293 2201//4293 2123//4293 
f 2162//4294 2123//4294 2201//4294 
f 2124//4295 2125//4295 2202//4295 
f 2203//4296 2126//4296 2124//4296 
f 2204//4297 2125//4297 2127//4297 
f 2205//4298 2163//4298 2126//4298 
f 2206//4299 2127//4299 2128//4299 
f 2162//4300 2207//4300 2128//4300 
f 2130//4301 2208//4301 2129//4301 
f 2130//4302 2131//4302 2209//4302 
f 2164//4303 2084//4303 2165//4303 
f 2164//4304 2166//4304 2085//4304 
f 2137//4305 2165//4305 2088//4305 
f 2166//4306 2167//4306 2086//4306 
f 2210//4307 2131//4307 2167//4307 
f 2168//4308 2129//4308 2208//4308 
f 2132//4309 2133//4309 2211//4309 
f 2134//4310 2211//4310 2133//4310 
f 2135//4311 2212//4311 2134//4311 
f 2213//4312 2135//4312 2168//4312 
f 2137//4313 2136//4313 2214//4313 
f 2215//4314 2136//4314 2138//4314 
f 2169//4315 2216//4315 2138//4315 
f 2141//4316 2169//4316 2139//4316 
f 2140//4317 2170//4317 2217//4317 
f 2141//4318 2140//4318 2217//4318 
f 2218//4319 2142//4319 2143//4319 
f 2097//4320 2174//4320 2171//4320 
f 2172//4321 2095//4321 2171//4321 
f 2096//4322 2172//4322 2173//4322 
f 2098//4323 2173//4323 2175//4323 
f 2176//4324 2174//4324 2099//4324 
f 2175//4325 2219//4325 2144//4325 
f 2100//4326 2177//4326 2176//4326 
f 2218//4327 2177//4327 2142//4327 
f 2178//4328 2170//4328 2101//4328 
f 2179//4329 2178//4329 2102//4329 
f 2179//4330 2144//4330 2219//4330 
f 2218//4331 2143//4331 2180//4331 
f 2116//4332 2194//4332 2180//4332 
f 2145//4333 2181//4333 2182//4333 
f 2181//4334 2132//4334 2211//4334 
f 2146//4335 2148//4335 2220//4335 
f 2221//4336 2147//4336 2146//4336 
f 2149//4337 2222//4337 2148//4337 
f 2223//4338 2149//4338 2150//4338 
f 2145//4339 2182//4339 2106//4339 
f 2182//4340 2224//4340 2150//4340 
f 2151//4341 2147//4341 2221//4341 
f 2151//4342 2225//4342 2152//4342 
f 2108//4343 2185//4343 2183//4343 
f 2184//4344 2107//4344 2183//4344 
f 2184//4345 2186//4345 2109//4345 
f 2111//4346 2187//4346 2185//4346 
f 2188//4347 2187//4347 2112//4347 
f 2226//4348 2188//4348 2152//4348 
f 2153//4349 2163//4349 2190//4349 
f 2227//4350 2154//4350 2156//4350 
f 2113//4351 2190//4351 2189//4351 
f 2114//4352 2189//4352 2191//4352 
f 2228//4353 2155//4353 2191//4353 
f 2192//4354 2193//4354 2115//4354 
f 2228//4355 2192//4355 2155//4355 
f 2156//4356 2193//4356 2229//4356 
f 2227//4357 2157//4357 2154//4357 
f 2230//4358 2158//4358 2157//4358 
f 2159//4359 2158//4359 2231//4359 
f 2159//4360 2232//4360 2160//4360 
f 2160//4361 2233//4361 2194//4361 
f 2195//4362 2196//4362 2117//4362 
f 2195//4363 2119//4363 2198//4363 
f 2196//4364 2197//4364 2118//4364 
f 2199//4365 2120//4365 2197//4365 
f 2198//4366 2121//4366 2186//4366 
f 2200//4367 2122//4367 2199//4367 
f 2200//4368 2234//4368 2161//4368 
f 2234//4369 2201//4369 2161//4369 
f 2162//4370 2201//4370 2235//4370 
f 2204//4371 2202//4371 2125//4371 
f 2203//4372 2124//4372 2202//4372 
f 2205//4373 2126//4373 2203//4373 
f 2206//4374 2204//4374 2127//4374 
f 2205//4375 2236//4375 2163//4375 
f 2206//4376 2128//4376 2207//4376 
f 2162//4377 2235//4377 2207//4377 
f 2130//4378 2209//4378 2208//4378 
f 2209//4379 2131//4379 2210//4379 
f 2164//4380 2165//4380 2237//4380 
f 2164//4381 2237//4381 2166//4381 
f 2137//4382 2214//4382 2165//4382 
f 2166//4383 2238//4383 2167//4383 
f 2239//4384 2210//4384 2167//4384 
f 2168//4385 2208//4385 2240//4385 
f 2134//4386 2212//4386 2211//4386 
f 2213//4387 2212//4387 2135//4387 
f 2213//4388 2168//4388 2240//4388 
f 2215//4389 2214//4389 2136//4389 
f 2215//4390 2138//4390 2216//4390 
f 2241//4391 2216//4391 2169//4391 
f 2141//4392 2217//4392 2169//4392 
f 2242//4393 2217//4393 2170//4393 
f 2174//4394 2243//4394 2171//4394 
f 2172//4395 2171//4395 2244//4395 
f 2172//4396 2245//4396 2173//4396 
f 2175//4397 2173//4397 2246//4397 
f 2176//4398 2247//4398 2174//4398 
f 2175//4399 2248//4399 2219//4399 
f 2249//4400 2176//4400 2177//4400 
f 2218//4401 2250//4401 2177//4401 
f 2242//4402 2170//4402 2178//4402 
f 2179//4403 2251//4403 2178//4403 
f 2179//4404 2219//4404 2252//4404 
f 2218//4405 2180//4405 2253//4405 
f 2253//4406 2180//4406 2194//4406 
f 2181//4407 2254//4407 2182//4407 
f 2181//4408 2211//4408 2254//4408 
f 2220//4409 2148//4409 2222//4409 
f 2221//4410 2146//4410 2220//4410 
f 2223//4411 2222//4411 2149//4411 
f 2223//4412 2150//4412 2224//4412 
f 2182//4413 2254//4413 2224//4413 
f 2151//4414 2221//4414 2225//4414 
f 2226//4415 2152//4415 2225//4415 
f 2255//4416 2183//4416 2185//4416 
f 2184//4417 2183//4417 2256//4417 
f 2184//4418 2257//4418 2186//4418 
f 2185//4419 2187//4419 2258//4419 
f 2188//4420 2259//4420 2187//4420 
f 2260//4421 2188//4421 2226//4421 
f 2236//4422 2190//4422 2163//4422 
f 2227//4423 2156//4423 2229//4423 
f 2261//4424 2189//4424 2190//4424 
f 2262//4425 2191//4425 2189//4425 
f 2228//4426 2191//4426 2263//4426 
f 2192//4427 2264//4427 2193//4427 
f 2228//4428 2265//4428 2192//4428 
f 2266//4429 2229//4429 2193//4429 
f 2227//4430 2230//4430 2157//4430 
f 2230//4431 2231//4431 2158//4431 
f 2159//4432 2231//4432 2232//4432 
f 2160//4433 2232//4433 2233//4433 
f 2267//4434 2194//4434 2233//4434 
f 2268//4435 2196//4435 2195//4435 
f 2269//4436 2195//4436 2198//4436 
f 2196//4437 2270//4437 2197//4437 
f 2199//4438 2197//4438 2271//4438 
f 2198//4439 2186//4439 2257//4439 
f 2200//4440 2199//4440 2272//4440 
f 2200//4441 2273//4441 2234//4441 
f 2234//4442 2274//4442 2201//4442 
f 2274//4443 2235//4443 2201//4443 
f 2204//4444 2275//4444 2202//4444 
f 2203//4445 2202//4445 2276//4445 
f 2205//4446 2203//4446 2277//4446 
f 2206//4447 2278//4447 2204//4447 
f 2205//4448 2279//4448 2236//4448 
f 2206//4449 2207//4449 2280//4449 
f 2281//4450 2207//4450 2235//4450 
f 2282//4451 2208//4451 2209//4451 
f 2209//4452 2210//4452 2283//4452 
f 2237//4453 2165//4453 2214//4453 
f 2237//4454 2238//4454 2166//4454 
f 2239//4455 2167//4455 2238//4455 
f 2239//4456 2284//4456 2210//4456 
f 2282//4457 2240//4457 2208//4457 
f 2212//4458 2285//4458 2211//4458 
f 2213//4459 2286//4459 2212//4459 
f 2213//4460 2240//4460 2287//4460 
f 2288//4461 2214//4461 2215//4461 
f 2289//4462 2215//4462 2216//4462 
f 2241//4463 2290//4463 2216//4463 
f 2241//4464 2169//4464 2217//4464 
f 2242//4465 2241//4465 2217//4465 
f 2247//4466 2243//4466 2174//4466 
f 2244//4467 2171//4467 2243//4467 
f 2172//4468 2244//4468 2245//4468 
f 2246//4469 2173//4469 2245//4469 
f 2175//4470 2246//4470 2291//4470 
f 2249//4471 2247//4471 2176//4471 
f 2175//4472 2291//4472 2248//4472 
f 2292//4473 2219//4473 2248//4473 
f 2249//4474 2177//4474 2250//4474 
f 2218//4475 2253//4475 2250//4475 
f 2251//4476 2242//4476 2178//4476 
f 2179//4477 2252//4477 2251//4477 
f 2252//4478 2219//4478 2292//4478 
f 2253//4479 2194//4479 2267//4479 
f 2285//4480 2254//4480 2211//4480 
f 2220//4481 2222//4481 2293//4481 
f 2221//4482 2220//4482 2294//4482 
f 2223//4483 2295//4483 2222//4483 
f 2223//4484 2224//4484 2296//4484 
f 2296//4485 2224//4485 2254//4485 
f 2221//4486 2294//4486 2225//4486 
f 2297//4487 2226//4487 2225//4487 
f 2255//4488 2256//4488 2183//4488 
f 2255//4489 2185//4489 2258//4489 
f 2184//4490 2256//4490 2257//4490 
f 2259//4491 2258//4491 2187//4491 
f 2260//4492 2259//4492 2188//4492 
f 2260//4493 2226//4493 2298//4493 
f 2261//4494 2190//4494 2236//4494 
f 2227//4495 2229//4495 2299//4495 
f 2261//4496 2262//4496 2189//4496 
f 2262//4497 2263//4497 2191//4497 
f 2300//4498 2228//4498 2263//4498 
f 2192//4499 2265//4499 2264//4499 
f 2266//4500 2193//4500 2264//4500 
f 2300//4501 2265//4501 2228//4501 
f 2301//4502 2229//4502 2266//4502 
f 2227//4503 2299//4503 2230//4503 
f 2302//4504 2231//4504 2230//4504 
f 2231//4505 2303//4505 2232//4505 
f 2304//4506 2233//4506 2232//4506 
f 2305//4507 2267//4507 2233//4507 
f 2268//4508 2270//4508 2196//4508 
f 2269//4509 2268//4509 2195//4509 
f 2269//4510 2198//4510 2257//4510 
f 2271//4511 2197//4511 2270//4511 
f 2199//4512 2271//4512 2272//4512 
f 2200//4513 2272//4513 2273//4513 
f 2234//4514 2273//4514 2306//4514 
f 2234//4515 2306//4515 2274//4515 
f 2307//4516 2235//4516 2274//4516 
f 2308//4517 2275//4517 2204//4517 
f 2276//4518 2202//4518 2275//4518 
f 2277//4519 2203//4519 2276//4519 
f 2205//4520 2277//4520 2279//4520 
f 2206//4521 2280//4521 2278//4521 
f 2308//4522 2204//4522 2278//4522 
f 2279//4523 2309//4523 2236//4523 
f 2281//4524 2280//4524 2207//4524 
f 2307//4525 2281//4525 2235//4525 
f 2282//4526 2209//4526 2283//4526 
f 2284//4527 2283//4527 2210//4527 
f 2237//4528 2214//4528 2288//4528 
f 2237//4529 2288//4529 2238//4529 
f 2239//4530 2238//4530 2310//4530 
f 2239//4531 2311//4531 2284//4531 
f 2312//4532 2240//4532 2282//4532 
f 2212//4533 2286//4533 2285//4533 
f 2213//4534 2287//4534 2286//4534 
f 2312//4535 2287//4535 2240//4535 
f 2289//4536 2288//4536 2215//4536 
f 2289//4537 2216//4537 2290//4537 
f 2313//4538 2290//4538 2241//4538 
f 2313//4539 2241//4539 2242//4539 
f 2247//4540 2314//4540 2243//4540 
f 2315//4541 2244//4541 2243//4541 
f 2244//4542 2316//4542 2245//4542 
f 2317//4543 2246//4543 2245//4543 
f 2317//4544 2291//4544 2246//4544 
f 2249//4545 2318//4545 2247//4545 
f 2319//4546 2248//4546 2291//4546 
f 2320//4547 2292//4547 2248//4547 
f 2321//4548 2249//4548 2250//4548 
f 2253//4549 2322//4549 2250//4549 
f 2251//4550 2313//4550 2242//4550 
f 2251//4551 2252//4551 2323//4551 
f 2252//4552 2292//4552 2324//4552 
f 2253//4553 2267//4553 2322//4553 
f 2296//4554 2254//4554 2285//4554 
f 2295//4555 2293//4555 2222//4555 
f 2220//4556 2293//4556 2294//4556 
f 2223//4557 2325//4557 2295//4557 
f 2223//4558 2296//4558 2325//4558 
f 2297//4559 2225//4559 2294//4559 
f 2297//4560 2298//4560 2226//4560 
f 2255//4561 2326//4561 2256//4561 
f 2255//4562 2258//4562 2327//4562 
f 2328//4563 2257//4563 2256//4563 
f 2259//4564 2329//4564 2258//4564 
f 2260//4565 2330//4565 2259//4565 
f 2260//4566 2298//4566 2331//4566 
f 2261//4567 2236//4567 2332//4567 
f 2333//4568 2299//4568 2229//4568 
f 2261//4569 2334//4569 2262//4569 
f 2335//4570 2263//4570 2262//4570 
f 2300//4571 2263//4571 2336//4571 
f 2337//4572 2264//4572 2265//4572 
f 2338//4573 2266//4573 2264//4573 
f 2300//4574 2339//4574 2265//4574 
f 2340//4575 2229//4575 2301//4575 
f 2338//4576 2301//4576 2266//4576 
f 2302//4577 2230//4577 2299//4577 
f 2302//4578 2303//4578 2231//4578 
f 2304//4579 2232//4579 2303//4579 
f 2304//4580 2305//4580 2233//4580 
f 2341//4581 2267//4581 2305//4581 
f 2342//4582 2270//4582 2268//4582 
f 2343//4583 2268//4583 2269//4583 
f 2269//4584 2257//4584 2328//4584 
f 2344//4585 2271//4585 2270//4585 
f 2345//4586 2272//4586 2271//4586 
f 2346//4587 2273//4587 2272//4587 
f 2306//4588 2273//4588 2347//4588 
f 2274//4589 2306//4589 2348//4589 
f 2307//4590 2274//4590 2348//4590 
f 2308//4591 2349//4591 2275//4591 
f 2350//4592 2276//4592 2275//4592 
f 2277//4593 2276//4593 2351//4593 
f 2279//4594 2277//4594 2352//4594 
f 2278//4595 2280//4595 2353//4595 
f 2308//4596 2278//4596 2354//4596 
f 2279//4597 2355//4597 2309//4597 
f 2309//4598 2332//4598 2236//4598 
f 2356//4599 2280//4599 2281//4599 
f 2357//4600 2281//4600 2307//4600 
f 2282//4601 2283//4601 2358//4601 
f 2284//4602 2359//4602 2283//4602 
f 2238//4603 2288//4603 2310//4603 
f 2239//4604 2310//4604 2311//4604 
f 2311//4605 2360//4605 2284//4605 
f 2312//4606 2282//4606 2358//4606 
f 2285//4607 2286//4607 2361//4607 
f 2362//4608 2286//4608 2287//4608 
f 2363//4609 2287//4609 2312//4609 
f 2289//4610 2310//4610 2288//4610 
f 2364//4611 2289//4611 2290//4611 
f 2313//4612 2365//4612 2290//4612 
f 2247//4613 2318//4613 2314//4613 
f 2315//4614 2243//4614 2314//4614 
f 2315//4615 2316//4615 2244//4615 
f 2317//4616 2245//4616 2316//4616 
f 2317//4617 2366//4617 2291//4617 
f 2321//4618 2318//4618 2249//4618 
f 2319//4619 2320//4619 2248//4619 
f 2366//4620 2319//4620 2291//4620 
f 2320//4621 2324//4621 2292//4621 
f 2321//4622 2250//4622 2322//4622 
f 2251//4623 2323//4623 2313//4623 
f 2252//4624 2367//4624 2323//4624 
f 2252//4625 2324//4625 2367//4625 
f 2341//4626 2322//4626 2267//4626 
f 2296//4627 2285//4627 2361//4627 
f 2368//4628 2293//4628 2295//4628 
f 2369//4629 2294//4629 2293//4629 
f 2295//4630 2325//4630 2370//4630 
f 2296//4631 2361//4631 2325//4631 
f 2297//4632 2294//4632 2369//4632 
f 2297//4633 2371//4633 2298//4633 
f 2255//4634 2327//4634 2326//4634 
f 2326//4635 2328//4635 2256//4635 
f 2327//4636 2258//4636 2329//4636 
f 2330//4637 2329//4637 2259//4637 
f 2260//4638 2331//4638 2330//4638 
f 2298//4639 2372//4639 2331//4639 
f 2261//4640 2332//4640 2334//4640 
f 2333//4641 2373//4641 2299//4641 
f 2333//4642 2229//4642 2340//4642 
f 2335//4643 2262//4643 2334//4643 
f 2335//4644 2336//4644 2263//4644 
f 2300//4645 2336//4645 2374//4645 
f 2337//4646 2338//4646 2264//4646 
f 2337//4647 2265//4647 2339//4647 
f 2300//4648 2374//4648 2339//4648 
f 2375//4649 2340//4649 2301//4649 
f 2338//4650 2376//4650 2301//4650 
f 2302//4651 2299//4651 2373//4651 
f 2302//4652 2377//4652 2303//4652 
f 2378//4653 2304//4653 2303//4653 
f 2304//4654 2379//4654 2305//4654 
f 2341//4655 2305//4655 2380//4655 
f 2344//4656 2270//4656 2342//4656 
f 2342//4657 2268//4657 2343//4657 
f 2343//4658 2269//4658 2328//4658 
f 2344//4659 2345//4659 2271//4659 
f 2345//4660 2346//4660 2272//4660 
f 2346//4661 2347//4661 2273//4661 
f 2306//4662 2347//4662 2381//4662 
f 2306//4663 2381//4663 2348//4663 
f 2307//4664 2348//4664 2382//4664 
f 2308//4665 2354//4665 2349//4665 
f 2350//4666 2275//4666 2349//4666 
f 2350//4667 2351//4667 2276//4667 
f 2277//4668 2351//4668 2352//4668 
f 2279//4669 2352//4669 2355//4669 
f 2356//4670 2353//4670 2280//4670 
f 2278//4671 2353//4671 2354//4671 
f 2309//4672 2355//4672 2383//4672 
f 2309//4673 2383//4673 2332//4673 
f 2357//4674 2356//4674 2281//4674 
f 2357//4675 2307//4675 2382//4675 
f 2359//4676 2358//4676 2283//4676 
f 2284//4677 2360//4677 2359//4677 
f 2364//4678 2311//4678 2310//4678 
f 2311//4679 2384//4679 2360//4679 
f 2385//4680 2312//4680 2358//4680 
f 2362//4681 2361//4681 2286//4681 
f 2362//4682 2287//4682 2363//4682 
f 2363//4683 2312//4683 2385//4683 
f 2364//4684 2310//4684 2289//4684 
f 2364//4685 2290//4685 2365//4685 
f 2313//4686 2323//4686 2365//4686 
f 2314//4687 2318//4687 2386//4687 
f 2315//4688 2314//4688 2387//4688 
f 2315//4689 2388//4689 2316//4689 
f 2317//4690 2316//4690 2389//4690 
f 2317//4691 2389//4691 2366//4691 
f 2321//4692 2390//4692 2318//4692 
f 2391//4693 2320//4693 2319//4693 
f 2366//4694 2392//4694 2319//4694 
f 2393//4695 2324//4695 2320//4695 
f 2321//4696 2322//4696 2394//4696 
f 2323//4697 2367//4697 2395//4697 
f 2367//4698 2324//4698 2396//4698 
f 2394//4699 2322//4699 2341//4699 
f 2368//4700 2369//4700 2293//4700 
f 2368//4701 2295//4701 2370//4701 
f 2397//4702 2370//4702 2325//4702 
f 2397//4703 2325//4703 2361//4703 
f 2297//4704 2369//4704 2371//4704 
f 2298//4705 2371//4705 2372//4705 
f 2326//4706 2327//4706 2398//4706 
f 2326//4707 2399//4707 2328//4707 
f 2400//4708 2327//4708 2329//4708 
f 2330//4709 2401//4709 2329//4709 
f 2330//4710 2331//4710 2402//4710 
f 2403//4711 2331//4711 2372//4711 
f 2404//4712 2334//4712 2332//4712 
f 2333//4713 2405//4713 2373//4713 
f 2333//4714 2340//4714 2405//4714 
f 2335//4715 2334//4715 2406//4715 
f 2335//4716 2406//4716 2336//4716 
f 2336//4717 2407//4717 2374//4717 
f 2337//4718 2408//4718 2338//4718 
f 2337//4719 2339//4719 2409//4719 
f 2374//4720 2410//4720 2339//4720 
f 2375//4721 2411//4721 2340//4721 
f 2375//4722 2301//4722 2376//4722 
f 2338//4723 2408//4723 2376//4723 
f 2302//4724 2373//4724 2377//4724 
f 2378//4725 2303//4725 2377//4725 
f 2378//4726 2379//4726 2304//4726 
f 2305//4727 2379//4727 2380//4727 
f 2341//4728 2380//4728 2412//4728 
f 2344//4729 2342//4729 2413//4729 
f 2342//4730 2343//4730 2414//4730 
f 2343//4731 2328//4731 2399//4731 
f 2344//4732 2415//4732 2345//4732 
f 2416//4733 2346//4733 2345//4733 
f 2417//4734 2347//4734 2346//4734 
f 2418//4735 2381//4735 2347//4735 
f 2419//4736 2348//4736 2381//4736 
f 2419//4737 2382//4737 2348//4737 
f 2354//4738 2420//4738 2349//4738 
f 2421//4739 2350//4739 2349//4739 
f 2422//4740 2351//4740 2350//4740 
f 2352//4741 2351//4741 2423//4741 
f 2352//4742 2424//4742 2355//4742 
f 2425//4743 2353//4743 2356//4743 
f 2354//4744 2353//4744 2426//4744 
f 2427//4745 2383//4745 2355//4745 
f 2404//4746 2332//4746 2383//4746 
f 2357//4747 2428//4747 2356//4747 
f 2429//4748 2357//4748 2382//4748 
f 2430//4749 2358//4749 2359//4749 
f 2359//4750 2360//4750 2431//4750 
f 2364//4751 2384//4751 2311//4751 
f 2360//4752 2384//4752 2432//4752 
f 2430//4753 2385//4753 2358//4753 
f 2397//4754 2361//4754 2362//4754 
f 2362//4755 2363//4755 2433//4755 
f 2363//4756 2385//4756 2434//4756 
f 2364//4757 2365//4757 2384//4757 
f 2323//4758 2395//4758 2365//4758 
f 2386//4759 2318//4759 2390//4759 
f 2387//4760 2314//4760 2386//4760 
f 2315//4761 2387//4761 2388//4761 
f 2316//4762 2388//4762 2389//4762 
f 2366//4763 2389//4763 2435//4763 
f 2321//4764 2394//4764 2390//4764 
f 2393//4765 2320//4765 2391//4765 
f 2391//4766 2319//4766 2392//4766 
f 2366//4767 2435//4767 2392//4767 
f 2393//4768 2396//4768 2324//4768 
f 2436//4769 2395//4769 2367//4769 
f 2436//4770 2367//4770 2396//4770 
f 2394//4771 2341//4771 2412//4771 
f 2368//4772 2437//4772 2369//4772 
f 2368//4773 2370//4773 2438//4773 
f 2397//4774 2439//4774 2370//4774 
f 2371//4775 2369//4775 2437//4775 
f 2440//4776 2372//4776 2371//4776 
f 2400//4777 2398//4777 2327//4777 
f 2326//4778 2398//4778 2399//4778 
f 2400//4779 2329//4779 2401//4779 
f 2330//4780 2402//4780 2401//4780 
f 2402//4781 2331//4781 2403//4781 
f 2403//4782 2372//4782 2441//4782 
f 2404//4783 2406//4783 2334//4783 
f 2373//4784 2405//4784 2442//4784 
f 2411//4785 2405//4785 2340//4785 
f 2336//4786 2406//4786 2407//4786 
f 2374//4787 2407//4787 2443//4787 
f 2337//4788 2409//4788 2408//4788 
f 2410//4789 2409//4789 2339//4789 
f 2374//4790 2443//4790 2410//4790 
f 2375//4791 2444//4791 2411//4791 
f 2375//4792 2376//4792 2445//4792 
f 2446//4793 2376//4793 2408//4793 
f 2373//4794 2442//4794 2377//4794 
f 2378//4795 2377//4795 2447//4795 
f 2378//4796 2448//4796 2379//4796 
f 2449//4797 2380//4797 2379//4797 
f 2380//4798 2450//4798 2412//4798 
f 2342//4799 2414//4799 2413//4799 
f 2344//4800 2413//4800 2415//4800 
f 2343//4801 2451//4801 2414//4801 
f 2343//4802 2399//4802 2451//4802 
f 2416//4803 2345//4803 2415//4803 
f 2416//4804 2417//4804 2346//4804 
f 2418//4805 2347//4805 2417//4805 
f 2418//4806 2452//4806 2381//4806 
f 2419//4807 2381//4807 2452//4807 
f 2419//4808 2453//4808 2382//4808 
f 2354//4809 2426//4809 2420//4809 
f 2421//4810 2349//4810 2420//4810 
f 2421//4811 2422//4811 2350//4811 
f 2422//4812 2423//4812 2351//4812 
f 2352//4813 2423//4813 2424//4813 
f 2427//4814 2355//4814 2424//4814 
f 2425//4815 2426//4815 2353//4815 
f 2425//4816 2356//4816 2428//4816 
f 2427//4817 2454//4817 2383//4817 
f 2404//4818 2383//4818 2454//4818 
f 2357//4819 2429//4819 2428//4819 
f 2382//4820 2455//4820 2429//4820 
f 2430//4821 2359//4821 2431//4821 
f 2360//4822 2432//4822 2431//4822 
f 2456//4823 2432//4823 2384//4823 
f 2430//4824 2457//4824 2385//4824 
f 2397//4825 2362//4825 2433//4825 
f 2363//4826 2434//4826 2433//4826 
f 2457//4827 2434//4827 2385//4827 
f 2395//4828 2384//4828 2365//4828 
f 2386//4829 2390//4829 2458//4829 
f 2459//4830 2387//4830 2386//4830 
f 2388//4831 2387//4831 2460//4831 
f 2388//4832 2461//4832 2389//4832 
f 2435//4833 2389//4833 2461//4833 
f 2394//4834 2462//4834 2390//4834 
f 2393//4835 2391//4835 2463//4835 
f 2391//4836 2392//4836 2464//4836 
f 2435//4837 2465//4837 2392//4837 
f 2393//4838 2466//4838 2396//4838 
f 2436//4839 2456//4839 2395//4839 
f 2436//4840 2396//4840 2467//4840 
f 2394//4841 2412//4841 2462//4841 
f 2368//4842 2438//4842 2437//4842 
f 2439//4843 2438//4843 2370//4843 
f 2397//4844 2433//4844 2439//4844 
f 2440//4845 2371//4845 2437//4845 
f 2440//4846 2441//4846 2372//4846 
f 2400//4847 2468//4847 2398//4847 
f 2399//4848 2398//4848 2469//4848 
f 2400//4849 2401//4849 2470//4849 
f 2471//4850 2401//4850 2402//4850 
f 2472//4851 2402//4851 2403//4851 
f 2403//4852 2441//4852 2473//4852 
f 2404//4853 2474//4853 2406//4853 
f 2442//4854 2405//4854 2475//4854 
f 2411//4855 2475//4855 2405//4855 
f 2474//4856 2407//4856 2406//4856 
f 2443//4857 2407//4857 2476//4857 
f 2477//4858 2408//4858 2409//4858 
f 2478//4859 2409//4859 2410//4859 
f 2479//4860 2410//4860 2443//4860 
f 2375//4861 2445//4861 2444//4861 
f 2444//4862 2480//4862 2411//4862 
f 2446//4863 2445//4863 2376//4863 
f 2446//4864 2408//4864 2477//4864 
f 2447//4865 2377//4865 2442//4865 
f 2378//4866 2447//4866 2448//4866 
f 2449//4867 2379//4867 2448//4867 
f 2449//4868 2450//4868 2380//4868 
f 2481//4869 2412//4869 2450//4869 
f 2414//4870 2482//4870 2413//4870 
f 2483//4871 2415//4871 2413//4871 
f 2484//4872 2414//4872 2451//4872 
f 2451//4873 2399//4873 2469//4873 
f 2416//4874 2415//4874 2485//4874 
f 2416//4875 2486//4875 2417//4875 
f 2418//4876 2417//4876 2487//4876 
f 2418//4877 2488//4877 2452//4877 
f 2419//4878 2452//4878 2489//4878 
f 2419//4879 2489//4879 2453//4879 
f 2453//4880 2455//4880 2382//4880 
f 2426//4881 2490//4881 2420//4881 
f 2421//4882 2420//4882 2491//4882 
f 2421//4883 2492//4883 2422//4883 
f 2422//4884 2493//4884 2423//4884 
f 2424//4885 2423//4885 2494//4885 
f 2427//4886 2424//4886 2495//4886 
f 2425//4887 2496//4887 2426//4887 
f 2425//4888 2428//4888 2497//4888 
f 2498//4889 2454//4889 2427//4889 
f 2404//4890 2454//4890 2474//4890 
f 2499//4891 2428//4891 2429//4891 
f 2499//4892 2429//4892 2455//4892 
f 2430//4893 2431//4893 2500//4893 
f 2501//4894 2431//4894 2432//4894 
f 2502//4895 2432//4895 2456//4895 
f 2395//4896 2456//4896 2384//4896 
f 2430//4897 2500//4897 2457//4897 
f 2433//4898 2434//4898 2503//4898 
f 2457//4899 2504//4899 2434//4899 
f 2462//4900 2458//4900 2390//4900 
f 2459//4901 2386//4901 2458//4901 
f 2459//4902 2460//4902 2387//4902 
f 2388//4903 2460//4903 2461//4903 
f 2435//4904 2461//4904 2505//4904 
f 2391//4905 2464//4905 2463//4905 
f 2393//4906 2463//4906 2466//4906 
f 2464//4907 2392//4907 2465//4907 
f 2435//4908 2505//4908 2465//4908 
f 2466//4909 2467//4909 2396//4909 
f 2436//4910 2502//4910 2456//4910 
f 2436//4911 2467//4911 2502//4911 
f 2462//4912 2412//4912 2481//4912 
f 2437//4913 2438//4913 2506//4913 
f 2507//4914 2438//4914 2439//4914 
f 2433//4915 2503//4915 2439//4915 
f 2440//4916 2437//4916 2506//4916 
f 2508//4917 2441//4917 2440//4917 
f 2400//4918 2470//4918 2468//4918 
f 2468//4919 2469//4919 2398//4919 
f 2471//4920 2470//4920 2401//4920 
f 2471//4921 2402//4921 2472//4921 
f 2472//4922 2403//4922 2473//4922 
f 2509//4923 2473//4923 2441//4923 
f 2442//4924 2475//4924 2510//4924 
f 2480//4925 2475//4925 2411//4925 
f 2474//4926 2476//4926 2407//4926 
f 2511//4927 2443//4927 2476//4927 
f 2478//4928 2477//4928 2409//4928 
f 2478//4929 2410//4929 2479//4929 
f 2479//4930 2443//4930 2511//4930 
f 2444//4931 2445//4931 2512//4931 
f 2444//4932 2513//4932 2480//4932 
f 2514//4933 2445//4933 2446//4933 
f 2446//4934 2477//4934 2515//4934 
f 2447//4935 2442//4935 2510//4935 
f 2448//4936 2447//4936 2516//4936 
f 2449//4937 2448//4937 2516//4937 
f 2449//4938 2517//4938 2450//4938 
f 2518//4939 2481//4939 2450//4939 
f 2484//4940 2482//4940 2414//4940 
f 2483//4941 2413//4941 2482//4941 
f 2483//4942 2485//4942 2415//4942 
f 2484//4943 2451//4943 2519//4943 
f 2451//4944 2469//4944 2519//4944 
f 2416//4945 2485//4945 2520//4945 
f 2416//4946 2520//4946 2486//4946 
f 2487//4947 2417//4947 2486//4947 
f 2418//4948 2487//4948 2521//4948 
f 2418//4949 2521//4949 2488//4949 
f 2488//4950 2522//4950 2452//4950 
f 2522//4951 2489//4951 2452//4951 
f 2453//4952 2489//4952 2523//4952 
f 2453//4953 2524//4953 2455//4953 
f 2426//4954 2496//4954 2490//4954 
f 2491//4955 2420//4955 2490//4955 
f 2421//4956 2491//4956 2492//4956 
f 2422//4957 2492//4957 2493//4957 
f 2423//4958 2493//4958 2494//4958 
f 2495//4959 2424//4959 2494//4959 
f 2498//4960 2427//4960 2495//4960 
f 2425//4961 2497//4961 2496//4961 
f 2499//4962 2497//4962 2428//4962 
f 2498//4963 2525//4963 2454//4963 
f 2454//4964 2525//4964 2474//4964 
f 2526//4965 2499//4965 2455//4965 
f 2501//4966 2500//4966 2431//4966 
f 2502//4967 2501//4967 2432//4967 
f 2457//4968 2500//4968 2527//4968 
f 2434//4969 2504//4969 2503//4969 
f 2457//4970 2527//4970 2504//4970 
f 2462//4971 2528//4971 2458//4971 
f 2529//4972 2459//4972 2458//4972 
f 2459//4973 2530//4973 2460//4973 
f 2460//4974 2531//4974 2461//4974 
f 2505//4975 2461//4975 2531//4975 
f 2532//4976 2463//4976 2464//4976 
f 2466//4977 2463//4977 2533//4977 
f 2464//4978 2465//4978 2534//4978 
f 2505//4979 2535//4979 2465//4979 
f 2466//4980 2536//4980 2467//4980 
f 2537//4981 2502//4981 2467//4981 
f 2462//4982 2481//4982 2528//4982 
f 2507//4983 2506//4983 2438//4983 
f 2507//4984 2439//4984 2503//4984 
f 2508//4985 2440//4985 2506//4985 
f 2509//4986 2441//4986 2508//4986 
f 2468//4987 2470//4987 2538//4987 
f 2468//4988 2539//4988 2469//4988 
f 2471//4989 2540//4989 2470//4989 
f 2541//4990 2471//4990 2472//4990 
f 2542//4991 2472//4991 2473//4991 
f 2509//4992 2543//4992 2473//4992 
f 2475//4993 2544//4993 2510//4993 
f 2480//4994 2544//4994 2475//4994 
f 2525//4995 2476//4995 2474//4995 
f 2511//4996 2476//4996 2545//4996 
f 2478//4997 2546//4997 2477//4997 
f 2478//4998 2479//4998 2547//4998 
f 2548//4999 2479//4999 2511//4999 
f 2512//5000 2445//5000 2514//5000 
f 2444//5001 2512//5001 2513//5001 
f 2549//5002 2480//5002 2513//5002 
f 2514//5003 2446//5003 2515//5003 
f 2515//5004 2477//5004 2546//5004 
f 2550//5005 2447//5005 2510//5005 
f 2550//5006 2516//5006 2447//5006 
f 2449//5007 2516//5007 2517//5007 
f 2517//5008 2518//5008 2450//5008 
f 2518//5009 2551//5009 2481//5009 
f 2484//5010 2552//5010 2482//5010 
f 2483//5011 2482//5011 2553//5011 
f 2483//5012 2554//5012 2485//5012 
f 2484//5013 2519//5013 2555//5013 
f 2539//5014 2519//5014 2469//5014 
f 2520//5015 2485//5015 2556//5015 
f 2557//5016 2486//5016 2520//5016 
f 2487//5017 2486//5017 2558//5017 
f 2487//5018 2559//5018 2521//5018 
f 2560//5019 2488//5019 2521//5019 
f 2488//5020 2561//5020 2522//5020 
f 2562//5021 2489//5021 2522//5021 
f 2562//5022 2523//5022 2489//5022 
f 2453//5023 2523//5023 2524//5023 
f 2526//5024 2455//5024 2524//5024 
f 2563//5025 2490//5025 2496//5025 
f 2564//5026 2491//5026 2490//5026 
f 2492//5027 2491//5027 2565//5027 
f 2492//5028 2566//5028 2493//5028 
f 2494//5029 2493//5029 2567//5029 
f 2495//5030 2494//5030 2568//5030 
f 2498//5031 2495//5031 2569//5031 
f 2570//5032 2496//5032 2497//5032 
f 2499//5033 2571//5033 2497//5033 
f 2498//5034 2572//5034 2525//5034 
f 2526//5035 2571//5035 2499//5035 
f 2573//5036 2500//5036 2501//5036 
f 2537//5037 2501//5037 2502//5037 
f 2573//5038 2527//5038 2500//5038 
f 2574//5039 2503//5039 2504//5039 
f 2575//5040 2504//5040 2527//5040 
f 2529//5041 2458//5041 2528//5041 
f 2529//5042 2530//5042 2459//5042 
f 2460//5043 2530//5043 2531//5043 
f 2505//5044 2531//5044 2576//5044 
f 2532//5045 2533//5045 2463//5045 
f 2532//5046 2464//5046 2534//5046 
f 2466//5047 2533//5047 2536//5047 
f 2535//5048 2534//5048 2465//5048 
f 2505//5049 2576//5049 2535//5049 
f 2537//5050 2467//5050 2536//5050 
f 2551//5051 2528//5051 2481//5051 
f 2577//5052 2506//5052 2507//5052 
f 2574//5053 2507//5053 2503//5053 
f 2508//5054 2506//5054 2577//5054 
f 2509//5055 2508//5055 2578//5055 
f 2540//5056 2538//5056 2470//5056 
f 2468//5057 2538//5057 2539//5057 
f 2541//5058 2540//5058 2471//5058 
f 2542//5059 2541//5059 2472//5059 
f 2542//5060 2473//5060 2543//5060 
f 2509//5061 2579//5061 2543//5061 
f 2510//5062 2544//5062 2580//5062 
f 2549//5063 2544//5063 2480//5063 
f 2525//5064 2545//5064 2476//5064 
f 2511//5065 2545//5065 2581//5065 
f 2478//5066 2547//5066 2546//5066 
f 2547//5067 2479//5067 2548//5067 
f 2548//5068 2511//5068 2581//5068 
f 2512//5069 2514//5069 2582//5069 
f 2512//5070 2583//5070 2513//5070 
f 2549//5071 2513//5071 2584//5071 
f 2514//5072 2515//5072 2585//5072 
f 2515//5073 2546//5073 2586//5073 
f 2550//5074 2510//5074 2580//5074 
f 2550//5075 2587//5075 2516//5075 
f 2517//5076 2516//5076 2587//5076 
f 2588//5077 2518//5077 2517//5077 
f 2518//5078 2589//5078 2551//5078 
f 2484//5079 2555//5079 2552//5079 
f 2553//5080 2482//5080 2552//5080 
f 2483//5081 2553//5081 2554//5081 
f 2554//5082 2556//5082 2485//5082 
f 2590//5083 2555//5083 2519//5083 
f 2539//5084 2590//5084 2519//5084 
f 2520//5085 2556//5085 2591//5085 
f 2557//5086 2558//5086 2486//5086 
f 2557//5087 2520//5087 2591//5087 
f 2487//5088 2558//5088 2559//5088 
f 2592//5089 2521//5089 2559//5089 
f 2560//5090 2561//5090 2488//5090 
f 2592//5091 2560//5091 2521//5091 
f 2522//5092 2561//5092 2593//5092 
f 2562//5093 2522//5093 2593//5093 
f 2562//5094 2594//5094 2523//5094 
f 2595//5095 2524//5095 2523//5095 
f 2526//5096 2524//5096 2596//5096 
f 2563//5097 2564//5097 2490//5097 
f 2563//5098 2496//5098 2570//5098 
f 2564//5099 2565//5099 2491//5099 
f 2492//5100 2565//5100 2566//5100 
f 2566//5101 2567//5101 2493//5101 
f 2568//5102 2494//5102 2567//5102 
f 2495//5103 2568//5103 2569//5103 
f 2498//5104 2569//5104 2572//5104 
f 2570//5105 2497//5105 2571//5105 
f 2572//5106 2545//5106 2525//5106 
f 2526//5107 2597//5107 2571//5107 
f 2573//5108 2501//5108 2537//5108 
f 2573//5109 2598//5109 2527//5109 
f 2574//5110 2504//5110 2575//5110 
f 2598//5111 2575//5111 2527//5111 
f 2529//5112 2528//5112 2599//5112 
f 2529//5113 2600//5113 2530//5113 
f 2601//5114 2531//5114 2530//5114 
f 2601//5115 2576//5115 2531//5115 
f 2532//5116 2602//5116 2533//5116 
f 2532//5117 2534//5117 2603//5117 
f 2533//5118 2604//5118 2536//5118 
f 2535//5119 2605//5119 2534//5119 
f 2535//5120 2576//5120 2606//5120 
f 2537//5121 2536//5121 2607//5121 
f 2551//5122 2599//5122 2528//5122 
f 2577//5123 2507//5123 2574//5123 
f 2508//5124 2577//5124 2578//5124 
f 2509//5125 2578//5125 2579//5125 
f 2540//5126 2608//5126 2538//5126 
f 2609//5127 2539//5127 2538//5127 
f 2541//5128 2610//5128 2540//5128 
f 2611//5129 2541//5129 2542//5129 
f 2612//5130 2542//5130 2543//5130 
f 2613//5131 2543//5131 2579//5131 
f 2614//5132 2580//5132 2544//5132 
f 2614//5133 2544//5133 2549//5133 
f 2615//5134 2581//5134 2545//5134 
f 2547//5135 2586//5135 2546//5135 
f 2547//5136 2548//5136 2616//5136 
f 2548//5137 2581//5137 2617//5137 
f 2514//5138 2585//5138 2582//5138 
f 2512//5139 2582//5139 2583//5139 
f 2584//5140 2513//5140 2583//5140 
f 2549//5141 2584//5141 2618//5141 
f 2515//5142 2619//5142 2585//5142 
f 2586//5143 2619//5143 2515//5143 
f 2550//5144 2580//5144 2620//5144 
f 2550//5145 2620//5145 2587//5145 
f 2588//5146 2517//5146 2587//5146 
f 2588//5147 2589//5147 2518//5147 
f 2551//5148 2589//5148 2621//5148 
f 2555//5149 2622//5149 2552//5149 
f 2553//5150 2552//5150 2623//5150 
f 2553//5151 2624//5151 2554//5151 
f 2554//5152 2625//5152 2556//5152 
f 2590//5153 2626//5153 2555//5153 
f 2609//5154 2590//5154 2539//5154 
f 2591//5155 2556//5155 2627//5155 
f 2557//5156 2628//5156 2558//5156 
f 2557//5157 2591//5157 2629//5157 
f 2630//5158 2559//5158 2558//5158 
f 2592//5159 2559//5159 2631//5159 
f 2560//5160 2632//5160 2561//5160 
f 2592//5161 2633//5161 2560//5161 
f 2634//5162 2593//5162 2561//5162 
f 2562//5163 2593//5163 2635//5163 
f 2562//5164 2635//5164 2594//5164 
f 2595//5165 2523//5165 2594//5165 
f 2595//5166 2596//5166 2524//5166 
f 2526//5167 2596//5167 2597//5167 
f 2563//5168 2636//5168 2564//5168 
f 2563//5169 2570//5169 2637//5169 
f 2564//5170 2638//5170 2565//5170 
f 2565//5171 2639//5171 2566//5171 
f 2566//5172 2640//5172 2567//5172 
f 2641//5173 2568//5173 2567//5173 
f 2569//5174 2568//5174 2642//5174 
f 2572//5175 2569//5175 2643//5175 
f 2570//5176 2571//5176 2644//5176 
f 2615//5177 2545//5177 2572//5177 
f 2597//5178 2644//5178 2571//5178 
f 2573//5179 2537//5179 2607//5179 
f 2573//5180 2607//5180 2598//5180 
f 2574//5181 2575//5181 2645//5181 
f 2598//5182 2646//5182 2575//5182 
f 2529//5183 2599//5183 2600//5183 
f 2600//5184 2601//5184 2530//5184 
f 2601//5185 2647//5185 2576//5185 
f 2532//5186 2603//5186 2602//5186 
f 2533//5187 2602//5187 2604//5187 
f 2603//5188 2534//5188 2605//5188 
f 2607//5189 2536//5189 2604//5189 
f 2535//5190 2606//5190 2605//5190 
f 2576//5191 2647//5191 2606//5191 
f 2551//5192 2621//5192 2599//5192 
f 2577//5193 2574//5193 2648//5193 
f 2578//5194 2577//5194 2648//5194 
f 2579//5195 2578//5195 2649//5195 
f 2610//5196 2608//5196 2540//5196 
f 2609//5197 2538//5197 2608//5197 
f 2611//5198 2610//5198 2541//5198 
f 2612//5199 2611//5199 2542//5199 
f 2613//5200 2612//5200 2543//5200 
f 2613//5201 2579//5201 2650//5201 
f 2614//5202 2651//5202 2580//5202 
f 2614//5203 2549//5203 2618//5203 
f 2615//5204 2652//5204 2581//5204 
f 2547//5205 2616//5205 2586//5205 
f 2548//5206 2617//5206 2616//5206 
f 2652//5207 2617//5207 2581//5207 
f 2585//5208 2653//5208 2582//5208 
f 2654//5209 2583//5209 2582//5209 
f 2655//5210 2584//5210 2583//5210 
f 2584//5211 2656//5211 2618//5211 
f 2585//5212 2619//5212 2657//5212 
f 2619//5213 2586//5213 2616//5213 
f 2620//5214 2580//5214 2651//5214 
f 2620//5215 2658//5215 2587//5215 
f 2588//5216 2587//5216 2658//5216 
f 2588//5217 2659//5217 2589//5217 
f 2621//5218 2589//5218 2660//5218 
f 2555//5219 2626//5219 2622//5219 
f 2622//5220 2623//5220 2552//5220 
f 2553//5221 2623//5221 2624//5221 
f 2554//5222 2624//5222 2625//5222 
f 2556//5223 2625//5223 2661//5223 
f 2662//5224 2626//5224 2590//5224 
f 2609//5225 2662//5225 2590//5225 
f 2627//5226 2556//5226 2661//5226 
f 2591//5227 2627//5227 2663//5227 
f 2557//5228 2629//5228 2628//5228 
f 2628//5229 2630//5229 2558//5229 
f 2591//5230 2663//5230 2629//5230 
f 2630//5231 2631//5231 2559//5231 
f 2592//5232 2631//5232 2664//5232 
f 2560//5233 2633//5233 2632//5233 
f 2634//5234 2561//5234 2632//5234 
f 2592//5235 2664//5235 2633//5235 
f 2634//5236 2665//5236 2593//5236 
f 2665//5237 2635//5237 2593//5237 
f 2594//5238 2635//5238 2666//5238 
f 2595//5239 2594//5239 2667//5239 
f 2595//5240 2668//5240 2596//5240 
f 2597//5241 2596//5241 2669//5241 
f 2563//5242 2637//5242 2636//5242 
f 2636//5243 2638//5243 2564//5243 
f 2570//5244 2644//5244 2637//5244 
f 2638//5245 2639//5245 2565//5245 
f 2566//5246 2639//5246 2640//5246 
f 2641//5247 2567//5247 2640//5247 
f 2641//5248 2642//5248 2568//5248 
f 2569//5249 2642//5249 2643//5249 
f 2615//5250 2572//5250 2643//5250 
f 2597//5251 2670//5251 2644//5251 
f 2671//5252 2598//5252 2607//5252 
f 2645//5253 2575//5253 2646//5253 
f 2574//5254 2645//5254 2648//5254 
f 2671//5255 2646//5255 2598//5255 
f 2600//5256 2599//5256 2672//5256 
f 2600//5257 2673//5257 2601//5257 
f 2601//5258 2673//5258 2647//5258 
f 2674//5259 2602//5259 2603//5259 
f 2602//5260 2675//5260 2604//5260 
f 2676//5261 2603//5261 2605//5261 
f 2671//5262 2607//5262 2604//5262 
f 2677//5263 2605//5263 2606//5263 
f 2678//5264 2606//5264 2647//5264 
f 2672//5265 2599//5265 2621//5265 
f 2578//5266 2648//5266 2649//5266 
f 2650//5267 2579//5267 2649//5267 
f 2679//5268 2608//5268 2610//5268 
f 2609//5269 2608//5269 2680//5269 
f 2611//5270 2681//5270 2610//5270 
f 2612//5271 2682//5271 2611//5271 
f 2683//5272 2612//5272 2613//5272 
f 2613//5273 2650//5273 2684//5273 
f 2614//5274 2685//5274 2651//5274 
f 2614//5275 2618//5275 2685//5275 
f 2615//5276 2686//5276 2652//5276 
f 2687//5277 2616//5277 2617//5277 
f 2652//5278 2688//5278 2617//5278 
f 2585//5279 2657//5279 2653//5279 
f 2654//5280 2582//5280 2653//5280 
f 2654//5281 2655//5281 2583//5281 
f 2655//5282 2656//5282 2584//5282 
f 2689//5283 2618//5283 2656//5283 
f 2619//5284 2687//5284 2657//5284 
f 2619//5285 2616//5285 2687//5285 
f 2620//5286 2651//5286 2690//5286 
f 2620//5287 2690//5287 2658//5287 
f 2588//5288 2658//5288 2659//5288 
f 2659//5289 2660//5289 2589//5289 
f 2691//5290 2621//5290 2660//5290 
f 2626//5291 2692//5291 2622//5291 
f 2693//5292 2623//5292 2622//5292 
f 2694//5293 2624//5293 2623//5293 
f 2625//5294 2624//5294 2695//5294 
f 2661//5295 2625//5295 2696//5295 
f 2662//5296 2697//5296 2626//5296 
f 2609//5297 2680//5297 2662//5297 
f 2698//5298 2627//5298 2661//5298 
f 2699//5299 2663//5299 2627//5299 
f 2628//5300 2629//5300 2700//5300 
f 2628//5301 2701//5301 2630//5301 
f 2702//5302 2629//5302 2663//5302 
f 2630//5303 2703//5303 2631//5303 
f 2664//5304 2631//5304 2704//5304 
f 2705//5305 2632//5305 2633//5305 
f 2634//5306 2632//5306 2706//5306 
f 2664//5307 2707//5307 2633//5307 
f 2708//5308 2665//5308 2634//5308 
f 2709//5309 2635//5309 2665//5309 
f 2666//5310 2635//5310 2710//5310 
f 2667//5311 2594//5311 2666//5311 
f 2595//5312 2667//5312 2668//5312 
f 2669//5313 2596//5313 2668//5313 
f 2597//5314 2669//5314 2670//5314 
f 2636//5315 2637//5315 2711//5315 
f 2636//5316 2712//5316 2638//5316 
f 2713//5317 2637//5317 2644//5317 
f 2714//5318 2639//5318 2638//5318 
f 2715//5319 2640//5319 2639//5319 
f 2641//5320 2640//5320 2716//5320 
f 2717//5321 2642//5321 2641//5321 
f 2643//5322 2642//5322 2718//5322 
f 2615//5323 2643//5323 2686//5323 
f 2713//5324 2644//5324 2670//5324 
f 2645//5325 2646//5325 2719//5325 
f 2645//5326 2719//5326 2648//5326 
f 2671//5327 2720//5327 2646//5327 
f 2600//5328 2672//5328 2673//5328 
f 2673//5329 2721//5329 2647//5329 
f 2674//5330 2675//5330 2602//5330 
f 2676//5331 2674//5331 2603//5331 
f 2671//5332 2604//5332 2675//5332 
f 2676//5333 2605//5333 2677//5333 
f 2678//5334 2677//5334 2606//5334 
f 2678//5335 2647//5335 2721//5335 
f 2672//5336 2621//5336 2691//5336 
f 2648//5337 2719//5337 2649//5337 
f 2722//5338 2650//5338 2649//5338 
f 2679//5339 2680//5339 2608//5339 
f 2679//5340 2610//5340 2681//5340 
f 2682//5341 2681//5341 2611//5341 
f 2683//5342 2682//5342 2612//5342 
f 2683//5343 2613//5343 2684//5343 
f 2650//5344 2723//5344 2684//5344 
f 2685//5345 2724//5345 2651//5345 
f 2685//5346 2618//5346 2689//5346 
f 2652//5347 2686//5347 2725//5347 
f 2687//5348 2617//5348 2688//5348 
f 2652//5349 2725//5349 2688//5349 
f 2726//5350 2653//5350 2657//5350 
f 2727//5351 2654//5351 2653//5351 
f 2728//5352 2655//5352 2654//5352 
f 2655//5353 2729//5353 2656//5353 
f 2730//5354 2689//5354 2656//5354 
f 2731//5355 2657//5355 2687//5355 
f 2724//5356 2690//5356 2651//5356 
f 2732//5357 2658//5357 2690//5357 
f 2659//5358 2658//5358 2732//5358 
f 2733//5359 2660//5359 2659//5359 
f 2691//5360 2660//5360 2734//5360 
f 2626//5361 2697//5361 2692//5361 
f 2693//5362 2622//5362 2692//5362 
f 2693//5363 2694//5363 2623//5363 
f 2695//5364 2624//5364 2694//5364 
f 2695//5365 2735//5365 2625//5365 
f 2735//5366 2696//5366 2625//5366 
f 2696//5367 2698//5367 2661//5367 
f 2736//5368 2697//5368 2662//5368 
f 2736//5369 2662//5369 2680//5369 
f 2698//5370 2699//5370 2627//5370 
f 2737//5371 2663//5371 2699//5371 
f 2700//5372 2629//5372 2702//5372 
f 2628//5373 2700//5373 2701//5373 
f 2630//5374 2701//5374 2703//5374 
f 2702//5375 2663//5375 2737//5375 
f 2631//5376 2703//5376 2704//5376 
f 2664//5377 2704//5377 2738//5377 
f 2705//5378 2706//5378 2632//5378 
f 2705//5379 2633//5379 2707//5379 
f 2708//5380 2634//5380 2706//5380 
f 2664//5381 2738//5381 2707//5381 
f 2708//5382 2739//5382 2665//5382 
f 2709//5383 2710//5383 2635//5383 
f 2709//5384 2665//5384 2739//5384 
f 2740//5385 2666//5385 2710//5385 
f 2667//5386 2666//5386 2740//5386 
f 2741//5387 2668//5387 2667//5387 
f 2742//5388 2669//5388 2668//5388 
f 2743//5389 2670//5389 2669//5389 
f 2713//5390 2711//5390 2637//5390 
f 2636//5391 2711//5391 2712//5391 
f 2714//5392 2638//5392 2712//5392 
f 2714//5393 2715//5393 2639//5393 
f 2715//5394 2716//5394 2640//5394 
f 2717//5395 2641//5395 2716//5395 
f 2717//5396 2718//5396 2642//5396 
f 2643//5397 2718//5397 2686//5397 
f 2713//5398 2670//5398 2744//5398 
f 2720//5399 2719//5399 2646//5399 
f 2671//5400 2675//5400 2720//5400 
f 2745//5401 2673//5401 2672//5401 
f 2745//5402 2721//5402 2673//5402 
f 2674//5403 2746//5403 2675//5403 
f 2676//5404 2747//5404 2674//5404 
f 2676//5405 2677//5405 2748//5405 
f 2678//5406 2748//5406 2677//5406 
f 2678//5407 2721//5407 2749//5407 
f 2745//5408 2672//5408 2691//5408 
f 2722//5409 2649//5409 2719//5409 
f 2722//5410 2723//5410 2650//5410 
f 2679//5411 2750//5411 2680//5411 
f 2679//5412 2681//5412 2751//5412 
f 2682//5413 2752//5413 2681//5413 
f 2683//5414 2753//5414 2682//5414 
f 2683//5415 2684//5415 2754//5415 
f 2755//5416 2684//5416 2723//5416 
f 2685//5417 2756//5417 2724//5417 
f 2685//5418 2689//5418 2756//5418 
f 2757//5419 2725//5419 2686//5419 
f 2731//5420 2687//5420 2688//5420 
f 2758//5421 2688//5421 2725//5421 
f 2727//5422 2653//5422 2726//5422 
f 2731//5423 2726//5423 2657//5423 
f 2728//5424 2654//5424 2727//5424 
f 2728//5425 2729//5425 2655//5425 
f 2730//5426 2656//5426 2729//5426 
f 2730//5427 2759//5427 2689//5427 
f 2724//5428 2760//5428 2690//5428 
f 2732//5429 2690//5429 2760//5429 
f 2733//5430 2659//5430 2732//5430 
f 2733//5431 2734//5431 2660//5431 
f 2691//5432 2734//5432 2761//5432 
f 2762//5433 2692//5433 2697//5433 
f 2693//5434 2692//5434 2763//5434 
f 2764//5435 2694//5435 2693//5435 
f 2695//5436 2694//5436 2765//5436 
f 2735//5437 2695//5437 2765//5437 
f 2735//5438 2766//5438 2696//5438 
f 2696//5439 2767//5439 2698//5439 
f 2736//5440 2768//5440 2697//5440 
f 2736//5441 2680//5441 2750//5441 
f 2698//5442 2769//5442 2699//5442 
f 2737//5443 2699//5443 2770//5443 
f 2700//5444 2702//5444 2771//5444 
f 2701//5445 2700//5445 2772//5445 
f 2701//5446 2773//5446 2703//5446 
f 2702//5447 2737//5447 2774//5447 
f 2775//5448 2704//5448 2703//5448 
f 2704//5449 2776//5449 2738//5449 
f 2705//5450 2777//5450 2706//5450 
f 2705//5451 2707//5451 2778//5451 
f 2708//5452 2706//5452 2779//5452 
f 2780//5453 2707//5453 2738//5453 
f 2708//5454 2781//5454 2739//5454 
f 2709//5455 2782//5455 2710//5455 
f 2709//5456 2739//5456 2783//5456 
f 2740//5457 2710//5457 2784//5457 
f 2741//5458 2667//5458 2740//5458 
f 2741//5459 2742//5459 2668//5459 
f 2743//5460 2669//5460 2742//5460 
f 2743//5461 2744//5461 2670//5461 
f 2713//5462 2785//5462 2711//5462 
f 2786//5463 2712//5463 2711//5463 
f 2714//5464 2712//5464 2787//5464 
f 2714//5465 2788//5465 2715//5465 
f 2715//5466 2789//5466 2716//5466 
f 2717//5467 2716//5467 2789//5467 
f 2717//5468 2790//5468 2718//5468 
f 2757//5469 2686//5469 2718//5469 
f 2713//5470 2744//5470 2785//5470 
f 2722//5471 2719//5471 2720//5471 
f 2675//5472 2746//5472 2720//5472 
f 2745//5473 2791//5473 2721//5473 
f 2674//5474 2747//5474 2746//5474 
f 2676//5475 2792//5475 2747//5475 
f 2676//5476 2748//5476 2792//5476 
f 2678//5477 2749//5477 2748//5477 
f 2791//5478 2749//5478 2721//5478 
f 2745//5479 2691//5479 2761//5479 
f 2722//5480 2746//5480 2723//5480 
f 2679//5481 2751//5481 2750//5481 
f 2681//5482 2752//5482 2751//5482 
f 2753//5483 2752//5483 2682//5483 
f 2683//5484 2754//5484 2753//5484 
f 2755//5485 2754//5485 2684//5485 
f 2755//5486 2723//5486 2747//5486 
f 2724//5487 2756//5487 2793//5487 
f 2689//5488 2759//5488 2756//5488 
f 2757//5489 2794//5489 2725//5489 
f 2758//5490 2731//5490 2688//5490 
f 2758//5491 2725//5491 2794//5491 
f 2727//5492 2726//5492 2795//5492 
f 2796//5493 2726//5493 2731//5493 
f 2728//5494 2727//5494 2797//5494 
f 2728//5495 2798//5495 2729//5495 
f 2730//5496 2729//5496 2799//5496 
f 2730//5497 2800//5497 2759//5497 
f 2724//5498 2801//5498 2760//5498 
f 2732//5499 2760//5499 2802//5499 
f 2733//5500 2732//5500 2802//5500 
f 2733//5501 2803//5501 2734//5501 
f 2734//5502 2804//5502 2761//5502 
f 2762//5503 2763//5503 2692//5503 
f 2762//5504 2697//5504 2768//5504 
f 2764//5505 2693//5505 2763//5505 
f 2764//5506 2765//5506 2694//5506 
f 2735//5507 2765//5507 2805//5507 
f 2735//5508 2806//5508 2766//5508 
f 2807//5509 2696//5509 2766//5509 
f 2807//5510 2767//5510 2696//5510 
f 2698//5511 2767//5511 2769//5511 
f 2736//5512 2808//5512 2768//5512 
f 2736//5513 2750//5513 2808//5513 
f 2770//5514 2699//5514 2769//5514 
f 2737//5515 2770//5515 2809//5515 
f 2702//5516 2774//5516 2771//5516 
f 2700//5517 2771//5517 2772//5517 
f 2701//5518 2772//5518 2773//5518 
f 2775//5519 2703//5519 2773//5519 
f 2737//5520 2809//5520 2774//5520 
f 2775//5521 2776//5521 2704//5521 
f 2810//5522 2738//5522 2776//5522 
f 2705//5523 2778//5523 2777//5523 
f 2777//5524 2779//5524 2706//5524 
f 2780//5525 2778//5525 2707//5525 
f 2708//5526 2779//5526 2781//5526 
f 2780//5527 2738//5527 2810//5527 
f 2739//5528 2781//5528 2811//5528 
f 2709//5529 2783//5529 2782//5529 
f 2812//5530 2710//5530 2782//5530 
f 2783//5531 2739//5531 2811//5531 
f 2812//5532 2784//5532 2710//5532 
f 2740//5533 2784//5533 2813//5533 
f 2741//5534 2740//5534 2813//5534 
f 2741//5535 2814//5535 2742//5535 
f 2743//5536 2742//5536 2815//5536 
f 2743//5537 2816//5537 2744//5537 
f 2785//5538 2786//5538 2711//5538 
f 2787//5539 2712//5539 2786//5539 
f 2714//5540 2787//5540 2788//5540 
f 2715//5541 2788//5541 2789//5541 
f 2717//5542 2789//5542 2790//5542 
f 2757//5543 2718//5543 2790//5543 
f 2785//5544 2744//5544 2817//5544 
f 2722//5545 2720//5545 2746//5545 
f 2745//5546 2761//5546 2791//5546 
f 2747//5547 2723//5547 2746//5547 
f 2755//5548 2747//5548 2792//5548 
f 2818//5549 2792//5549 2748//5549 
f 2818//5550 2748//5550 2749//5550 
f 2819//5551 2749//5551 2791//5551 
f 2750//5552 2751//5552 2820//5552 
f 2821//5553 2751//5553 2752//5553 
f 2753//5554 2822//5554 2752//5554 
f 2753//5555 2754//5555 2823//5555 
f 2755//5556 2824//5556 2754//5556 
f 2825//5557 2793//5557 2756//5557 
f 2724//5558 2793//5558 2801//5558 
f 2825//5559 2756//5559 2759//5559 
f 2757//5560 2826//5560 2794//5560 
f 2758//5561 2796//5561 2731//5561 
f 2758//5562 2794//5562 2827//5562 
f 2796//5563 2795//5563 2726//5563 
f 2727//5564 2795//5564 2797//5564 
f 2728//5565 2797//5565 2798//5565 
f 2799//5566 2729//5566 2798//5566 
f 2730//5567 2799//5567 2800//5567 
f 2800//5568 2828//5568 2759//5568 
f 2829//5569 2760//5569 2801//5569 
f 2802//5570 2760//5570 2829//5570 
f 2733//5571 2802//5571 2803//5571 
f 2734//5572 2803//5572 2804//5572 
f 2830//5573 2761//5573 2804//5573 
f 2762//5574 2831//5574 2763//5574 
f 2762//5575 2768//5575 2832//5575 
f 2764//5576 2763//5576 2833//5576 
f 2834//5577 2765//5577 2764//5577 
f 2834//5578 2805//5578 2765//5578 
f 2735//5579 2805//5579 2806//5579 
f 2806//5580 2835//5580 2766//5580 
f 2807//5581 2766//5581 2836//5581 
f 2807//5582 2837//5582 2767//5582 
f 2767//5583 2782//5583 2769//5583 
f 2838//5584 2768//5584 2808//5584 
f 2808//5585 2750//5585 2820//5585 
f 2783//5586 2770//5586 2769//5586 
f 2811//5587 2809//5587 2770//5587 
f 2839//5588 2771//5588 2774//5588 
f 2840//5589 2772//5589 2771//5589 
f 2841//5590 2773//5590 2772//5590 
f 2842//5591 2775//5591 2773//5591 
f 2843//5592 2774//5592 2809//5592 
f 2775//5593 2844//5593 2776//5593 
f 2845//5594 2810//5594 2776//5594 
f 2777//5595 2778//5595 2846//5595 
f 2777//5596 2847//5596 2779//5596 
f 2780//5597 2848//5597 2778//5597 
f 2849//5598 2781//5598 2779//5598 
f 2780//5599 2810//5599 2850//5599 
f 2811//5600 2781//5600 2851//5600 
f 2783//5601 2769//5601 2782//5601 
f 2812//5602 2782//5602 2767//5602 
f 2783//5603 2811//5603 2770//5603 
f 2812//5604 2852//5604 2784//5604 
f 2853//5605 2813//5605 2784//5605 
f 2741//5606 2813//5606 2814//5606 
f 2742//5607 2814//5607 2815//5607 
f 2743//5608 2815//5608 2816//5608 
f 2744//5609 2816//5609 2817//5609 
f 2785//5610 2854//5610 2786//5610 
f 2787//5611 2786//5611 2855//5611 
f 2856//5612 2788//5612 2787//5612 
f 2788//5613 2857//5613 2789//5613 
f 2790//5614 2789//5614 2857//5614 
f 2757//5615 2790//5615 2826//5615 
f 2785//5616 2817//5616 2854//5616 
f 2830//5617 2791//5617 2761//5617 
f 2755//5618 2792//5618 2824//5618 
f 2818//5619 2824//5619 2792//5619 
f 2819//5620 2818//5620 2749//5620 
f 2819//5621 2791//5621 2830//5621 
f 2858//5622 2820//5622 2751//5622 
f 2821//5623 2858//5623 2751//5623 
f 2821//5624 2752//5624 2822//5624 
f 2753//5625 2823//5625 2822//5625 
f 2824//5626 2823//5626 2754//5626 
f 2825//5627 2859//5627 2793//5627 
f 2801//5628 2793//5628 2860//5628 
f 2828//5629 2825//5629 2759//5629 
f 2861//5630 2794//5630 2826//5630 
f 2758//5631 2827//5631 2796//5631 
f 2861//5632 2827//5632 2794//5632 
f 2796//5633 2862//5633 2795//5633 
f 2863//5634 2797//5634 2795//5634 
f 2864//5635 2798//5635 2797//5635 
f 2865//5636 2799//5636 2798//5636 
f 2800//5637 2799//5637 2866//5637 
f 2800//5638 2867//5638 2828//5638 
f 2829//5639 2801//5639 2860//5639 
f 2802//5640 2829//5640 2868//5640 
f 2802//5641 2868//5641 2803//5641 
f 2869//5642 2804//5642 2803//5642 
f 2830//5643 2804//5643 2870//5643 
f 2762//5644 2832//5644 2831//5644 
f 2833//5645 2763//5645 2831//5645 
f 2838//5646 2832//5646 2768//5646 
f 2834//5647 2764//5647 2833//5647 
f 2834//5648 2871//5648 2805//5648 
f 2872//5649 2806//5649 2805//5649 
f 2806//5650 2873//5650 2835//5650 
f 2766//5651 2835//5651 2836//5651 
f 2807//5652 2836//5652 2874//5652 
f 2807//5653 2874//5653 2837//5653 
f 2812//5654 2767//5654 2837//5654 
f 2838//5655 2808//5655 2875//5655 
f 2808//5656 2820//5656 2875//5656 
f 2811//5657 2851//5657 2809//5657 
f 2839//5658 2840//5658 2771//5658 
f 2843//5659 2839//5659 2774//5659 
f 2840//5660 2841//5660 2772//5660 
f 2842//5661 2773//5661 2841//5661 
f 2842//5662 2844//5662 2775//5662 
f 2843//5663 2809//5663 2851//5663 
f 2845//5664 2776//5664 2844//5664 
f 2845//5665 2876//5665 2810//5665 
f 2846//5666 2778//5666 2848//5666 
f 2777//5667 2846//5667 2847//5667 
f 2849//5668 2779//5668 2847//5668 
f 2780//5669 2877//5669 2848//5669 
f 2849//5670 2851//5670 2781//5670 
f 2876//5671 2850//5671 2810//5671 
f 2780//5672 2850//5672 2877//5672 
f 2812//5673 2837//5673 2852//5673 
f 2853//5674 2784//5674 2852//5674 
f 2853//5675 2878//5675 2813//5675 
f 2814//5676 2813//5676 2878//5676 
f 2879//5677 2815//5677 2814//5677 
f 2880//5678 2816//5678 2815//5678 
f 2817//5679 2816//5679 2881//5679 
f 2854//5680 2855//5680 2786//5680 
f 2856//5681 2787//5681 2855//5681 
f 2856//5682 2857//5682 2788//5682 
f 2790//5683 2857//5683 2826//5683 
f 2882//5684 2854//5684 2817//5684 
f 2818//5685 2883//5685 2824//5685 
f 2819//5686 2883//5686 2818//5686 
f 2819//5687 2830//5687 2884//5687 
f 2858//5688 2885//5688 2820//5688 
f 2886//5689 2858//5689 2821//5689 
f 2886//5690 2821//5690 2822//5690 
f 2822//5691 2823//5691 2887//5691 
f 2824//5692 2883//5692 2823//5692 
f 2825//5693 2888//5693 2859//5693 
f 2859//5694 2860//5694 2793//5694 
f 2828//5695 2888//5695 2825//5695 
f 2889//5696 2861//5696 2826//5696 
f 2796//5697 2827//5697 2862//5697 
f 2861//5698 2890//5698 2827//5698 
f 2863//5699 2795//5699 2862//5699 
f 2864//5700 2797//5700 2863//5700 
f 2865//5701 2798//5701 2864//5701 
f 2865//5702 2866//5702 2799//5702 
f 2800//5703 2866//5703 2867//5703 
f 2828//5704 2867//5704 2891//5704 
f 2829//5705 2860//5705 2892//5705 
f 2829//5706 2892//5706 2868//5706 
f 2869//5707 2803//5707 2868//5707 
f 2869//5708 2870//5708 2804//5708 
f 2884//5709 2830//5709 2870//5709 
f 2893//5710 2831//5710 2832//5710 
f 2894//5711 2833//5711 2831//5711 
f 2838//5712 2895//5712 2832//5712 
f 2834//5713 2833//5713 2896//5713 
f 2834//5714 2897//5714 2871//5714 
f 2872//5715 2805//5715 2871//5715 
f 2872//5716 2873//5716 2806//5716 
f 2898//5717 2835//5717 2873//5717 
f 2899//5718 2836//5718 2835//5718 
f 2900//5719 2874//5719 2836//5719 
f 2837//5720 2874//5720 2901//5720 
f 2838//5721 2875//5721 2902//5721 
f 2885//5722 2875//5722 2820//5722 
f 2839//5723 2903//5723 2840//5723 
f 2904//5724 2839//5724 2843//5724 
f 2905//5725 2841//5725 2840//5725 
f 2842//5726 2841//5726 2906//5726 
f 2842//5727 2907//5727 2844//5727 
f 2843//5728 2851//5728 2908//5728 
f 2845//5729 2844//5729 2909//5729 
f 2845//5730 2910//5730 2876//5730 
f 2846//5731 2848//5731 2911//5731 
f 2912//5732 2847//5732 2846//5732 
f 2849//5733 2847//5733 2913//5733 
f 2877//5734 2914//5734 2848//5734 
f 2849//5735 2908//5735 2851//5735 
f 2876//5736 2915//5736 2850//5736 
f 2877//5737 2850//5737 2916//5737 
f 2852//5738 2837//5738 2901//5738 
f 2853//5739 2852//5739 2917//5739 
f 2853//5740 2918//5740 2878//5740 
f 2879//5741 2814//5741 2878//5741 
f 2879//5742 2880//5742 2815//5742 
f 2880//5743 2881//5743 2816//5743 
f 2882//5744 2817//5744 2881//5744 
f 2854//5745 2919//5745 2855//5745 
f 2856//5746 2855//5746 2920//5746 
f 2856//5747 2889//5747 2857//5747 
f 2889//5748 2826//5748 2857//5748 
f 2882//5749 2919//5749 2854//5749 
f 2819//5750 2884//5750 2883//5750 
f 2858//5751 2921//5751 2885//5751 
f 2886//5752 2921//5752 2858//5752 
f 2886//5753 2822//5753 2887//5753 
f 2887//5754 2823//5754 2883//5754 
f 2922//5755 2859//5755 2888//5755 
f 2923//5756 2860//5756 2859//5756 
f 2828//5757 2891//5757 2888//5757 
f 2889//5758 2924//5758 2861//5758 
f 2890//5759 2862//5759 2827//5759 
f 2924//5760 2890//5760 2861//5760 
f 2925//5761 2863//5761 2862//5761 
f 2864//5762 2863//5762 2926//5762 
f 2865//5763 2864//5763 2927//5763 
f 2928//5764 2866//5764 2865//5764 
f 2866//5765 2929//5765 2867//5765 
f 2930//5766 2891//5766 2867//5766 
f 2931//5767 2892//5767 2860//5767 
f 2932//5768 2868//5768 2892//5768 
f 2932//5769 2869//5769 2868//5769 
f 2869//5770 2933//5770 2870//5770 
f 2934//5771 2884//5771 2870//5771 
f 2893//5772 2894//5772 2831//5772 
f 2893//5773 2832//5773 2895//5773 
f 2894//5774 2896//5774 2833//5774 
f 2838//5775 2902//5775 2895//5775 
f 2834//5776 2896//5776 2897//5776 
f 2897//5777 2935//5777 2871//5777 
f 2872//5778 2871//5778 2936//5778 
f 2872//5779 2937//5779 2873//5779 
f 2898//5780 2899//5780 2835//5780 
f 2898//5781 2873//5781 2938//5781 
f 2899//5782 2900//5782 2836//5782 
f 2939//5783 2874//5783 2900//5783 
f 2939//5784 2901//5784 2874//5784 
f 2902//5785 2875//5785 2940//5785 
f 2885//5786 2940//5786 2875//5786 
f 2904//5787 2903//5787 2839//5787 
f 2905//5788 2840//5788 2903//5788 
f 2904//5789 2843//5789 2908//5789 
f 2905//5790 2906//5790 2841//5790 
f 2842//5791 2906//5791 2907//5791 
f 2907//5792 2909//5792 2844//5792 
f 2845//5793 2909//5793 2910//5793 
f 2876//5794 2910//5794 2941//5794 
f 2942//5795 2911//5795 2848//5795 
f 2912//5796 2846//5796 2911//5796 
f 2912//5797 2913//5797 2847//5797 
f 2849//5798 2913//5798 2908//5798 
f 2877//5799 2916//5799 2914//5799 
f 2942//5800 2848//5800 2914//5800 
f 2876//5801 2941//5801 2915//5801 
f 2915//5802 2916//5802 2850//5802 
f 2852//5803 2901//5803 2917//5803 
f 2853//5804 2917//5804 2918//5804 
f 2943//5805 2878//5805 2918//5805 
f 2879//5806 2878//5806 2943//5806 
f 2879//5807 2944//5807 2880//5807 
f 2945//5808 2881//5808 2880//5808 
f 2882//5809 2881//5809 2946//5809 
f 2920//5810 2855//5810 2919//5810 
f 2856//5811 2920//5811 2947//5811 
f 2856//5812 2947//5812 2889//5812 
f 2882//5813 2948//5813 2919//5813 
f 2887//5814 2883//5814 2884//5814 
f 2949//5815 2885//5815 2921//5815 
f 2886//5816 2934//5816 2921//5816 
f 2886//5817 2887//5817 2934//5817 
f 2923//5818 2859//5818 2922//5818 
f 2922//5819 2888//5819 2950//5819 
f 2923//5820 2931//5820 2860//5820 
f 2891//5821 2950//5821 2888//5821 
f 2889//5822 2947//5822 2924//5822 
f 2890//5823 2925//5823 2862//5823 
f 2924//5824 2951//5824 2890//5824 
f 2926//5825 2863//5825 2925//5825 
f 2927//5826 2864//5826 2926//5826 
f 2928//5827 2865//5827 2927//5827 
f 2928//5828 2929//5828 2866//5828 
f 2930//5829 2867//5829 2929//5829 
f 2930//5830 2952//5830 2891//5830 
f 2931//5831 2949//5831 2892//5831 
f 2932//5832 2892//5832 2949//5832 
f 2932//5833 2933//5833 2869//5833 
f 2934//5834 2870//5834 2933//5834 
f 2934//5835 2887//5835 2884//5835 
f 2893//5836 2953//5836 2894//5836 
f 2893//5837 2895//5837 2954//5837 
f 2894//5838 2955//5838 2896//5838 
f 2902//5839 2956//5839 2895//5839 
f 2957//5840 2897//5840 2896//5840 
f 2897//5841 2958//5841 2935//5841 
f 2936//5842 2871//5842 2935//5842 
f 2872//5843 2936//5843 2937//5843 
f 2937//5844 2938//5844 2873//5844 
f 2898//5845 2959//5845 2899//5845 
f 2960//5846 2898//5846 2938//5846 
f 2961//5847 2900//5847 2899//5847 
f 2962//5848 2939//5848 2900//5848 
f 2963//5849 2901//5849 2939//5849 
f 2964//5850 2902//5850 2940//5850 
f 2949//5851 2940//5851 2885//5851 
f 2965//5852 2903//5852 2904//5852 
f 2966//5853 2905//5853 2903//5853 
f 2967//5854 2904//5854 2908//5854 
f 2905//5855 2968//5855 2906//5855 
f 2907//5856 2906//5856 2969//5856 
f 2907//5857 2970//5857 2909//5857 
f 2971//5858 2910//5858 2909//5858 
f 2941//5859 2910//5859 2972//5859 
f 2942//5860 2973//5860 2911//5860 
f 2974//5861 2912//5861 2911//5861 
f 2975//5862 2913//5862 2912//5862 
f 2967//5863 2908//5863 2913//5863 
f 2916//5864 2976//5864 2914//5864 
f 2942//5865 2914//5865 2976//5865 
f 2941//5866 2977//5866 2915//5866 
f 2915//5867 2978//5867 2916//5867 
f 2963//5868 2917//5868 2901//5868 
f 2917//5869 2979//5869 2918//5869 
f 2943//5870 2918//5870 2980//5870 
f 2879//5871 2943//5871 2944//5871 
f 2945//5872 2880//5872 2944//5872 
f 2945//5873 2946//5873 2881//5873 
f 2882//5874 2946//5874 2948//5874 
f 2920//5875 2919//5875 2981//5875 
f 2920//5876 2981//5876 2947//5876 
f 2919//5877 2948//5877 2981//5877 
f 2949//5878 2921//5878 2933//5878 
f 2934//5879 2933//5879 2921//5879 
f 2923//5880 2922//5880 2982//5880 
f 2922//5881 2950//5881 2983//5881 
f 2923//5882 2964//5882 2931//5882 
f 2891//5883 2952//5883 2950//5883 
f 2924//5884 2947//5884 2984//5884 
f 2985//5885 2925//5885 2890//5885 
f 2924//5886 2984//5886 2951//5886 
f 2985//5887 2890//5887 2951//5887 
f 2986//5888 2926//5888 2925//5888 
f 2927//5889 2926//5889 2987//5889 
f 2928//5890 2927//5890 2988//5890 
f 2928//5891 2989//5891 2929//5891 
f 2930//5892 2929//5892 2989//5892 
f 2930//5893 2990//5893 2952//5893 
f 2931//5894 2940//5894 2949//5894 
f 2932//5895 2949//5895 2933//5895 
f 2893//5896 2954//5896 2953//5896 
f 2894//5897 2953//5897 2955//5897 
f 2954//5898 2895//5898 2956//5898 
f 2955//5899 2957//5899 2896//5899 
f 2964//5900 2956//5900 2902//5900 
f 2957//5901 2958//5901 2897//5901 
f 2991//5902 2935//5902 2958//5902 
f 2936//5903 2935//5903 2992//5903 
f 2936//5904 2993//5904 2937//5904 
f 2994//5905 2938//5905 2937//5905 
f 2960//5906 2959//5906 2898//5906 
f 2961//5907 2899//5907 2959//5907 
f 2960//5908 2938//5908 2995//5908 
f 2962//5909 2900//5909 2961//5909 
f 2962//5910 2996//5910 2939//5910 
f 2963//5911 2939//5911 2996//5911 
f 2931//5912 2964//5912 2940//5912 
f 2965//5913 2966//5913 2903//5913 
f 2967//5914 2965//5914 2904//5914 
f 2966//5915 2968//5915 2905//5915 
f 2969//5916 2906//5916 2968//5916 
f 2907//5917 2969//5917 2970//5917 
f 2971//5918 2909//5918 2970//5918 
f 2972//5919 2910//5919 2971//5919 
f 2941//5920 2972//5920 2977//5920 
f 2942//5921 2997//5921 2973//5921 
f 2974//5922 2911//5922 2973//5922 
f 2974//5923 2975//5923 2912//5923 
f 2975//5924 2967//5924 2913//5924 
f 2916//5925 2978//5925 2976//5925 
f 2942//5926 2976//5926 2997//5926 
f 2915//5927 2977//5927 2978//5927 
f 2963//5928 2998//5928 2917//5928 
f 2917//5929 2998//5929 2979//5929 
f 2980//5930 2918//5930 2979//5930 
f 2999//5931 2943//5931 2980//5931 
f 2999//5932 2944//5932 2943//5932 
f 3000//5933 2945//5933 2944//5933 
f 2945//5934 3001//5934 2946//5934 
f 3002//5935 2948//5935 2946//5935 
f 2947//5936 2981//5936 2984//5936 
f 2981//5937 2948//5937 3003//5937 
f 2922//5938 2983//5938 2982//5938 
f 2923//5939 2982//5939 2964//5939 
f 2952//5940 2983//5940 2950//5940 
f 2986//5941 2925//5941 2985//5941 
f 3004//5942 2951//5942 2984//5942 
f 2985//5943 2951//5943 3004//5943 
f 2986//5944 2987//5944 2926//5944 
f 2987//5945 3005//5945 2927//5945 
f 2988//5946 2927//5946 3005//5946 
f 2928//5947 2988//5947 2989//5947 
f 2930//5948 2989//5948 3006//5948 
f 2930//5949 3006//5949 2990//5949 
f 3007//5950 2952//5950 2990//5950 
f 2954//5951 3008//5951 2953//5951 
f 2955//5952 2953//5952 3009//5952 
f 2954//5953 2956//5953 3010//5953 
f 2955//5954 3011//5954 2957//5954 
f 2964//5955 2982//5955 2956//5955 
f 3012//5956 2958//5956 2957//5956 
f 2991//5957 2992//5957 2935//5957 
f 3013//5958 2991//5958 2958//5958 
f 2936//5959 2992//5959 2993//5959 
f 2994//5960 2937//5960 2993//5960 
f 2995//5961 2938//5961 2994//5961 
f 2960//5962 3014//5962 2959//5962 
f 2961//5963 2959//5963 3015//5963 
f 2960//5964 2995//5964 3016//5964 
f 3017//5965 2962//5965 2961//5965 
f 3018//5966 2996//5966 2962//5966 
f 2963//5967 2996//5967 3019//5967 
f 3020//5968 2966//5968 2965//5968 
f 2967//5969 3021//5969 2965//5969 
f 2966//5970 3022//5970 2968//5970 
f 3023//5971 2969//5971 2968//5971 
f 2969//5972 3024//5972 2970//5972 
f 2971//5973 2970//5973 3025//5973 
f 2972//5974 2971//5974 3026//5974 
f 3027//5975 2977//5975 2972//5975 
f 2997//5976 3028//5976 2973//5976 
f 2974//5977 2973//5977 3029//5977 
f 2974//5978 3030//5978 2975//5978 
f 2975//5979 3021//5979 2967//5979 
f 3031//5980 2976//5980 2978//5980 
f 2997//5981 2976//5981 3031//5981 
f 2977//5982 3032//5982 2978//5982 
f 2963//5983 3019//5983 2998//5983 
f 2998//5984 3033//5984 2979//5984 
f 2980//5985 2979//5985 3033//5985 
f 3034//5986 2999//5986 2980//5986 
f 3000//5987 2944//5987 2999//5987 
f 3000//5988 3001//5988 2945//5988 
f 3002//5989 2946//5989 3001//5989 
f 3002//5990 3003//5990 2948//5990 
f 2981//5991 3003//5991 2984//5991 
f 2983//5992 3010//5992 2982//5992 
f 3007//5993 2983//5993 2952//5993 
f 2986//5994 2985//5994 3035//5994 
f 3004//5995 2984//5995 3003//5995 
f 2985//5996 3004//5996 3035//5996 
f 2986//5997 3036//5997 2987//5997 
f 3005//5998 2987//5998 3036//5998 
f 3037//5999 2988//5999 3005//5999 
f 3038//6000 2989//6000 2988//6000 
f 3038//6001 3006//6001 2989//6001 
f 2990//6002 3006//6002 3039//6002 
f 3007//6003 2990//6003 3040//6003 
f 2954//6004 3010//6004 3008//6004 
f 3009//6005 2953//6005 3008//6005 
f 2955//6006 3009//6006 3011//6006 
f 2982//6007 3010//6007 2956//6007 
f 3041//6008 2957//6008 3011//6008 
f 3012//6009 3013//6009 2958//6009 
f 3012//6010 2957//6010 3041//6010 
f 2991//6011 3042//6011 2992//6011 
f 3013//6012 3043//6012 2991//6012 
f 3044//6013 2993//6013 2992//6013 
f 3045//6014 2994//6014 2993//6014 
f 2995//6015 2994//6015 3046//6015 
f 2960//6016 3016//6016 3014//6016 
f 3014//6017 3015//6017 2959//6017 
f 3017//6018 2961//6018 3015//6018 
f 3016//6019 2995//6019 3047//6019 
f 3017//6020 3018//6020 2962//6020 
f 3018//6021 3048//6021 2996//6021 
f 3048//6022 3019//6022 2996//6022 
f 3020//6023 3022//6023 2966//6023 
f 3020//6024 2965//6024 3021//6024 
f 3022//6025 3023//6025 2968//6025 
f 3023//6026 3024//6026 2969//6026 
f 3025//6027 2970//6027 3024//6027 
f 2971//6028 3025//6028 3026//6028 
f 2972//6029 3026//6029 3049//6029 
f 3027//6030 3032//6030 2977//6030 
f 3027//6031 2972//6031 3049//6031 
f 2997//6032 3050//6032 3028//6032 
f 3029//6033 2973//6033 3028//6033 
f 2974//6034 3029//6034 3030//6034 
f 2975//6035 3030//6035 3021//6035 
f 3031//6036 2978//6036 3032//6036 
f 2997//6037 3031//6037 3050//6037 
f 3019//6038 3051//6038 2998//6038 
f 3052//6039 3033//6039 2998//6039 
f 3034//6040 2980//6040 3033//6040 
f 3034//6041 3053//6041 2999//6041 
f 3000//6042 2999//6042 3053//6042 
f 3000//6043 3054//6043 3001//6043 
f 3055//6044 3002//6044 3001//6044 
f 3002//6045 3056//6045 3003//6045 
f 3007//6046 3010//6046 2983//6046 
f 2986//6047 3035//6047 3036//6047 
f 3004//6048 3003//6048 3056//6048 
f 3035//6049 3004//6049 3056//6049 
f 3057//6050 3005//6050 3036//6050 
f 3037//6051 3038//6051 2988//6051 
f 3037//6052 3005//6052 3057//6052 
f 3038//6053 3058//6053 3006//6053 
f 3058//6054 3039//6054 3006//6054 
f 2990//6055 3039//6055 3040//6055 
f 3007//6056 3040//6056 3008//6056 
f 3007//6057 3008//6057 3010//6057 
f 3009//6058 3008//6058 3040//6058 
f 3009//6059 3059//6059 3011//6059 
f 3041//6060 3011//6060 3060//6060 
f 3012//6061 3061//6061 3013//6061 
f 3012//6062 3041//6062 3062//6062 
f 2991//6063 3043//6063 3042//6063 
f 3044//6064 2992//6064 3042//6064 
f 3013//6065 3063//6065 3043//6065 
f 3045//6066 2993//6066 3044//6066 
f 3046//6067 2994//6067 3045//6067 
f 2995//6068 3046//6068 3047//6068 
f 3016//6069 3064//6069 3014//6069 
f 3065//6070 3015//6070 3014//6070 
f 3017//6071 3015//6071 3066//6071 
f 3067//6072 3016//6072 3047//6072 
f 3068//6073 3018//6073 3017//6073 
f 3069//6074 3048//6074 3018//6074 
f 3070//6075 3019//6075 3048//6075 
f 3020//6076 3071//6076 3022//6076 
f 3020//6077 3021//6077 3072//6077 
f 3022//6078 3073//6078 3023//6078 
f 3023//6079 3074//6079 3024//6079 
f 3075//6080 3025//6080 3024//6080 
f 3025//6081 3076//6081 3026//6081 
f 3077//6082 3049//6082 3026//6082 
f 3027//6083 3078//6083 3032//6083 
f 3027//6084 3049//6084 3079//6084 
f 3080//6085 3028//6085 3050//6085 
f 3029//6086 3028//6086 3081//6086 
f 3029//6087 3082//6087 3030//6087 
f 3021//6088 3030//6088 3072//6088 
f 3083//6089 3031//6089 3032//6089 
f 3083//6090 3050//6090 3031//6090 
f 3070//6091 3051//6091 3019//6091 
f 3052//6092 2998//6092 3051//6092 
f 3084//6093 3033//6093 3052//6093 
f 3034//6094 3033//6094 3084//6094 
f 3034//6095 3085//6095 3053//6095 
f 3000//6096 3053//6096 3086//6096 
f 3000//6097 3086//6097 3054//6097 
f 3055//6098 3001//6098 3054//6098 
f 3055//6099 3056//6099 3002//6099 
f 3035//6100 3087//6100 3036//6100 
f 3035//6101 3056//6101 3087//6101 
f 3057//6102 3036//6102 3087//6102 
f 3037//6103 3088//6103 3038//6103 
f 3037//6104 3057//6104 3089//6104 
f 3038//6105 3088//6105 3058//6105 
f 3058//6106 3090//6106 3039//6106 
f 3040//6107 3039//6107 3059//6107 
f 3009//6108 3040//6108 3059//6108 
f 3060//6109 3011//6109 3059//6109 
f 3041//6110 3060//6110 3091//6110 
f 3012//6111 3062//6111 3061//6111 
f 3013//6112 3061//6112 3063//6112 
f 3041//6113 3091//6113 3062//6113 
f 3043//6114 3092//6114 3042//6114 
f 3093//6115 3044//6115 3042//6115 
f 3094//6116 3043//6116 3063//6116 
f 3095//6117 3045//6117 3044//6117 
f 3096//6118 3046//6118 3045//6118 
f 3097//6119 3047//6119 3046//6119 
f 3067//6120 3064//6120 3016//6120 
f 3065//6121 3014//6121 3064//6121 
f 3065//6122 3066//6122 3015//6122 
f 3068//6123 3017//6123 3066//6123 
f 3067//6124 3047//6124 3098//6124 
f 3069//6125 3018//6125 3068//6125 
f 3069//6126 3099//6126 3048//6126 
f 3070//6127 3048//6127 3099//6127 
f 3020//6128 3072//6128 3071//6128 
f 3022//6129 3071//6129 3073//6129 
f 3023//6130 3073//6130 3074//6130 
f 3074//6131 3075//6131 3024//6131 
f 3075//6132 3076//6132 3025//6132 
f 3077//6133 3026//6133 3076//6133 
f 3100//6134 3049//6134 3077//6134 
f 3027//6135 3079//6135 3078//6135 
f 3083//6136 3032//6136 3078//6136 
f 3100//6137 3079//6137 3049//6137 
f 3081//6138 3028//6138 3080//6138 
f 3080//6139 3050//6139 3101//6139 
f 3029//6140 3081//6140 3082//6140 
f 3072//6141 3030//6141 3082//6141 
f 3083//6142 3101//6142 3050//6142 
f 3070//6143 3061//6143 3051//6143 
f 3062//6144 3052//6144 3051//6144 
f 3084//6145 3052//6145 3091//6145 
f 3034//6146 3084//6146 3085//6146 
f 3053//6147 3085//6147 3102//6147 
f 3086//6148 3053//6148 3102//6148 
f 3103//6149 3054//6149 3086//6149 
f 3055//6150 3054//6150 3103//6150 
f 3055//6151 3087//6151 3056//6151 
f 3103//6152 3057//6152 3087//6152 
f 3037//6153 3089//6153 3088//6153 
f 3103//6154 3089//6154 3057//6154 
f 3104//6155 3058//6155 3088//6155 
f 3104//6156 3090//6156 3058//6156 
f 3090//6157 3059//6157 3039//6157 
f 3060//6158 3059//6158 3090//6158 
f 3060//6159 3105//6159 3091//6159 
f 3061//6160 3062//6160 3051//6160 
f 3070//6161 3063//6161 3061//6161 
f 3062//6162 3091//6162 3052//6162 
f 3094//6163 3092//6163 3043//6163 
f 3093//6164 3042//6164 3092//6164 
f 3093//6165 3095//6165 3044//6165 
f 3099//6166 3094//6166 3063//6166 
f 3096//6167 3045//6167 3095//6167 
f 3096//6168 3097//6168 3046//6168 
f 3097//6169 3098//6169 3047//6169 
f 3067//6170 3106//6170 3064//6170 
f 3065//6171 3064//6171 3107//6171 
f 3065//6172 3108//6172 3066//6172 
f 3109//6173 3068//6173 3066//6173 
f 3067//6174 3098//6174 3110//6174 
f 3069//6175 3068//6175 3111//6175 
f 3069//6176 3112//6176 3099//6176 
f 3070//6177 3099//6177 3063//6177 
f 3113//6178 3071//6178 3072//6178 
f 3071//6179 3114//6179 3073//6179 
f 3073//6180 3115//6180 3074//6180 
f 3074//6181 3116//6181 3075//6181 
f 3075//6182 3117//6182 3076//6182 
f 3118//6183 3077//6183 3076//6183 
f 3100//6184 3077//6184 3118//6184 
f 3119//6185 3078//6185 3079//6185 
f 3083//6186 3078//6186 3120//6186 
f 3100//6187 3121//6187 3079//6187 
f 3081//6188 3080//6188 3122//6188 
f 3123//6189 3080//6189 3101//6189 
f 3081//6190 3124//6190 3082//6190 
f 3113//6191 3072//6191 3082//6191 
f 3083//6192 3120//6192 3101//6192 
f 3084//6193 3091//6193 3105//6193 
f 3084//6194 3105//6194 3085//6194 
f 3104//6195 3102//6195 3085//6195 
f 3086//6196 3102//6196 3089//6196 
f 3103//6197 3086//6197 3089//6197 
f 3055//6198 3103//6198 3087//6198 
f 3102//6199 3088//6199 3089//6199 
f 3104//6200 3088//6200 3102//6200 
f 3104//6201 3105//6201 3090//6201 
f 3060//6202 3090//6202 3105//6202 
f 3125//6203 3092//6203 3094//6203 
f 3126//6204 3093//6204 3092//6204 
f 3127//6205 3095//6205 3093//6205 
f 3112//6206 3094//6206 3099//6206 
f 3096//6207 3095//6207 3128//6207 
f 3096//6208 3129//6208 3097//6208 
f 3097//6209 3130//6209 3098//6209 
f 3067//6210 3110//6210 3106//6210 
f 3064//6211 3106//6211 3107//6211 
f 3065//6212 3107//6212 3108//6212 
f 3109//6213 3066//6213 3108//6213 
f 3111//6214 3068//6214 3109//6214 
f 3131//6215 3110//6215 3098//6215 
f 3069//6216 3111//6216 3112//6216 
f 3113//6217 3114//6217 3071//6217 
f 3073//6218 3114//6218 3115//6218 
f 3074//6219 3115//6219 3116//6219 
f 3075//6220 3116//6220 3117//6220 
f 3118//6221 3076//6221 3117//6221 
f 3100//6222 3118//6222 3132//6222 
f 3119//6223 3120//6223 3078//6223 
f 3119//6224 3079//6224 3121//6224 
f 3100//6225 3132//6225 3121//6225 
f 3123//6226 3122//6226 3080//6226 
f 3081//6227 3122//6227 3124//6227 
f 3123//6228 3101//6228 3133//6228 
f 3113//6229 3082//6229 3124//6229 
f 3101//6230 3120//6230 3133//6230 
f 3104//6231 3085//6231 3105//6231 
f 3126//6232 3092//6232 3125//6232 
f 3112//6233 3125//6233 3094//6233 
f 3126//6234 3134//6234 3093//6234 
f 3128//6235 3095//6235 3127//6235 
f 3134//6236 3127//6236 3093//6236 
f 3096//6237 3128//6237 3129//6237 
f 3129//6238 3130//6238 3097//6238 
f 3131//6239 3098//6239 3130//6239 
f 3106//6240 3110//6240 3135//6240 
f 3136//6241 3107//6241 3106//6241 
f 3107//6242 3137//6242 3108//6242 
f 3109//6243 3108//6243 3138//6243 
f 3111//6244 3109//6244 3139//6244 
f 3131//6245 3140//6245 3110//6245 
f 3111//6246 3141//6246 3112//6246 
f 3113//6247 3142//6247 3114//6247 
f 3114//6248 3143//6248 3115//6248 
f 3144//6249 3116//6249 3115//6249 
f 3145//6250 3117//6250 3116//6250 
f 3118//6251 3117//6251 3146//6251 
f 3118//6252 3147//6252 3132//6252 
f 3119//6253 3148//6253 3120//6253 
f 3119//6254 3121//6254 3149//6254 
f 3150//6255 3121//6255 3132//6255 
f 3123//6256 3151//6256 3122//6256 
f 3152//6257 3124//6257 3122//6257 
f 3153//6258 3123//6258 3133//6258 
f 3113//6259 3124//6259 3142//6259 
f 3148//6260 3133//6260 3120//6260 
f 3154//6261 3126//6261 3125//6261 
f 3141//6262 3125//6262 3112//6262 
f 3126//6263 3155//6263 3134//6263 
f 3128//6264 3127//6264 3156//6264 
f 3157//6265 3127//6265 3134//6265 
f 3129//6266 3128//6266 3158//6266 
f 3129//6267 3159//6267 3130//6267 
f 3160//6268 3131//6268 3130//6268 
f 3140//6269 3135//6269 3110//6269 
f 3136//6270 3106//6270 3135//6270 
f 3136//6271 3137//6271 3107//6271 
f 3138//6272 3108//6272 3137//6272 
f 3109//6273 3138//6273 3139//6273 
f 3111//6274 3139//6274 3141//6274 
f 3131//6275 3161//6275 3140//6275 
f 3142//6276 3143//6276 3114//6276 
f 3144//6277 3115//6277 3143//6277 
f 3145//6278 3116//6278 3144//6278 
f 3145//6279 3146//6279 3117//6279 
f 3118//6280 3146//6280 3147//6280 
f 3162//6281 3132//6281 3147//6281 
f 3119//6282 3149//6282 3148//6282 
f 3150//6283 3149//6283 3121//6283 
f 3162//6284 3150//6284 3132//6284 
f 3153//6285 3151//6285 3123//6285 
f 3152//6286 3122//6286 3151//6286 
f 3142//6287 3124//6287 3152//6287 
f 3153//6288 3133//6288 3163//6288 
f 3148//6289 3163//6289 3133//6289 
f 3154//6290 3155//6290 3126//6290 
f 3141//6291 3154//6291 3125//6291 
f 3157//6292 3134//6292 3155//6292 
f 3157//6293 3156//6293 3127//6293 
f 3128//6294 3156//6294 3158//6294 
f 3129//6295 3158//6295 3159//6295 
f 3160//6296 3130//6296 3159//6296 
f 3160//6297 3161//6297 3131//6297 
f 3164//6298 3135//6298 3140//6298 
f 3165//6299 3136//6299 3135//6299 
f 3136//6300 3166//6300 3137//6300 
f 3138//6301 3137//6301 3167//6301 
f 3168//6302 3139//6302 3138//6302 
f 3169//6303 3141//6303 3139//6303 
f 3140//6304 3161//6304 3170//6304 
f 3142//6305 3171//6305 3143//6305 
f 3172//6306 3144//6306 3143//6306 
f 3173//6307 3145//6307 3144//6307 
f 3145//6308 3174//6308 3146//6308 
f 3146//6309 3175//6309 3147//6309 
f 3162//6310 3147//6310 3176//6310 
f 3148//6311 3149//6311 3177//6311 
f 3178//6312 3149//6312 3150//6312 
f 3162//6313 3179//6313 3150//6313 
f 3153//6314 3180//6314 3151//6314 
f 3152//6315 3151//6315 3181//6315 
f 3142//6316 3152//6316 3171//6316 
f 3153//6317 3163//6317 3182//6317 
f 3148//6318 3177//6318 3163//6318 
f 3154//6319 3183//6319 3155//6319 
f 3169//6320 3154//6320 3141//6320 
f 3157//6321 3155//6321 3184//6321 
f 3157//6322 3185//6322 3156//6322 
f 3186//6323 3158//6323 3156//6323 
f 3159//6324 3158//6324 3187//6324 
f 3160//6325 3159//6325 3188//6325 
f 3189//6326 3161//6326 3160//6326 
f 3164//6327 3165//6327 3135//6327 
f 3164//6328 3140//6328 3170//6328 
f 3165//6329 3166//6329 3136//6329 
f 3167//6330 3137//6330 3166//6330 
f 3168//6331 3138//6331 3167//6331 
f 3169//6332 3139//6332 3168//6332 
f 3190//6333 3170//6333 3161//6333 
f 3171//6334 3172//6334 3143//6334 
f 3172//6335 3173//6335 3144//6335 
f 3173//6336 3174//6336 3145//6336 
f 3146//6337 3174//6337 3175//6337 
f 3176//6338 3147//6338 3175//6338 
f 3162//6339 3176//6339 3179//6339 
f 3178//6340 3177//6340 3149//6340 
f 3179//6341 3178//6341 3150//6341 
f 3153//6342 3182//6342 3180//6342 
f 3181//6343 3151//6343 3180//6343 
f 3152//6344 3181//6344 3171//6344 
f 3182//6345 3163//6345 3191//6345 
f 3163//6346 3177//6346 3191//6346 
f 3169//6347 3183//6347 3154//6347 
f 3183//6348 3184//6348 3155//6348 
f 3157//6349 3184//6349 3185//6349 
f 3186//6350 3156//6350 3185//6350 
f 3186//6351 3187//6351 3158//6351 
f 3188//6352 3159//6352 3187//6352 
f 3189//6353 3160//6353 3188//6353 
f 3189//6354 3190//6354 3161//6354 
f 3164//6355 3192//6355 3165//6355 
f 3164//6356 3170//6356 3193//6356 
f 3165//6357 3194//6357 3166//6357 
f 3167//6358 3166//6358 3195//6358 
f 3168//6359 3167//6359 3196//6359 
f 3169//6360 3168//6360 3197//6360 
f 3190//6361 3198//6361 3170//6361 
f 3171//6362 3199//6362 3172//6362 
f 3172//6363 3200//6363 3173//6363 
f 3201//6364 3174//6364 3173//6364 
f 3174//6365 3202//6365 3175//6365 
f 3176//6366 3175//6366 3203//6366 
f 3176//6367 3204//6367 3179//6367 
f 3178//6368 3205//6368 3177//6368 
f 3179//6369 3206//6369 3178//6369 
f 3182//6370 3207//6370 3180//6370 
f 3181//6371 3180//6371 3208//6371 
f 3181//6372 3199//6372 3171//6372 
f 3182//6373 3191//6373 3209//6373 
f 3177//6374 3205//6374 3191//6374 
f 3169//6375 3197//6375 3183//6375 
f 3183//6376 3210//6376 3184//6376 
f 3185//6377 3184//6377 3211//6377 
f 3212//6378 3186//6378 3185//6378 
f 3186//6379 3213//6379 3187//6379 
f 3188//6380 3187//6380 3214//6380 
f 3189//6381 3188//6381 3215//6381 
f 3189//6382 3216//6382 3190//6382 
f 3164//6383 3193//6383 3192//6383 
f 3165//6384 3192//6384 3194//6384 
f 3193//6385 3170//6385 3198//6385 
f 3194//6386 3195//6386 3166//6386 
f 3167//6387 3195//6387 3196//6387 
f 3168//6388 3196//6388 3197//6388 
f 3190//6389 3217//6389 3198//6389 
f 3172//6390 3199//6390 3200//6390 
f 3201//6391 3173//6391 3200//6391 
f 3201//6392 3202//6392 3174//6392 
f 3175//6393 3202//6393 3203//6393 
f 3176//6394 3203//6394 3204//6394 
f 3179//6395 3204//6395 3206//6395 
f 3178//6396 3206//6396 3205//6396 
f 3182//6397 3209//6397 3207//6397 
f 3180//6398 3207//6398 3208//6398 
f 3181//6399 3208//6399 3199//6399 
f 3191//6400 3218//6400 3209//6400 
f 3191//6401 3205//6401 3218//6401 
f 3183//6402 3197//6402 3210//6402 
f 3184//6403 3210//6403 3211//6403 
f 3212//6404 3185//6404 3211//6404 
f 3212//6405 3213//6405 3186//6405 
f 3214//6406 3187//6406 3213//6406 
f 3188//6407 3214//6407 3215//6407 
f 3189//6408 3215//6408 3216//6408 
f 3190//6409 3216//6409 3217//6409 
f 3192//6410 3193//6410 3219//6410 
f 3194//6411 3192//6411 3220//6411 
f 3193//6412 3198//6412 3221//6412 
f 3194//6413 3222//6413 3195//6413 
f 3223//6414 3196//6414 3195//6414 
f 3196//6415 3224//6415 3197//6415 
f 3225//6416 3198//6416 3217//6416 
f 3199//6417 3226//6417 3200//6417 
f 3201//6418 3200//6418 3227//6418 
f 3201//6419 3228//6419 3202//6419 
f 3229//6420 3203//6420 3202//6420 
f 3204//6421 3203//6421 3229//6421 
f 3230//6422 3206//6422 3204//6422 
f 3206//6423 3231//6423 3205//6423 
f 3232//6424 3207//6424 3209//6424 
f 3208//6425 3207//6425 3226//6425 
f 3208//6426 3226//6426 3199//6426 
f 3232//6427 3209//6427 3218//6427 
f 3231//6428 3218//6428 3205//6428 
f 3197//6429 3224//6429 3210//6429 
f 3233//6430 3211//6430 3210//6430 
f 3212//6431 3211//6431 3234//6431 
f 3212//6432 3235//6432 3213//6432 
f 3236//6433 3214//6433 3213//6433 
f 3215//6434 3214//6434 3237//6434 
f 3215//6435 3238//6435 3216//6435 
f 3239//6436 3217//6436 3216//6436 
f 3193//6437 3221//6437 3219//6437 
f 3192//6438 3219//6438 3220//6438 
f 3194//6439 3220//6439 3222//6439 
f 3225//6440 3221//6440 3198//6440 
f 3223//6441 3195//6441 3222//6441 
f 3223//6442 3224//6442 3196//6442 
f 3240//6443 3225//6443 3217//6443 
f 3227//6444 3200//6444 3226//6444 
f 3201//6445 3227//6445 3228//6445 
f 3229//6446 3202//6446 3228//6446 
f 3230//6447 3204//6447 3229//6447 
f 3230//6448 3231//6448 3206//6448 
f 3232//6449 3226//6449 3207//6449 
f 3232//6450 3218//6450 3241//6450 
f 3231//6451 3241//6451 3218//6451 
f 3233//6452 3210//6452 3224//6452 
f 3234//6453 3211//6453 3233//6453 
f 3212//6454 3234//6454 3235//6454 
f 3236//6455 3213//6455 3235//6455 
f 3236//6456 3237//6456 3214//6456 
f 3215//6457 3237//6457 3238//6457 
f 3239//6458 3216//6458 3238//6458 
f 3239//6459 3240//6459 3217//6459 
f 3219//6460 3221//6460 3242//6460 
f 3220//6461 3219//6461 3243//6461 
f 3220//6462 3244//6462 3222//6462 
f 3225//6463 3245//6463 3221//6463 
f 3246//6464 3223//6464 3222//6464 
f 3223//6465 3247//6465 3224//6465 
f 3240//6466 3248//6466 3225//6466 
f 3232//6467 3227//6467 3226//6467 
f 3227//6468 3241//6468 3228//6468 
f 3249//6469 3229//6469 3228//6469 
f 3249//6470 3230//6470 3229//6470 
f 3249//6471 3231//6471 3230//6471 
f 3232//6472 3241//6472 3227//6472 
f 3249//6473 3241//6473 3231//6473 
f 3233//6474 3224//6474 3247//6474 
f 3250//6475 3234//6475 3233//6475 
f 3234//6476 3251//6476 3235//6476 
f 3236//6477 3235//6477 3252//6477 
f 3236//6478 3253//6478 3237//6478 
f 3254//6479 3238//6479 3237//6479 
f 3239//6480 3238//6480 3255//6480 
f 3239//6481 3256//6481 3240//6481 
f 3245//6482 3242//6482 3221//6482 
f 3219//6483 3242//6483 3243//6483 
f 3220//6484 3243//6484 3244//6484 
f 3246//6485 3222//6485 3244//6485 
f 3248//6486 3245//6486 3225//6486 
f 3246//6487 3247//6487 3223//6487 
f 3240//6488 3257//6488 3248//6488 
f 3249//6489 3228//6489 3241//6489 
f 3250//6490 3233//6490 3247//6490 
f 3250//6491 3251//6491 3234//6491 
f 3252//6492 3235//6492 3251//6492 
f 3236//6493 3252//6493 3253//6493 
f 3253//6494 3254//6494 3237//6494 
f 3254//6495 3255//6495 3238//6495 
f 3239//6496 3255//6496 3256//6496 
f 3240//6497 3256//6497 3257//6497 
f 3258//6498 3242//6498 3245//6498 
f 3259//6499 3243//6499 3242//6499 
f 3244//6500 3243//6500 3260//6500 
f 3246//6501 3244//6501 3261//6501 
f 3248//6502 3262//6502 3245//6502 
f 3246//6503 3263//6503 3247//6503 
f 3248//6504 3257//6504 3264//6504 
f 3263//6505 3250//6505 3247//6505 
f 3250//6506 3265//6506 3251//6506 
f 3252//6507 3251//6507 3266//6507 
f 3252//6508 3267//6508 3253//6508 
f 3253//6509 3268//6509 3254//6509 
f 3254//6510 3269//6510 3255//6510 
f 3255//6511 3269//6511 3256//6511 
f 3270//6512 3257//6512 3256//6512 
f 3258//6513 3259//6513 3242//6513 
f 3258//6514 3245//6514 3262//6514 
f 3259//6515 3260//6515 3243//6515 
f 3261//6516 3244//6516 3260//6516 
f 3246//6517 3261//6517 3263//6517 
f 3248//6518 3264//6518 3262//6518 
f 3264//6519 3257//6519 3271//6519 
f 3263//6520 3265//6520 3250//6520 
f 3266//6521 3251//6521 3265//6521 
f 3252//6522 3266//6522 3267//6522 
f 3253//6523 3267//6523 3268//6523 
f 3268//6524 3269//6524 3254//6524 
f 3270//6525 3256//6525 3269//6525 
f 3270//6526 3271//6526 3257//6526 
f 3258//6527 3272//6527 3259//6527 
f 3258//6528 3262//6528 3273//6528 
f 3259//6529 3274//6529 3260//6529 
f 3261//6530 3260//6530 3275//6530 
f 3263//6531 3261//6531 3276//6531 
f 3264//6532 3277//6532 3262//6532 
f 3278//6533 3264//6533 3271//6533 
f 3263//6534 3276//6534 3265//6534 
f 3279//6535 3266//6535 3265//6535 
f 3280//6536 3267//6536 3266//6536 
f 3281//6537 3268//6537 3267//6537 
f 3268//6538 3282//6538 3269//6538 
f 3270//6539 3269//6539 3282//6539 
f 3270//6540 3283//6540 3271//6540 
f 3258//6541 3273//6541 3272//6541 
f 3272//6542 3274//6542 3259//6542 
f 3277//6543 3273//6543 3262//6543 
f 3275//6544 3260//6544 3274//6544 
f 3261//6545 3275//6545 3276//6545 
f 3278//6546 3277//6546 3264//6546 
f 3283//6547 3278//6547 3271//6547 
f 3279//6548 3265//6548 3276//6548 
f 3280//6549 3266//6549 3279//6549 
f 3281//6550 3267//6550 3280//6550 
f 3281//6551 3282//6551 3268//6551 
f 3270//6552 3282//6552 3283//6552 
f 3284//6553 3272//6553 3273//6553 
f 3285//6554 3274//6554 3272//6554 
f 3286//6555 3273//6555 3277//6555 
f 3275//6556 3274//6556 3287//6556 
f 3288//6557 3276//6557 3275//6557 
f 3278//6558 3289//6558 3277//6558 
f 3283//6559 3290//6559 3278//6559 
f 3279//6560 3276//6560 3288//6560 
f 3291//6561 3280//6561 3279//6561 
f 3281//6562 3280//6562 3292//6562 
f 3281//6563 3293//6563 3282//6563 
f 3283//6564 3282//6564 3293//6564 
f 3285//6565 3272//6565 3284//6565 
f 3284//6566 3273//6566 3286//6566 
f 3285//6567 3287//6567 3274//6567 
f 3289//6568 3286//6568 3277//6568 
f 3288//6569 3275//6569 3287//6569 
f 3278//6570 3290//6570 3289//6570 
f 3283//6571 3293//6571 3290//6571 
f 3291//6572 3279//6572 3288//6572 
f 3291//6573 3292//6573 3280//6573 
f 3281//6574 3292//6574 3293//6574 
f 3285//6575 3284//6575 3294//6575 
f 3284//6576 3286//6576 3295//6576 
f 3285//6577 3296//6577 3287//6577 
f 3289//6578 3297//6578 3286//6578 
f 3288//6579 3287//6579 3298//6579 
f 3289//6580 3290//6580 3297//6580 
f 3293//6581 3299//6581 3290//6581 
f 3291//6582 3288//6582 3298//6582 
f 3300//6583 3292//6583 3291//6583 
f 3292//6584 3299//6584 3293//6584 
f 3284//6585 3295//6585 3294//6585 
f 3285//6586 3294//6586 3296//6586 
f 3295//6587 3286//6587 3297//6587 
f 3296//6588 3298//6588 3287//6588 
f 3297//6589 3290//6589 3299//6589 
f 3300//6590 3291//6590 3298//6590 
f 3300//6591 3299//6591 3292//6591 
f 3295//6592 3301//6592 3294//6592 
f 3296//6593 3294//6593 3301//6593 
f 3295//6594 3297//6594 3301//6594 
f 3300//6595 3298//6595 3296//6595 
f 3297//6596 3299//6596 3301//6596 
f 3300//6597 3301//6597 3299//6597 
f 3300//6598 3296//6598 3301//6598 
